qID,video,ood,clinical,primary,answer_format,latency,timed_out,correctness
11350,0000 - Laparoscopic Cholecystectomy.mp4,False,False,object_identification,fo_class,0.31024470611009747,False,False
11515,0000 - Laparoscopic Cholecystectomy.mp4,False,False,object_identification,fo_class,0.31024470611009747,False,False
11487,0000 - Laparoscopic Cholecystectomy.mp4,False,False,object_identification,fo_class,0.31024470611009747,False,False
12863,0000 - Laparoscopic Cholecystectomy.mp4,False,False,object_identification,fo_class,0.31024470611009747,False,False
13334,0000 - Laparoscopic Cholecystectomy.mp4,False,False,object_identification,fo_class,0.31024470611009747,False,True
13312,0000 - Laparoscopic Cholecystectomy.mp4,False,False,object_identification,fo_class,0.31024470611009747,False,False
30966,0000 - Laparoscopic Cholecystectomy.mp4,False,False,object_identification,fo_class,0.31024470611009747,False,False
30964,0000 - Laparoscopic Cholecystectomy.mp4,False,False,object_identification,fo_class,0.31024470611009747,False,False
5023651,0000 - Laparoscopic Cholecystectomy.mp4,False,False,object_attributes,open_ended,0.2526246463821735,False,False
5023653,0000 - Laparoscopic Cholecystectomy.mp4,False,False,object_attributes,open_ended,0.2526246463821735,False,True
27668,0000 - Laparoscopic Cholecystectomy.mp4,False,False,spatial_localization_camera,open_ended,0.2526246463821735,False,False
43378,0000 - Laparoscopic Cholecystectomy.mp4,False,False,spatial_localization_camera,multiple_choice,0.2526246463821735,False,True
43377,0000 - Laparoscopic Cholecystectomy.mp4,False,False,spatial_localization_camera,multiple_choice,0.2526246463821735,False,False
15976,0000 - Laparoscopic Cholecystectomy.mp4,False,False,object_aggregation,number,0.2526246463821735,False,False
15979,0000 - Laparoscopic Cholecystectomy.mp4,False,False,object_aggregation,number,0.2526246463821735,False,False
15997,0000 - Laparoscopic Cholecystectomy.mp4,False,False,object_aggregation,number,0.2526246463821735,False,False
16121,0000 - Laparoscopic Cholecystectomy.mp4,False,False,object_aggregation,number,0.23555175474029966,False,False
16155,0000 - Laparoscopic Cholecystectomy.mp4,False,False,object_aggregation,number,0.23555175474029966,False,False
16113,0000 - Laparoscopic Cholecystectomy.mp4,False,False,object_aggregation,number,0.23555175474029966,False,False
16466,0000 - Laparoscopic Cholecystectomy.mp4,False,False,object_aggregation,number,0.23555175474029966,False,False
17550,0000 - Laparoscopic Cholecystectomy.mp4,False,False,object_aggregation,number,0.23555175474029966,False,False
17554,0000 - Laparoscopic Cholecystectomy.mp4,False,False,object_aggregation,number,0.23555175474029966,False,False
17571,0000 - Laparoscopic Cholecystectomy.mp4,False,False,object_aggregation,number,0.23555175474029966,False,False
17679,0000 - Laparoscopic Cholecystectomy.mp4,False,False,object_aggregation,number,0.23555175474029966,False,False
17721,0000 - Laparoscopic Cholecystectomy.mp4,False,False,object_aggregation,number,0.23162090111873113,False,False
17685,0000 - Laparoscopic Cholecystectomy.mp4,False,False,object_aggregation,number,0.23162090111873113,False,False
21327,0000 - Laparoscopic Cholecystectomy.mp4,False,False,object_aggregation,binary,0.23162090111873113,False,True
28731,0000 - Laparoscopic Cholecystectomy.mp4,False,False,object_aggregation,binary,0.23162090111873113,False,True
11366,0000 - Laparoscopic Cholecystectomy.mp4,False,False,object_identification,fo_class,0.23162090111873113,False,False
11517,0000 - Laparoscopic Cholecystectomy.mp4,False,False,object_identification,fo_class,0.23162090111873113,False,True
11406,0000 - Laparoscopic Cholecystectomy.mp4,False,False,object_identification,fo_class,0.23162090111873113,False,True
12956,0000 - Laparoscopic Cholecystectomy.mp4,False,False,object_identification,fo_class,0.23162090111873113,False,True
13341,0000 - Laparoscopic Cholecystectomy.mp4,False,False,object_identification,fo_class,0.23744869226356968,False,True
13271,0000 - Laparoscopic Cholecystectomy.mp4,False,False,object_identification,fo_class,0.23744869226356968,False,False
30979,0000 - Laparoscopic Cholecystectomy.mp4,False,False,object_identification,fo_class,0.23744869226356968,False,True
31011,0000 - Laparoscopic Cholecystectomy.mp4,False,False,object_identification,fo_class,0.23744869226356968,False,True
5023656,0000 - Laparoscopic Cholecystectomy.mp4,False,False,object_attributes,open_ended,0.23744869226356968,False,False
5023652,0000 - Laparoscopic Cholecystectomy.mp4,False,False,object_attributes,open_ended,0.23744869226356968,False,True
27669,0000 - Laparoscopic Cholecystectomy.mp4,False,False,spatial_localization_camera,open_ended,0.23744869226356968,False,False
16178,0000 - Laparoscopic Cholecystectomy.mp4,False,False,object_aggregation,number,0.23744869226356968,False,False
16063,0000 - Laparoscopic Cholecystectomy.mp4,False,False,object_aggregation,number,0.22635530651314184,False,False
16100,0000 - Laparoscopic Cholecystectomy.mp4,False,False,object_aggregation,number,0.22635530651314184,False,False
16277,0000 - Laparoscopic Cholecystectomy.mp4,False,False,object_aggregation,number,0.22635530651314184,False,False
16228,0000 - Laparoscopic Cholecystectomy.mp4,False,False,object_aggregation,number,0.22635530651314184,False,False
16115,0000 - Laparoscopic Cholecystectomy.mp4,False,False,object_aggregation,number,0.22635530651314184,False,False
16544,0000 - Laparoscopic Cholecystectomy.mp4,False,False,object_aggregation,number,0.22635530651314184,False,True
17751,0000 - Laparoscopic Cholecystectomy.mp4,False,False,object_aggregation,number,0.22635530651314184,False,False
17653,0000 - Laparoscopic Cholecystectomy.mp4,False,False,object_aggregation,number,0.22635530651314184,False,False
17635,0000 - Laparoscopic Cholecystectomy.mp4,False,False,object_aggregation,number,0.23191230374504812,False,False
17809,0000 - Laparoscopic Cholecystectomy.mp4,False,False,object_aggregation,number,0.23191230374504812,False,False
17788,0000 - Laparoscopic Cholecystectomy.mp4,False,False,object_aggregation,number,0.23191230374504812,False,False
17690,0000 - Laparoscopic Cholecystectomy.mp4,False,False,object_aggregation,number,0.23191230374504812,False,False
20964,0000 - Laparoscopic Cholecystectomy.mp4,False,False,object_aggregation,binary,0.23191230374504812,False,True
28862,0000 - Laparoscopic Cholecystectomy.mp4,False,False,object_aggregation,binary,0.23191230374504812,False,True
11391,0000 - Laparoscopic Cholecystectomy.mp4,False,False,object_identification,fo_class,0.23191230374504812,False,False
11514,0000 - Laparoscopic Cholecystectomy.mp4,False,False,object_identification,fo_class,0.23191230374504812,False,True
11492,0000 - Laparoscopic Cholecystectomy.mp4,False,False,object_identification,fo_class,0.23984463713713922,False,False
13101,0000 - Laparoscopic Cholecystectomy.mp4,False,False,object_identification,fo_class,0.23984463713713922,False,False
13333,0000 - Laparoscopic Cholecystectomy.mp4,False,False,object_identification,fo_class,0.23984463713713922,False,True
13289,0000 - Laparoscopic Cholecystectomy.mp4,False,False,object_identification,fo_class,0.23984463713713922,False,False
30996,0000 - Laparoscopic Cholecystectomy.mp4,False,False,object_identification,fo_class,0.23984463713713922,False,False
5023660,0000 - Laparoscopic Cholecystectomy.mp4,False,False,object_attributes,open_ended,0.23984463713713922,False,True
27687,0000 - Laparoscopic Cholecystectomy.mp4,False,False,spatial_localization_camera,open_ended,0.23984463713713922,False,False
16213,0000 - Laparoscopic Cholecystectomy.mp4,False,False,object_aggregation,number,0.23984463713713922,False,False
16246,0000 - Laparoscopic Cholecystectomy.mp4,False,False,object_aggregation,number,0.2280394426197745,False,False
16218,0000 - Laparoscopic Cholecystectomy.mp4,False,False,object_aggregation,number,0.2280394426197745,False,False
16380,0000 - Laparoscopic Cholecystectomy.mp4,False,False,object_aggregation,number,0.2280394426197745,False,False
16132,0000 - Laparoscopic Cholecystectomy.mp4,False,False,object_aggregation,number,0.2280394426197745,False,False
16108,0000 - Laparoscopic Cholecystectomy.mp4,False,False,object_aggregation,number,0.2280394426197745,False,False
16771,0000 - Laparoscopic Cholecystectomy.mp4,False,False,object_aggregation,number,0.2280394426197745,False,False
17822,0000 - Laparoscopic Cholecystectomy.mp4,False,False,object_aggregation,number,0.2280394426197745,False,False
17764,0000 - Laparoscopic Cholecystectomy.mp4,False,False,object_aggregation,number,0.2280394426197745,False,False
17792,0000 - Laparoscopic Cholecystectomy.mp4,False,False,object_aggregation,number,0.23407426124322228,False,False
17948,0000 - Laparoscopic Cholecystectomy.mp4,False,False,object_aggregation,number,0.23407426124322228,False,False
17720,0000 - Laparoscopic Cholecystectomy.mp4,False,False,object_aggregation,number,0.23407426124322228,False,False
17684,0000 - Laparoscopic Cholecystectomy.mp4,False,False,object_aggregation,number,0.23407426124322228,False,False
21259,0000 - Laparoscopic Cholecystectomy.mp4,False,False,object_aggregation,binary,0.23407426124322228,False,False
28940,0000 - Laparoscopic Cholecystectomy.mp4,False,False,object_aggregation,binary,0.23407426124322228,False,True
11399,0000 - Laparoscopic Cholecystectomy.mp4,False,False,object_identification,fo_class,0.23407426124322228,False,False
11508,0000 - Laparoscopic Cholecystectomy.mp4,False,False,object_identification,fo_class,0.23407426124322228,False,True
126958,0004 - Laparoscopic Cholecystectomy.mp4,False,False,object_identification,fo_class,0.24514256938709877,False,False
127027,0004 - Laparoscopic Cholecystectomy.mp4,False,False,object_identification,fo_class,0.24514256938709877,False,False
127053,0004 - Laparoscopic Cholecystectomy.mp4,False,False,object_identification,fo_class,0.24514256938709877,False,False
127018,0004 - Laparoscopic Cholecystectomy.mp4,False,False,object_identification,fo_class,0.24514256938709877,False,False
126971,0004 - Laparoscopic Cholecystectomy.mp4,False,False,object_identification,fo_class,0.24514256938709877,False,False
134004,0004 - Laparoscopic Cholecystectomy.mp4,False,False,object_identification,fo_class,0.24514256938709877,False,True
134183,0004 - Laparoscopic Cholecystectomy.mp4,False,False,object_identification,fo_class,0.24514256938709877,False,False
134113,0004 - Laparoscopic Cholecystectomy.mp4,False,False,object_identification,fo_class,0.24514256938709877,False,True
134099,0004 - Laparoscopic Cholecystectomy.mp4,False,False,object_identification,fo_class,0.2256675828830339,False,False
134147,0004 - Laparoscopic Cholecystectomy.mp4,False,False,object_identification,fo_class,0.2256675828830339,False,False
136428,0004 - Laparoscopic Cholecystectomy.mp4,False,False,object_identification,fo_class,0.2256675828830339,False,True
136867,0004 - Laparoscopic Cholecystectomy.mp4,False,False,object_identification,fo_class,0.2256675828830339,False,False
136534,0004 - Laparoscopic Cholecystectomy.mp4,False,False,object_identification,fo_class,0.2256675828830339,False,False
136563,0004 - Laparoscopic Cholecystectomy.mp4,False,False,object_identification,fo_class,0.2256675828830339,False,False
136708,0004 - Laparoscopic Cholecystectomy.mp4,False,False,object_identification,fo_class,0.2256675828830339,False,False
136709,0004 - Laparoscopic Cholecystectomy.mp4,False,False,object_identification,fo_class,0.2256675828830339,False,True
136825,0004 - Laparoscopic Cholecystectomy.mp4,False,False,object_identification,fo_class,0.23590810364112258,False,False
136870,0004 - Laparoscopic Cholecystectomy.mp4,False,False,object_identification,fo_class,0.23590810364112258,False,False
136408,0004 - Laparoscopic Cholecystectomy.mp4,False,False,object_identification,fo_class,0.23590810364112258,False,False
136579,0004 - Laparoscopic Cholecystectomy.mp4,False,False,object_identification,fo_class,0.23590810364112258,False,True
168337,0004 - Laparoscopic Cholecystectomy.mp4,False,False,object_identification,fo_class,0.23590810364112258,False,True
168312,0004 - Laparoscopic Cholecystectomy.mp4,False,False,object_identification,fo_class,0.23590810364112258,False,False
168380,0004 - Laparoscopic Cholecystectomy.mp4,False,False,object_identification,fo_class,0.23590810364112258,False,False
5023581,0004 - Laparoscopic Cholecystectomy.mp4,False,False,object_attributes,open_ended,0.23590810364112258,False,False
5023583,0004 - Laparoscopic Cholecystectomy.mp4,False,False,object_attributes,open_ended,0.26425096599268727,False,True
5023596,0004 - Laparoscopic Cholecystectomy.mp4,False,False,object_attributes,open_ended,0.26425096599268727,False,False
160697,0004 - Laparoscopic Cholecystectomy.mp4,False,False,spatial_localization_camera,open_ended,0.26425096599268727,False,True
182065,0004 - Laparoscopic Cholecystectomy.mp4,False,False,spatial_localization_camera,fo_class,0.26425096599268727,False,True
182066,0004 - Laparoscopic Cholecystectomy.mp4,False,False,spatial_localization_camera,fo_class,0.26425096599268727,False,True
189133,0004 - Laparoscopic Cholecystectomy.mp4,False,False,spatial_localization_camera,multiple_choice,0.26425096599268727,False,False
189132,0004 - Laparoscopic Cholecystectomy.mp4,False,False,spatial_localization_camera,multiple_choice,0.26425096599268727,False,True
189126,0004 - Laparoscopic Cholecystectomy.mp4,False,False,spatial_localization_camera,multiple_choice,0.26425096599268727,False,True
5024792,0004 - Laparoscopic Cholecystectomy.mp4,False,False,spatial_localization_situs,open_ended,0.24163339711958542,False,True
141221,0004 - Laparoscopic Cholecystectomy.mp4,False,False,object_aggregation,number,0.24163339711958542,False,True
141245,0004 - Laparoscopic Cholecystectomy.mp4,False,False,object_aggregation,number,0.24163339711958542,False,False
141270,0004 - Laparoscopic Cholecystectomy.mp4,False,False,object_aggregation,number,0.24163339711958542,False,False
141288,0004 - Laparoscopic Cholecystectomy.mp4,False,False,object_aggregation,number,0.24163339711958542,False,False
141388,0004 - Laparoscopic Cholecystectomy.mp4,False,False,object_aggregation,number,0.24163339711958542,False,False
141440,0004 - Laparoscopic Cholecystectomy.mp4,False,False,object_aggregation,number,0.24163339711958542,False,False
141787,0004 - Laparoscopic Cholecystectomy.mp4,False,False,object_aggregation,number,0.24163339711958542,False,True
142027,0004 - Laparoscopic Cholecystectomy.mp4,False,False,object_aggregation,number,0.22970832273131236,False,False
142964,0004 - Laparoscopic Cholecystectomy.mp4,False,False,object_aggregation,number,0.22970832273131236,False,True
142979,0004 - Laparoscopic Cholecystectomy.mp4,False,False,object_aggregation,number,0.22970832273131236,False,False
142992,0004 - Laparoscopic Cholecystectomy.mp4,False,False,object_aggregation,number,0.22970832273131236,False,False
143017,0004 - Laparoscopic Cholecystectomy.mp4,False,False,object_aggregation,number,0.22970832273131236,False,False
143120,0004 - Laparoscopic Cholecystectomy.mp4,False,False,object_aggregation,number,0.22970832273131236,False,False
143157,0004 - Laparoscopic Cholecystectomy.mp4,False,False,object_aggregation,number,0.22970832273131236,False,False
148802,0004 - Laparoscopic Cholecystectomy.mp4,False,False,object_aggregation,binary,0.22970832273131236,False,False
148933,0004 - Laparoscopic Cholecystectomy.mp4,False,False,object_aggregation,binary,0.23047749276156537,False,False
162203,0004 - Laparoscopic Cholecystectomy.mp4,False,False,object_aggregation,binary,0.23047749276156537,False,False
161768,0004 - Laparoscopic Cholecystectomy.mp4,False,False,object_aggregation,binary,0.23047749276156537,False,True
126957,0004 - Laparoscopic Cholecystectomy.mp4,False,False,object_identification,fo_class,0.23047749276156537,False,False
127038,0004 - Laparoscopic Cholecystectomy.mp4,False,False,object_identification,fo_class,0.23047749276156537,False,True
127066,0004 - Laparoscopic Cholecystectomy.mp4,False,False,object_identification,fo_class,0.23047749276156537,False,False
127049,0004 - Laparoscopic Cholecystectomy.mp4,False,False,object_identification,fo_class,0.23047749276156537,False,False
126973,0004 - Laparoscopic Cholecystectomy.mp4,False,False,object_identification,fo_class,0.23047749276156537,False,False
134034,0004 - Laparoscopic Cholecystectomy.mp4,False,False,object_identification,fo_class,0.22659236422623508,False,False
134187,0004 - Laparoscopic Cholecystectomy.mp4,False,False,object_identification,fo_class,0.22659236422623508,False,False
134110,0004 - Laparoscopic Cholecystectomy.mp4,False,False,object_identification,fo_class,0.22659236422623508,False,True
134106,0004 - Laparoscopic Cholecystectomy.mp4,False,False,object_identification,fo_class,0.22659236422623508,False,True
134160,0004 - Laparoscopic Cholecystectomy.mp4,False,False,object_identification,fo_class,0.22659236422623508,False,False
136473,0004 - Laparoscopic Cholecystectomy.mp4,False,False,object_identification,fo_class,0.22659236422623508,False,True
136866,0004 - Laparoscopic Cholecystectomy.mp4,False,False,object_identification,fo_class,0.22659236422623508,False,False
136435,0004 - Laparoscopic Cholecystectomy.mp4,False,False,object_identification,fo_class,0.22659236422623508,False,False
136685,0004 - Laparoscopic Cholecystectomy.mp4,False,False,object_identification,fo_class,0.23678412500885315,False,True
136439,0004 - Laparoscopic Cholecystectomy.mp4,False,False,object_identification,fo_class,0.23678412500885315,False,False
136853,0004 - Laparoscopic Cholecystectomy.mp4,False,False,object_identification,fo_class,0.23678412500885315,False,True
136529,0004 - Laparoscopic Cholecystectomy.mp4,False,False,object_identification,fo_class,0.23678412500885315,False,False
136869,0004 - Laparoscopic Cholecystectomy.mp4,False,False,object_identification,fo_class,0.23678412500885315,False,False
136425,0004 - Laparoscopic Cholecystectomy.mp4,False,False,object_identification,fo_class,0.23678412500885315,False,False
5023601,0004 - Laparoscopic Cholecystectomy.mp4,False,False,object_attributes,open_ended,0.23678412500885315,False,True
5023603,0004 - Laparoscopic Cholecystectomy.mp4,False,False,object_attributes,open_ended,0.23678412500885315,False,True
582509,0016 - Laparoscopic Cholecystectomy.mp4,False,False,object_identification,fo_class,0.23551647763815708,False,False
582657,0016 - Laparoscopic Cholecystectomy.mp4,False,False,object_identification,fo_class,0.23551647763815708,False,True
582720,0016 - Laparoscopic Cholecystectomy.mp4,False,False,object_identification,fo_class,0.23551647763815708,False,False
582941,0016 - Laparoscopic Cholecystectomy.mp4,False,False,object_identification,fo_class,0.23551647763815708,False,False
594073,0016 - Laparoscopic Cholecystectomy.mp4,False,False,object_identification,fo_class,0.23551647763815708,False,True
5023498,0016 - Laparoscopic Cholecystectomy.mp4,False,False,object_attributes,open_ended,0.23551647763815708,False,False
591376,0016 - Laparoscopic Cholecystectomy.mp4,False,False,spatial_localization_camera,open_ended,0.23551647763815708,False,False
5024726,0016 - Laparoscopic Cholecystectomy.mp4,False,False,spatial_localization_situs,open_ended,0.23551647763815708,False,True
584484,0016 - Laparoscopic Cholecystectomy.mp4,False,False,object_aggregation,number,0.2245469392510131,False,False
584508,0016 - Laparoscopic Cholecystectomy.mp4,False,False,object_aggregation,number,0.2245469392510131,False,False
584494,0016 - Laparoscopic Cholecystectomy.mp4,False,False,object_aggregation,number,0.2245469392510131,False,False
584531,0016 - Laparoscopic Cholecystectomy.mp4,False,False,object_aggregation,number,0.2245469392510131,False,False
584729,0016 - Laparoscopic Cholecystectomy.mp4,False,False,object_aggregation,number,0.2245469392510131,False,False
584707,0016 - Laparoscopic Cholecystectomy.mp4,False,False,object_aggregation,number,0.2245469392510131,False,False
584919,0016 - Laparoscopic Cholecystectomy.mp4,False,False,object_aggregation,number,0.2245469392510131,False,False
584999,0016 - Laparoscopic Cholecystectomy.mp4,False,False,object_aggregation,number,0.2245469392510131,False,False
586117,0016 - Laparoscopic Cholecystectomy.mp4,False,False,object_aggregation,number,0.22114712075563148,False,False
586105,0016 - Laparoscopic Cholecystectomy.mp4,False,False,object_aggregation,number,0.22114712075563148,False,True
586124,0016 - Laparoscopic Cholecystectomy.mp4,False,False,object_aggregation,number,0.22114712075563148,False,True
586155,0016 - Laparoscopic Cholecystectomy.mp4,False,False,object_aggregation,number,0.22114712075563148,False,False
586363,0016 - Laparoscopic Cholecystectomy.mp4,False,False,object_aggregation,number,0.22114712075563148,False,False
586556,0016 - Laparoscopic Cholecystectomy.mp4,False,False,object_aggregation,number,0.22114712075563148,False,False
586203,0016 - Laparoscopic Cholecystectomy.mp4,False,False,object_aggregation,number,0.22114712075563148,False,False
587880,0016 - Laparoscopic Cholecystectomy.mp4,False,False,object_aggregation,binary,0.22114712075563148,False,True
592421,0016 - Laparoscopic Cholecystectomy.mp4,False,False,object_aggregation,binary,0.23032489162869751,False,False
582525,0016 - Laparoscopic Cholecystectomy.mp4,False,False,object_identification,fo_class,0.23032489162869751,False,False
582658,0016 - Laparoscopic Cholecystectomy.mp4,False,False,object_identification,fo_class,0.23032489162869751,False,True
582841,0016 - Laparoscopic Cholecystectomy.mp4,False,False,object_identification,fo_class,0.23032489162869751,False,False
591384,0016 - Laparoscopic Cholecystectomy.mp4,False,False,spatial_localization_camera,open_ended,0.23032489162869751,False,False
584793,0016 - Laparoscopic Cholecystectomy.mp4,False,False,object_aggregation,number,0.23032489162869751,False,False
584681,0016 - Laparoscopic Cholecystectomy.mp4,False,False,object_aggregation,number,0.23032489162869751,False,False
584567,0016 - Laparoscopic Cholecystectomy.mp4,False,False,object_aggregation,number,0.23032489162869751,False,False
584693,0016 - Laparoscopic Cholecystectomy.mp4,False,False,object_aggregation,number,0.2309668302477803,False,False
584591,0016 - Laparoscopic Cholecystectomy.mp4,False,False,object_aggregation,number,0.2309668302477803,False,False
584888,0016 - Laparoscopic Cholecystectomy.mp4,False,False,object_aggregation,number,0.2309668302477803,False,False
584879,0016 - Laparoscopic Cholecystectomy.mp4,False,False,object_aggregation,number,0.2309668302477803,False,False
585077,0016 - Laparoscopic Cholecystectomy.mp4,False,False,object_aggregation,number,0.2309668302477803,False,False
586205,0016 - Laparoscopic Cholecystectomy.mp4,False,False,object_aggregation,number,0.2309668302477803,False,False
586187,0016 - Laparoscopic Cholecystectomy.mp4,False,False,object_aggregation,number,0.2309668302477803,False,False
586296,0016 - Laparoscopic Cholecystectomy.mp4,False,False,object_aggregation,number,0.2309668302477803,False,False
586239,0016 - Laparoscopic Cholecystectomy.mp4,False,False,object_aggregation,number,0.22438800311647356,False,False
586488,0016 - Laparoscopic Cholecystectomy.mp4,False,False,object_aggregation,number,0.22438800311647356,False,False
586382,0016 - Laparoscopic Cholecystectomy.mp4,False,False,object_aggregation,number,0.22438800311647356,False,False
586243,0016 - Laparoscopic Cholecystectomy.mp4,False,False,object_aggregation,number,0.22438800311647356,False,False
588166,0016 - Laparoscopic Cholecystectomy.mp4,False,False,object_aggregation,binary,0.22438800311647356,False,True
592615,0016 - Laparoscopic Cholecystectomy.mp4,False,False,object_aggregation,binary,0.22438800311647356,False,False
582532,0016 - Laparoscopic Cholecystectomy.mp4,False,False,object_identification,fo_class,0.22438800311647356,False,False
582978,0016 - Laparoscopic Cholecystectomy.mp4,False,False,object_identification,fo_class,0.22438800311647356,False,False
594172,0016 - Laparoscopic Cholecystectomy.mp4,False,False,object_identification,fo_class,0.2305606191221159,False,False
591399,0016 - Laparoscopic Cholecystectomy.mp4,False,False,spatial_localization_camera,open_ended,0.2305606191221159,False,False
584799,0016 - Laparoscopic Cholecystectomy.mp4,False,False,object_aggregation,number,0.2305606191221159,False,False
584789,0016 - Laparoscopic Cholecystectomy.mp4,False,False,object_aggregation,number,0.2305606191221159,False,False
584783,0016 - Laparoscopic Cholecystectomy.mp4,False,False,object_aggregation,number,0.2305606191221159,False,False
584785,0016 - Laparoscopic Cholecystectomy.mp4,False,False,object_aggregation,number,0.2305606191221159,False,False
584617,0016 - Laparoscopic Cholecystectomy.mp4,False,False,object_aggregation,number,0.2305606191221159,False,False
584835,0016 - Laparoscopic Cholecystectomy.mp4,False,False,object_aggregation,number,0.2305606191221159,False,False
584698,0016 - Laparoscopic Cholecystectomy.mp4,False,False,object_aggregation,number,0.22173876702436246,False,False
585284,0016 - Laparoscopic Cholecystectomy.mp4,False,False,object_aggregation,number,0.22173876702436246,False,False
586431,0016 - Laparoscopic Cholecystectomy.mp4,False,False,object_aggregation,number,0.22173876702436246,False,False
586429,0016 - Laparoscopic Cholecystectomy.mp4,False,False,object_aggregation,number,0.22173876702436246,False,False
586417,0016 - Laparoscopic Cholecystectomy.mp4,False,False,object_aggregation,number,0.22173876702436246,False,False
586420,0016 - Laparoscopic Cholecystectomy.mp4,False,False,object_aggregation,number,0.22173876702436246,False,False
586170,0016 - Laparoscopic Cholecystectomy.mp4,False,False,object_aggregation,number,0.22173876702436246,False,False
586571,0016 - Laparoscopic Cholecystectomy.mp4,False,False,object_aggregation,number,0.22173876702436246,False,False
586572,0016 - Laparoscopic Cholecystectomy.mp4,False,False,object_aggregation,number,0.2284935567586217,False,False
588206,0016 - Laparoscopic Cholecystectomy.mp4,False,False,object_aggregation,binary,0.2284935567586217,False,True
592706,0016 - Laparoscopic Cholecystectomy.mp4,False,False,object_aggregation,binary,0.2284935567586217,False,True
582533,0016 - Laparoscopic Cholecystectomy.mp4,False,False,object_identification,fo_class,0.2284935567586217,False,False
583094,0016 - Laparoscopic Cholecystectomy.mp4,False,False,object_identification,fo_class,0.2284935567586217,False,True
594128,0016 - Laparoscopic Cholecystectomy.mp4,False,False,object_identification,fo_class,0.2284935567586217,False,True
591402,0016 - Laparoscopic Cholecystectomy.mp4,False,False,spatial_localization_camera,open_ended,0.2284935567586217,False,False
584771,0016 - Laparoscopic Cholecystectomy.mp4,False,False,object_aggregation,number,0.2284935567586217,False,True
584479,0016 - Laparoscopic Cholecystectomy.mp4,False,False,object_aggregation,number,0.2346114727552049,False,False
584800,0016 - Laparoscopic Cholecystectomy.mp4,False,False,object_aggregation,number,0.2346114727552049,False,False
584514,0016 - Laparoscopic Cholecystectomy.mp4,False,False,object_aggregation,number,0.2346114727552049,False,False
584639,0016 - Laparoscopic Cholecystectomy.mp4,False,False,object_aggregation,number,0.2346114727552049,False,False
584555,0016 - Laparoscopic Cholecystectomy.mp4,False,False,object_aggregation,number,0.2346114727552049,False,False
584589,0016 - Laparoscopic Cholecystectomy.mp4,False,False,object_aggregation,number,0.2346114727552049,False,False
585403,0016 - Laparoscopic Cholecystectomy.mp4,False,False,object_aggregation,number,0.2346114727552049,False,False
607036,0017 - Laparoscopic Cholecystectomy.mp4,False,False,object_identification,fo_class,0.2346114727552049,False,False
607057,0017 - Laparoscopic Cholecystectomy.mp4,False,False,object_identification,fo_class,0.2295363779994659,False,False
607050,0017 - Laparoscopic Cholecystectomy.mp4,False,False,object_identification,fo_class,0.2295363779994659,False,False
607064,0017 - Laparoscopic Cholecystectomy.mp4,False,False,object_identification,fo_class,0.2295363779994659,False,False
606871,0017 - Laparoscopic Cholecystectomy.mp4,False,False,object_identification,fo_class,0.2295363779994659,False,False
607090,0017 - Laparoscopic Cholecystectomy.mp4,False,False,object_identification,fo_class,0.2295363779994659,False,False
607052,0017 - Laparoscopic Cholecystectomy.mp4,False,False,object_identification,fo_class,0.2295363779994659,False,False
607087,0017 - Laparoscopic Cholecystectomy.mp4,False,False,object_identification,fo_class,0.2295363779994659,False,False
607067,0017 - Laparoscopic Cholecystectomy.mp4,False,False,object_identification,fo_class,0.2295363779994659,False,False
607076,0017 - Laparoscopic Cholecystectomy.mp4,False,False,object_identification,fo_class,0.25115059700328857,False,False
616937,0017 - Laparoscopic Cholecystectomy.mp4,False,False,object_identification,fo_class,0.25115059700328857,False,False
616948,0017 - Laparoscopic Cholecystectomy.mp4,False,False,object_identification,fo_class,0.25115059700328857,False,True
617217,0017 - Laparoscopic Cholecystectomy.mp4,False,False,object_identification,fo_class,0.25115059700328857,False,True
616970,0017 - Laparoscopic Cholecystectomy.mp4,False,False,object_identification,fo_class,0.25115059700328857,False,False
620847,0017 - Laparoscopic Cholecystectomy.mp4,False,False,object_identification,fo_class,0.25115059700328857,False,False
620775,0017 - Laparoscopic Cholecystectomy.mp4,False,False,object_identification,fo_class,0.25115059700328857,False,False
620717,0017 - Laparoscopic Cholecystectomy.mp4,False,False,object_identification,fo_class,0.25115059700328857,False,False
621000,0017 - Laparoscopic Cholecystectomy.mp4,False,False,object_identification,fo_class,0.23077460550121032,False,False
620656,0017 - Laparoscopic Cholecystectomy.mp4,False,False,object_identification,fo_class,0.23077460550121032,False,False
620689,0017 - Laparoscopic Cholecystectomy.mp4,False,False,object_identification,fo_class,0.23077460550121032,False,False
620870,0017 - Laparoscopic Cholecystectomy.mp4,False,False,object_identification,fo_class,0.23077460550121032,False,False
621133,0017 - Laparoscopic Cholecystectomy.mp4,False,False,object_identification,fo_class,0.23077460550121032,False,False
621053,0017 - Laparoscopic Cholecystectomy.mp4,False,False,object_identification,fo_class,0.23077460550121032,False,False
620871,0017 - Laparoscopic Cholecystectomy.mp4,False,False,object_identification,fo_class,0.23077460550121032,False,False
621036,0017 - Laparoscopic Cholecystectomy.mp4,False,False,object_identification,fo_class,0.23077460550121032,False,False
620873,0017 - Laparoscopic Cholecystectomy.mp4,False,False,object_identification,fo_class,0.24327642988646403,False,False
621028,0017 - Laparoscopic Cholecystectomy.mp4,False,False,object_identification,fo_class,0.24327642988646403,False,False
620726,0017 - Laparoscopic Cholecystectomy.mp4,False,False,object_identification,fo_class,0.24327642988646403,False,False
667194,0017 - Laparoscopic Cholecystectomy.mp4,False,False,object_identification,fo_class,0.24327642988646403,False,True
667182,0017 - Laparoscopic Cholecystectomy.mp4,False,False,object_identification,fo_class,0.24327642988646403,False,True
667426,0017 - Laparoscopic Cholecystectomy.mp4,False,False,object_identification,fo_class,0.24327642988646403,False,False
5023461,0017 - Laparoscopic Cholecystectomy.mp4,False,False,object_attributes,open_ended,0.24327642988646403,False,True
5023455,0017 - Laparoscopic Cholecystectomy.mp4,False,False,object_attributes,open_ended,0.24327642988646403,False,False
5023456,0017 - Laparoscopic Cholecystectomy.mp4,False,False,object_attributes,open_ended,0.23689707773155533,False,False
656224,0017 - Laparoscopic Cholecystectomy.mp4,False,False,spatial_localization_camera,open_ended,0.23689707773155533,False,True
685532,0017 - Laparoscopic Cholecystectomy.mp4,False,False,spatial_localization_camera,fo_class,0.23689707773155533,False,False
685559,0017 - Laparoscopic Cholecystectomy.mp4,False,False,spatial_localization_camera,fo_class,0.23689707773155533,False,False
685533,0017 - Laparoscopic Cholecystectomy.mp4,False,False,spatial_localization_camera,fo_class,0.23689707773155533,False,False
692594,0017 - Laparoscopic Cholecystectomy.mp4,False,False,spatial_localization_camera,multiple_choice,0.23689707773155533,False,True
692600,0017 - Laparoscopic Cholecystectomy.mp4,False,False,spatial_localization_camera,multiple_choice,0.23689707773155533,False,True
692599,0017 - Laparoscopic Cholecystectomy.mp4,False,False,spatial_localization_camera,multiple_choice,0.23689707773155533,False,True
5024129,0017 - Laparoscopic Cholecystectomy.mp4,False,False,spatial_localization_situs,open_ended,0.2385716226126533,False,False
627072,0017 - Laparoscopic Cholecystectomy.mp4,False,False,object_aggregation,number,0.2385716226126533,False,True
627053,0017 - Laparoscopic Cholecystectomy.mp4,False,False,object_aggregation,number,0.2385716226126533,False,False
627275,0017 - Laparoscopic Cholecystectomy.mp4,False,False,object_aggregation,number,0.2385716226126533,False,False
627314,0017 - Laparoscopic Cholecystectomy.mp4,False,False,object_aggregation,number,0.2385716226126533,False,False
627308,0017 - Laparoscopic Cholecystectomy.mp4,False,False,object_aggregation,number,0.2385716226126533,False,False
627134,0017 - Laparoscopic Cholecystectomy.mp4,False,False,object_aggregation,number,0.2385716226126533,False,False
627264,0017 - Laparoscopic Cholecystectomy.mp4,False,False,object_aggregation,number,0.2385716226126533,False,False
627369,0017 - Laparoscopic Cholecystectomy.mp4,False,False,object_aggregation,number,0.2281831732543651,False,False
627347,0017 - Laparoscopic Cholecystectomy.mp4,False,False,object_aggregation,number,0.2281831732543651,False,False
627108,0017 - Laparoscopic Cholecystectomy.mp4,False,False,object_aggregation,number,0.2281831732543651,False,False
627590,0017 - Laparoscopic Cholecystectomy.mp4,False,False,object_aggregation,number,0.2281831732543651,False,True
627712,0017 - Laparoscopic Cholecystectomy.mp4,False,False,object_aggregation,number,0.2281831732543651,False,False
627914,0017 - Laparoscopic Cholecystectomy.mp4,False,False,object_aggregation,number,0.2281831732543651,False,False
627967,0017 - Laparoscopic Cholecystectomy.mp4,False,False,object_aggregation,number,0.2281831732543651,False,False
628842,0017 - Laparoscopic Cholecystectomy.mp4,False,False,object_aggregation,number,0.2281831732543651,False,False
629282,0017 - Laparoscopic Cholecystectomy.mp4,False,False,object_aggregation,number,0.22789182449923828,False,False
629286,0017 - Laparoscopic Cholecystectomy.mp4,False,False,object_aggregation,number,0.22789182449923828,False,False
629398,0017 - Laparoscopic Cholecystectomy.mp4,False,False,object_aggregation,number,0.22789182449923828,False,False
629338,0017 - Laparoscopic Cholecystectomy.mp4,False,False,object_aggregation,number,0.22789182449923828,False,False
629357,0017 - Laparoscopic Cholecystectomy.mp4,False,False,object_aggregation,number,0.22789182449923828,False,False
629455,0017 - Laparoscopic Cholecystectomy.mp4,False,False,object_aggregation,number,0.22789182449923828,False,False
629470,0017 - Laparoscopic Cholecystectomy.mp4,False,False,object_aggregation,number,0.22789182449923828,False,False
629370,0017 - Laparoscopic Cholecystectomy.mp4,False,False,object_aggregation,number,0.22789182449923828,False,False
635540,0017 - Laparoscopic Cholecystectomy.mp4,False,False,object_aggregation,binary,0.2312656617432367,False,True
635630,0017 - Laparoscopic Cholecystectomy.mp4,False,False,object_aggregation,binary,0.2312656617432367,False,False
657619,0017 - Laparoscopic Cholecystectomy.mp4,False,False,object_aggregation,binary,0.2312656617432367,False,False
723103,0019 - Laparoscopic Cholecystectomy.mp4,False,False,object_identification,fo_class,0.2312656617432367,False,False
723059,0019 - Laparoscopic Cholecystectomy.mp4,False,False,object_identification,fo_class,0.2312656617432367,False,False
723166,0019 - Laparoscopic Cholecystectomy.mp4,False,False,object_identification,fo_class,0.2312656617432367,False,False
723112,0019 - Laparoscopic Cholecystectomy.mp4,False,False,object_identification,fo_class,0.2312656617432367,False,False
723128,0019 - Laparoscopic Cholecystectomy.mp4,False,False,object_identification,fo_class,0.2312656617432367,False,False
723095,0019 - Laparoscopic Cholecystectomy.mp4,False,False,object_identification,fo_class,0.22473789463401772,False,False
733861,0019 - Laparoscopic Cholecystectomy.mp4,False,False,object_identification,fo_class,0.22473789463401772,False,False
733556,0019 - Laparoscopic Cholecystectomy.mp4,False,False,object_identification,fo_class,0.22473789463401772,False,False
733533,0019 - Laparoscopic Cholecystectomy.mp4,False,False,object_identification,fo_class,0.22473789463401772,False,False
737672,0019 - Laparoscopic Cholecystectomy.mp4,False,False,object_identification,fo_class,0.22473789463401772,False,False
737731,0019 - Laparoscopic Cholecystectomy.mp4,False,False,object_identification,fo_class,0.22473789463401772,False,False
737703,0019 - Laparoscopic Cholecystectomy.mp4,False,False,object_identification,fo_class,0.22473789463401772,False,False
737647,0019 - Laparoscopic Cholecystectomy.mp4,False,False,object_identification,fo_class,0.22473789463401772,False,False
737692,0019 - Laparoscopic Cholecystectomy.mp4,False,False,object_identification,fo_class,0.22801509825512767,False,False
737664,0019 - Laparoscopic Cholecystectomy.mp4,False,False,object_identification,fo_class,0.22801509825512767,False,False
737463,0019 - Laparoscopic Cholecystectomy.mp4,False,False,object_identification,fo_class,0.22801509825512767,False,False
737626,0019 - Laparoscopic Cholecystectomy.mp4,False,False,object_identification,fo_class,0.22801509825512767,False,False
737473,0019 - Laparoscopic Cholecystectomy.mp4,False,False,object_identification,fo_class,0.22801509825512767,False,False
737300,0019 - Laparoscopic Cholecystectomy.mp4,False,False,object_identification,fo_class,0.22801509825512767,False,False
782316,0019 - Laparoscopic Cholecystectomy.mp4,False,False,object_identification,fo_class,0.22801509825512767,False,False
781962,0019 - Laparoscopic Cholecystectomy.mp4,False,False,object_identification,fo_class,0.22801509825512767,False,True
782045,0019 - Laparoscopic Cholecystectomy.mp4,False,False,object_identification,fo_class,0.24153953886707313,False,False
5023437,0019 - Laparoscopic Cholecystectomy.mp4,False,False,object_attributes,open_ended,0.24153953886707313,False,True
5023444,0019 - Laparoscopic Cholecystectomy.mp4,False,False,object_attributes,open_ended,0.24153953886707313,False,False
772176,0019 - Laparoscopic Cholecystectomy.mp4,False,False,spatial_localization_camera,open_ended,0.24153953886707313,False,False
801279,0019 - Laparoscopic Cholecystectomy.mp4,False,False,spatial_localization_camera,fo_class,0.24153953886707313,False,False
801288,0019 - Laparoscopic Cholecystectomy.mp4,False,False,spatial_localization_camera,fo_class,0.24153953886707313,False,True
801296,0019 - Laparoscopic Cholecystectomy.mp4,False,False,spatial_localization_camera,fo_class,0.24153953886707313,False,False
809041,0019 - Laparoscopic Cholecystectomy.mp4,False,False,spatial_localization_camera,multiple_choice,0.24153953886707313,False,False
809044,0019 - Laparoscopic Cholecystectomy.mp4,False,False,spatial_localization_camera,multiple_choice,0.24988887601648457,False,True
809039,0019 - Laparoscopic Cholecystectomy.mp4,False,False,spatial_localization_camera,multiple_choice,0.24988887601648457,False,True
5024128,0019 - Laparoscopic Cholecystectomy.mp4,False,False,spatial_localization_situs,open_ended,0.24988887601648457,False,False
5024127,0019 - Laparoscopic Cholecystectomy.mp4,False,False,spatial_localization_situs,open_ended,0.24988887601648457,False,False
744102,0019 - Laparoscopic Cholecystectomy.mp4,False,False,object_aggregation,number,0.24988887601648457,False,False
744523,0019 - Laparoscopic Cholecystectomy.mp4,False,False,object_aggregation,number,0.24988887601648457,False,False
744533,0019 - Laparoscopic Cholecystectomy.mp4,False,False,object_aggregation,number,0.24988887601648457,False,False
744540,0019 - Laparoscopic Cholecystectomy.mp4,False,False,object_aggregation,number,0.24988887601648457,False,False
744542,0019 - Laparoscopic Cholecystectomy.mp4,False,False,object_aggregation,number,0.2222373898839578,False,False
744529,0019 - Laparoscopic Cholecystectomy.mp4,False,False,object_aggregation,number,0.2222373898839578,False,False
744786,0019 - Laparoscopic Cholecystectomy.mp4,False,False,object_aggregation,number,0.2222373898839578,False,True
744972,0019 - Laparoscopic Cholecystectomy.mp4,False,False,object_aggregation,number,0.2222373898839578,False,True
745061,0019 - Laparoscopic Cholecystectomy.mp4,False,False,object_aggregation,number,0.2222373898839578,False,False
745013,0019 - Laparoscopic Cholecystectomy.mp4,False,False,object_aggregation,number,0.2222373898839578,False,False
745964,0019 - Laparoscopic Cholecystectomy.mp4,False,False,object_aggregation,number,0.2222373898839578,False,False
746356,0019 - Laparoscopic Cholecystectomy.mp4,False,False,object_aggregation,number,0.2222373898839578,False,False
746348,0019 - Laparoscopic Cholecystectomy.mp4,False,False,object_aggregation,number,0.2216948798741214,False,True
746411,0019 - Laparoscopic Cholecystectomy.mp4,False,False,object_aggregation,number,0.2216948798741214,False,False
746396,0019 - Laparoscopic Cholecystectomy.mp4,False,False,object_aggregation,number,0.2216948798741214,False,False
746397,0019 - Laparoscopic Cholecystectomy.mp4,False,False,object_aggregation,number,0.2216948798741214,False,False
753249,0019 - Laparoscopic Cholecystectomy.mp4,False,False,object_aggregation,binary,0.2216948798741214,False,True
754831,0019 - Laparoscopic Cholecystectomy.mp4,False,False,object_aggregation,binary,0.2216948798741214,False,False
773603,0019 - Laparoscopic Cholecystectomy.mp4,False,False,object_aggregation,binary,0.2216948798741214,False,False
773583,0019 - Laparoscopic Cholecystectomy.mp4,False,False,object_aggregation,binary,0.2216948798741214,False,True
723168,0019 - Laparoscopic Cholecystectomy.mp4,False,False,object_identification,fo_class,0.22734660835703835,False,False
723141,0019 - Laparoscopic Cholecystectomy.mp4,False,False,object_identification,fo_class,0.22734660835703835,False,False
723126,0019 - Laparoscopic Cholecystectomy.mp4,False,False,object_identification,fo_class,0.22734660835703835,False,False
723120,0019 - Laparoscopic Cholecystectomy.mp4,False,False,object_identification,fo_class,0.22734660835703835,False,False
723094,0019 - Laparoscopic Cholecystectomy.mp4,False,False,object_identification,fo_class,0.22734660835703835,False,False
733904,0019 - Laparoscopic Cholecystectomy.mp4,False,False,object_identification,fo_class,0.22734660835703835,False,False
733864,0019 - Laparoscopic Cholecystectomy.mp4,False,False,object_identification,fo_class,0.22734660835703835,False,False
733714,0019 - Laparoscopic Cholecystectomy.mp4,False,False,object_identification,fo_class,0.22734660835703835,False,False
737437,0019 - Laparoscopic Cholecystectomy.mp4,False,False,object_identification,fo_class,0.23485481174429879,False,False
737454,0019 - Laparoscopic Cholecystectomy.mp4,False,False,object_identification,fo_class,0.23485481174429879,False,False
737477,0019 - Laparoscopic Cholecystectomy.mp4,False,False,object_identification,fo_class,0.23485481174429879,False,False
737271,0019 - Laparoscopic Cholecystectomy.mp4,False,False,object_identification,fo_class,0.23485481174429879,False,True
737660,0019 - Laparoscopic Cholecystectomy.mp4,False,False,object_identification,fo_class,0.23485481174429879,False,False
737263,0019 - Laparoscopic Cholecystectomy.mp4,False,False,object_identification,fo_class,0.23485481174429879,False,False
737393,0019 - Laparoscopic Cholecystectomy.mp4,False,False,object_identification,fo_class,0.23485481174429879,False,False
737762,0019 - Laparoscopic Cholecystectomy.mp4,False,False,object_identification,fo_class,0.23485481174429879,False,False
5023445,0019 - Laparoscopic Cholecystectomy.mp4,False,False,object_attributes,open_ended,0.24799377500312403,False,False
995560,0026 - Laparoscopic Cholecystectomy.mp4,False,False,object_identification,fo_class,0.24799377500312403,False,False
995582,0026 - Laparoscopic Cholecystectomy.mp4,False,False,object_identification,fo_class,0.24799377500312403,False,False
995550,0026 - Laparoscopic Cholecystectomy.mp4,False,False,object_identification,fo_class,0.24799377500312403,False,False
995576,0026 - Laparoscopic Cholecystectomy.mp4,False,False,object_identification,fo_class,0.24799377500312403,False,False
1001671,0026 - Laparoscopic Cholecystectomy.mp4,False,False,object_identification,fo_class,0.24799377500312403,False,False
1001828,0026 - Laparoscopic Cholecystectomy.mp4,False,False,object_identification,fo_class,0.24799377500312403,False,True
1001769,0026 - Laparoscopic Cholecystectomy.mp4,False,False,object_identification,fo_class,0.24799377500312403,False,False
1001739,0026 - Laparoscopic Cholecystectomy.mp4,False,False,object_identification,fo_class,0.23013815699960105,False,True
1002719,0026 - Laparoscopic Cholecystectomy.mp4,False,False,object_identification,fo_class,0.23013815699960105,False,False
1003141,0026 - Laparoscopic Cholecystectomy.mp4,False,False,object_identification,fo_class,0.23013815699960105,False,False
1002850,0026 - Laparoscopic Cholecystectomy.mp4,False,False,object_identification,fo_class,0.23013815699960105,False,False
1003174,0026 - Laparoscopic Cholecystectomy.mp4,False,False,object_identification,fo_class,0.23013815699960105,False,False
1002947,0026 - Laparoscopic Cholecystectomy.mp4,False,False,object_identification,fo_class,0.23013815699960105,False,True
1002942,0026 - Laparoscopic Cholecystectomy.mp4,False,False,object_identification,fo_class,0.23013815699960105,False,False
1002877,0026 - Laparoscopic Cholecystectomy.mp4,False,False,object_identification,fo_class,0.23013815699960105,False,False
1003169,0026 - Laparoscopic Cholecystectomy.mp4,False,False,object_identification,fo_class,0.24970721863792278,False,False
1026926,0026 - Laparoscopic Cholecystectomy.mp4,False,False,object_identification,fo_class,0.24970721863792278,False,True
5023375,0026 - Laparoscopic Cholecystectomy.mp4,False,False,object_attributes,open_ended,0.24970721863792278,False,True
5023360,0026 - Laparoscopic Cholecystectomy.mp4,False,False,object_attributes,open_ended,0.24970721863792278,False,False
5023369,0026 - Laparoscopic Cholecystectomy.mp4,False,False,object_attributes,open_ended,0.24970721863792278,False,True
5023367,0026 - Laparoscopic Cholecystectomy.mp4,False,False,object_attributes,open_ended,0.24970721863792278,False,False
1020726,0026 - Laparoscopic Cholecystectomy.mp4,False,False,spatial_localization_camera,open_ended,0.24970721863792278,False,True
1005681,0026 - Laparoscopic Cholecystectomy.mp4,False,False,object_aggregation,number,0.24970721863792278,False,False
1005695,0026 - Laparoscopic Cholecystectomy.mp4,False,False,object_aggregation,number,0.23592840187484398,False,False
1005727,0026 - Laparoscopic Cholecystectomy.mp4,False,False,object_aggregation,number,0.23592840187484398,False,False
1005744,0026 - Laparoscopic Cholecystectomy.mp4,False,False,object_aggregation,number,0.23592840187484398,False,False
1005896,0026 - Laparoscopic Cholecystectomy.mp4,False,False,object_aggregation,number,0.23592840187484398,False,False
1006208,0026 - Laparoscopic Cholecystectomy.mp4,False,False,object_aggregation,number,0.23592840187484398,False,False
1006647,0026 - Laparoscopic Cholecystectomy.mp4,False,False,object_aggregation,number,0.23592840187484398,False,False
1006347,0026 - Laparoscopic Cholecystectomy.mp4,False,False,object_aggregation,number,0.23592840187484398,False,False
1007303,0026 - Laparoscopic Cholecystectomy.mp4,False,False,object_aggregation,number,0.23592840187484398,False,False
1007358,0026 - Laparoscopic Cholecystectomy.mp4,False,False,object_aggregation,number,0.23505768436007202,False,False
1007350,0026 - Laparoscopic Cholecystectomy.mp4,False,False,object_aggregation,number,0.23505768436007202,False,False
1007381,0026 - Laparoscopic Cholecystectomy.mp4,False,False,object_aggregation,number,0.23505768436007202,False,False
1007524,0026 - Laparoscopic Cholecystectomy.mp4,False,False,object_aggregation,number,0.23505768436007202,False,False
1011489,0026 - Laparoscopic Cholecystectomy.mp4,False,False,object_aggregation,binary,0.23505768436007202,False,True
1011857,0026 - Laparoscopic Cholecystectomy.mp4,False,False,object_aggregation,binary,0.23505768436007202,False,False
1022225,0026 - Laparoscopic Cholecystectomy.mp4,False,False,object_aggregation,binary,0.23505768436007202,False,False
1021831,0026 - Laparoscopic Cholecystectomy.mp4,False,False,object_aggregation,binary,0.23505768436007202,False,False
995552,0026 - Laparoscopic Cholecystectomy.mp4,False,False,object_identification,fo_class,0.23056900198571384,False,False
995581,0026 - Laparoscopic Cholecystectomy.mp4,False,False,object_identification,fo_class,0.23056900198571384,False,False
995549,0026 - Laparoscopic Cholecystectomy.mp4,False,False,object_identification,fo_class,0.23056900198571384,False,False
995573,0026 - Laparoscopic Cholecystectomy.mp4,False,False,object_identification,fo_class,0.23056900198571384,False,False
1001696,0026 - Laparoscopic Cholecystectomy.mp4,False,False,object_identification,fo_class,0.23056900198571384,False,False
1001773,0026 - Laparoscopic Cholecystectomy.mp4,False,False,object_identification,fo_class,0.23056900198571384,False,True
1001761,0026 - Laparoscopic Cholecystectomy.mp4,False,False,object_identification,fo_class,0.23056900198571384,False,False
1001747,0026 - Laparoscopic Cholecystectomy.mp4,False,False,object_identification,fo_class,0.23056900198571384,False,False
1002768,0026 - Laparoscopic Cholecystectomy.mp4,False,False,object_identification,fo_class,0.2378317455004435,False,False
1003171,0026 - Laparoscopic Cholecystectomy.mp4,False,False,object_identification,fo_class,0.2378317455004435,False,False
1002927,0026 - Laparoscopic Cholecystectomy.mp4,False,False,object_identification,fo_class,0.2378317455004435,False,False
1003175,0026 - Laparoscopic Cholecystectomy.mp4,False,False,object_identification,fo_class,0.2378317455004435,False,False
1003079,0026 - Laparoscopic Cholecystectomy.mp4,False,False,object_identification,fo_class,0.2378317455004435,False,True
1003182,0026 - Laparoscopic Cholecystectomy.mp4,False,False,object_identification,fo_class,0.2378317455004435,False,False
1002745,0026 - Laparoscopic Cholecystectomy.mp4,False,False,object_identification,fo_class,0.2378317455004435,False,False
1003151,0026 - Laparoscopic Cholecystectomy.mp4,False,False,object_identification,fo_class,0.2378317455004435,False,True
1026916,0026 - Laparoscopic Cholecystectomy.mp4,False,False,object_identification,fo_class,0.2361791718576569,False,False
5023365,0026 - Laparoscopic Cholecystectomy.mp4,False,False,object_attributes,open_ended,0.2361791718576569,False,False
5023363,0026 - Laparoscopic Cholecystectomy.mp4,False,False,object_attributes,open_ended,0.2361791718576569,False,False
5023371,0026 - Laparoscopic Cholecystectomy.mp4,False,False,object_attributes,open_ended,0.2361791718576569,False,True
5023373,0026 - Laparoscopic Cholecystectomy.mp4,False,False,object_attributes,open_ended,0.2361791718576569,False,False
1020752,0026 - Laparoscopic Cholecystectomy.mp4,False,False,spatial_localization_camera,open_ended,0.2361791718576569,False,False
1005742,0026 - Laparoscopic Cholecystectomy.mp4,False,False,object_aggregation,number,0.2361791718576569,False,False
1005749,0026 - Laparoscopic Cholecystectomy.mp4,False,False,object_aggregation,number,0.2361791718576569,False,False
1005795,0026 - Laparoscopic Cholecystectomy.mp4,False,False,object_aggregation,number,0.2268025859957561,False,False
1005944,0026 - Laparoscopic Cholecystectomy.mp4,False,False,object_aggregation,number,0.2268025859957561,False,False
1006043,0026 - Laparoscopic Cholecystectomy.mp4,False,False,object_aggregation,number,0.2268025859957561,False,False
1006327,0026 - Laparoscopic Cholecystectomy.mp4,False,False,object_aggregation,number,0.2268025859957561,False,False
1006359,0026 - Laparoscopic Cholecystectomy.mp4,False,False,object_aggregation,number,0.2268025859957561,False,False
1006346,0026 - Laparoscopic Cholecystectomy.mp4,False,False,object_aggregation,number,0.2268025859957561,False,False
1007370,0026 - Laparoscopic Cholecystectomy.mp4,False,False,object_aggregation,number,0.2268025859957561,False,False
1007377,0026 - Laparoscopic Cholecystectomy.mp4,False,False,object_aggregation,number,0.2268025859957561,False,False
1007449,0026 - Laparoscopic Cholecystectomy.mp4,False,False,object_aggregation,number,0.22813964600209147,False,False
1007569,0026 - Laparoscopic Cholecystectomy.mp4,False,False,object_aggregation,number,0.22813964600209147,False,False
1007671,0026 - Laparoscopic Cholecystectomy.mp4,False,False,object_aggregation,number,0.22813964600209147,False,False
1011559,0026 - Laparoscopic Cholecystectomy.mp4,False,False,object_aggregation,binary,0.22813964600209147,False,True
1012107,0026 - Laparoscopic Cholecystectomy.mp4,False,False,object_aggregation,binary,0.22813964600209147,False,True
1022273,0026 - Laparoscopic Cholecystectomy.mp4,False,False,object_aggregation,binary,0.22813964600209147,False,False
1021930,0026 - Laparoscopic Cholecystectomy.mp4,False,False,object_aggregation,binary,0.22813964600209147,False,True
995556,0026 - Laparoscopic Cholecystectomy.mp4,False,False,object_identification,fo_class,0.22813964600209147,False,False
1051150,0027 - Laparoscopic Cholecystectomy.mp4,False,False,object_identification,fo_class,0.22053137875627726,False,False
1051237,0027 - Laparoscopic Cholecystectomy.mp4,False,False,object_identification,fo_class,0.22053137875627726,False,False
1051141,0027 - Laparoscopic Cholecystectomy.mp4,False,False,object_identification,fo_class,0.22053137875627726,False,False
1051242,0027 - Laparoscopic Cholecystectomy.mp4,False,False,object_identification,fo_class,0.22053137875627726,False,False
1051032,0027 - Laparoscopic Cholecystectomy.mp4,False,False,object_identification,fo_class,0.22053137875627726,False,False
1051270,0027 - Laparoscopic Cholecystectomy.mp4,False,False,object_identification,fo_class,0.22053137875627726,False,False
1051235,0027 - Laparoscopic Cholecystectomy.mp4,False,False,object_identification,fo_class,0.22053137875627726,False,False
1051221,0027 - Laparoscopic Cholecystectomy.mp4,False,False,object_identification,fo_class,0.22053137875627726,False,False
1051257,0027 - Laparoscopic Cholecystectomy.mp4,False,False,object_identification,fo_class,0.24168953788466752,False,False
1051251,0027 - Laparoscopic Cholecystectomy.mp4,False,False,object_identification,fo_class,0.24168953788466752,False,True
1051253,0027 - Laparoscopic Cholecystectomy.mp4,False,False,object_identification,fo_class,0.24168953788466752,False,False
1063062,0027 - Laparoscopic Cholecystectomy.mp4,False,False,object_identification,fo_class,0.24168953788466752,False,False
1062838,0027 - Laparoscopic Cholecystectomy.mp4,False,False,object_identification,fo_class,0.24168953788466752,False,False
1062859,0027 - Laparoscopic Cholecystectomy.mp4,False,False,object_identification,fo_class,0.24168953788466752,False,True
1062800,0027 - Laparoscopic Cholecystectomy.mp4,False,False,object_identification,fo_class,0.24168953788466752,False,True
1062672,0027 - Laparoscopic Cholecystectomy.mp4,False,False,object_identification,fo_class,0.24168953788466752,False,False
1067329,0027 - Laparoscopic Cholecystectomy.mp4,False,False,object_identification,fo_class,0.22505967237520963,False,False
1067196,0027 - Laparoscopic Cholecystectomy.mp4,False,False,object_identification,fo_class,0.22505967237520963,False,False
1067321,0027 - Laparoscopic Cholecystectomy.mp4,False,False,object_identification,fo_class,0.22505967237520963,False,False
1066854,0027 - Laparoscopic Cholecystectomy.mp4,False,False,object_identification,fo_class,0.22505967237520963,False,False
1066927,0027 - Laparoscopic Cholecystectomy.mp4,False,False,object_identification,fo_class,0.22505967237520963,False,False
1067102,0027 - Laparoscopic Cholecystectomy.mp4,False,False,object_identification,fo_class,0.22505967237520963,False,False
1067151,0027 - Laparoscopic Cholecystectomy.mp4,False,False,object_identification,fo_class,0.22505967237520963,False,False
1066876,0027 - Laparoscopic Cholecystectomy.mp4,False,False,object_identification,fo_class,0.22505967237520963,False,False
1067251,0027 - Laparoscopic Cholecystectomy.mp4,False,False,object_identification,fo_class,0.2249745948938653,False,False
1067273,0027 - Laparoscopic Cholecystectomy.mp4,False,False,object_identification,fo_class,0.2249745948938653,False,False
1066945,0027 - Laparoscopic Cholecystectomy.mp4,False,False,object_identification,fo_class,0.2249745948938653,False,False
1067051,0027 - Laparoscopic Cholecystectomy.mp4,False,False,object_identification,fo_class,0.2249745948938653,False,False
1066951,0027 - Laparoscopic Cholecystectomy.mp4,False,False,object_identification,fo_class,0.2249745948938653,False,False
1067000,0027 - Laparoscopic Cholecystectomy.mp4,False,False,object_identification,fo_class,0.2249745948938653,False,False
1067108,0027 - Laparoscopic Cholecystectomy.mp4,False,False,object_identification,fo_class,0.2249745948938653,False,False
1066859,0027 - Laparoscopic Cholecystectomy.mp4,False,False,object_identification,fo_class,0.2249745948938653,False,False
1111391,0027 - Laparoscopic Cholecystectomy.mp4,False,False,object_identification,fo_class,0.23711319189169444,False,True
1111637,0027 - Laparoscopic Cholecystectomy.mp4,False,False,object_identification,fo_class,0.23711319189169444,False,False
1111384,0027 - Laparoscopic Cholecystectomy.mp4,False,False,object_identification,fo_class,0.23711319189169444,False,False
1111589,0027 - Laparoscopic Cholecystectomy.mp4,False,False,object_identification,fo_class,0.23711319189169444,False,True
5023397,0027 - Laparoscopic Cholecystectomy.mp4,False,False,object_attributes,open_ended,0.23711319189169444,False,True
5023382,0027 - Laparoscopic Cholecystectomy.mp4,False,False,object_attributes,open_ended,0.23711319189169444,False,False
5023383,0027 - Laparoscopic Cholecystectomy.mp4,False,False,object_attributes,open_ended,0.23711319189169444,False,False
1101078,0027 - Laparoscopic Cholecystectomy.mp4,False,False,spatial_localization_camera,open_ended,0.23711319189169444,False,True
1129934,0027 - Laparoscopic Cholecystectomy.mp4,False,False,spatial_localization_camera,fo_class,0.253052288753679,False,False
1129963,0027 - Laparoscopic Cholecystectomy.mp4,False,False,spatial_localization_camera,fo_class,0.253052288753679,False,False
1129937,0027 - Laparoscopic Cholecystectomy.mp4,False,False,spatial_localization_camera,fo_class,0.253052288753679,False,False
1138124,0027 - Laparoscopic Cholecystectomy.mp4,False,False,spatial_localization_camera,multiple_choice,0.253052288753679,False,False
1138128,0027 - Laparoscopic Cholecystectomy.mp4,False,False,spatial_localization_camera,multiple_choice,0.253052288753679,False,True
5024677,0027 - Laparoscopic Cholecystectomy.mp4,False,False,spatial_localization_situs,open_ended,0.253052288753679,False,True
1073598,0027 - Laparoscopic Cholecystectomy.mp4,False,False,object_aggregation,number,0.253052288753679,False,True
1074028,0027 - Laparoscopic Cholecystectomy.mp4,False,False,object_aggregation,number,0.253052288753679,False,False
1073792,0027 - Laparoscopic Cholecystectomy.mp4,False,False,object_aggregation,number,0.2291745934926439,False,False
1073767,0027 - Laparoscopic Cholecystectomy.mp4,False,False,object_aggregation,number,0.2291745934926439,False,False
1073634,0027 - Laparoscopic Cholecystectomy.mp4,False,False,object_aggregation,number,0.2291745934926439,False,False
1073952,0027 - Laparoscopic Cholecystectomy.mp4,False,False,object_aggregation,number,0.2291745934926439,False,False
1073590,0027 - Laparoscopic Cholecystectomy.mp4,False,False,object_aggregation,number,0.2291745934926439,False,False
1073658,0027 - Laparoscopic Cholecystectomy.mp4,False,False,object_aggregation,number,0.2291745934926439,False,False
1073637,0027 - Laparoscopic Cholecystectomy.mp4,False,False,object_aggregation,number,0.2291745934926439,False,False
1073777,0027 - Laparoscopic Cholecystectomy.mp4,False,False,object_aggregation,number,0.2291745934926439,False,False
1074136,0027 - Laparoscopic Cholecystectomy.mp4,False,False,object_aggregation,number,0.2280809322546702,False,True
1074384,0027 - Laparoscopic Cholecystectomy.mp4,False,False,object_aggregation,number,0.2280809322546702,False,False
1074153,0027 - Laparoscopic Cholecystectomy.mp4,False,False,object_aggregation,number,0.2280809322546702,False,False
1074270,0027 - Laparoscopic Cholecystectomy.mp4,False,False,object_aggregation,number,0.2280809322546702,False,False
1075227,0027 - Laparoscopic Cholecystectomy.mp4,False,False,object_aggregation,number,0.2280809322546702,False,False
1075682,0027 - Laparoscopic Cholecystectomy.mp4,False,False,object_aggregation,number,0.2280809322546702,False,False
1075690,0027 - Laparoscopic Cholecystectomy.mp4,False,False,object_aggregation,number,0.2280809322546702,False,False
1075773,0027 - Laparoscopic Cholecystectomy.mp4,False,False,object_aggregation,number,0.2280809322546702,False,False
1075857,0027 - Laparoscopic Cholecystectomy.mp4,False,False,object_aggregation,number,0.22915793737047352,False,False
1075860,0027 - Laparoscopic Cholecystectomy.mp4,False,False,object_aggregation,number,0.22915793737047352,False,False
1075859,0027 - Laparoscopic Cholecystectomy.mp4,False,False,object_aggregation,number,0.22915793737047352,False,False
1075781,0027 - Laparoscopic Cholecystectomy.mp4,False,False,object_aggregation,number,0.22915793737047352,False,False
5024668,0027 - Laparoscopic Cholecystectomy.mp4,False,False,object_aggregation,open_ended,0.22915793737047352,False,False
1143355,0028 - Laparoscopic Cholecystectomy.mp4,False,False,object_identification,fo_class,0.22915793737047352,False,False
1143290,0028 - Laparoscopic Cholecystectomy.mp4,False,False,object_identification,fo_class,0.22915793737047352,False,False
1143201,0028 - Laparoscopic Cholecystectomy.mp4,False,False,object_identification,fo_class,0.22915793737047352,False,False
1143376,0028 - Laparoscopic Cholecystectomy.mp4,False,False,object_identification,fo_class,0.22204026512918063,False,False
1149480,0028 - Laparoscopic Cholecystectomy.mp4,False,False,object_identification,fo_class,0.22204026512918063,False,True
1149485,0028 - Laparoscopic Cholecystectomy.mp4,False,False,object_identification,fo_class,0.22204026512918063,False,False
1149321,0028 - Laparoscopic Cholecystectomy.mp4,False,False,object_identification,fo_class,0.22204026512918063,False,False
1150473,0028 - Laparoscopic Cholecystectomy.mp4,False,False,object_identification,fo_class,0.22204026512918063,False,False
1150621,0028 - Laparoscopic Cholecystectomy.mp4,False,False,object_identification,fo_class,0.22204026512918063,False,False
1150525,0028 - Laparoscopic Cholecystectomy.mp4,False,False,object_identification,fo_class,0.22204026512918063,False,False
1150280,0028 - Laparoscopic Cholecystectomy.mp4,False,False,object_identification,fo_class,0.22204026512918063,False,False
1150519,0028 - Laparoscopic Cholecystectomy.mp4,False,False,object_identification,fo_class,0.22541915386682376,False,False
1150586,0028 - Laparoscopic Cholecystectomy.mp4,False,False,object_identification,fo_class,0.22541915386682376,False,False
1150161,0028 - Laparoscopic Cholecystectomy.mp4,False,False,object_identification,fo_class,0.22541915386682376,False,False
1170253,0028 - Laparoscopic Cholecystectomy.mp4,False,False,object_identification,fo_class,0.22541915386682376,False,False
1170333,0028 - Laparoscopic Cholecystectomy.mp4,False,False,object_identification,fo_class,0.22541915386682376,False,True
1170278,0028 - Laparoscopic Cholecystectomy.mp4,False,False,object_identification,fo_class,0.22541915386682376,False,False
5023343,0028 - Laparoscopic Cholecystectomy.mp4,False,False,object_attributes,open_ended,0.22541915386682376,False,True
5023337,0028 - Laparoscopic Cholecystectomy.mp4,False,False,object_attributes,open_ended,0.22541915386682376,False,False
5023338,0028 - Laparoscopic Cholecystectomy.mp4,False,False,object_attributes,open_ended,0.23085270723095164,False,False
1165865,0028 - Laparoscopic Cholecystectomy.mp4,False,False,spatial_localization_camera,open_ended,0.23085270723095164,False,False
1177630,0028 - Laparoscopic Cholecystectomy.mp4,False,False,spatial_localization_camera,fo_class,0.23085270723095164,False,False
1177685,0028 - Laparoscopic Cholecystectomy.mp4,False,False,spatial_localization_camera,fo_class,0.23085270723095164,False,False
1177674,0028 - Laparoscopic Cholecystectomy.mp4,False,False,spatial_localization_camera,fo_class,0.23085270723095164,False,False
1182974,0028 - Laparoscopic Cholecystectomy.mp4,False,False,spatial_localization_camera,multiple_choice,0.23085270723095164,False,False
5024116,0028 - Laparoscopic Cholecystectomy.mp4,False,False,spatial_localization_situs,open_ended,0.23085270723095164,False,False
5024624,0028 - Laparoscopic Cholecystectomy.mp4,False,False,spatial_localization_situs,open_ended,0.23085270723095164,False,True
1153046,0028 - Laparoscopic Cholecystectomy.mp4,False,False,object_aggregation,number,0.2162694903963711,False,False
1153067,0028 - Laparoscopic Cholecystectomy.mp4,False,False,object_aggregation,number,0.2162694903963711,False,False
1153197,0028 - Laparoscopic Cholecystectomy.mp4,False,False,object_aggregation,number,0.2162694903963711,False,False
1153201,0028 - Laparoscopic Cholecystectomy.mp4,False,False,object_aggregation,number,0.2162694903963711,False,False
1153246,0028 - Laparoscopic Cholecystectomy.mp4,False,False,object_aggregation,number,0.2162694903963711,False,False
1153242,0028 - Laparoscopic Cholecystectomy.mp4,False,False,object_aggregation,number,0.2162694903963711,False,False
1153261,0028 - Laparoscopic Cholecystectomy.mp4,False,False,object_aggregation,number,0.2162694903963711,False,False
1153550,0028 - Laparoscopic Cholecystectomy.mp4,False,False,object_aggregation,number,0.2162694903963711,False,False
1153669,0028 - Laparoscopic Cholecystectomy.mp4,False,False,object_aggregation,number,0.22220273650600575,False,False
1153926,0028 - Laparoscopic Cholecystectomy.mp4,False,False,object_aggregation,number,0.22220273650600575,False,False
1154545,0028 - Laparoscopic Cholecystectomy.mp4,False,False,object_aggregation,number,0.22220273650600575,False,False
1154567,0028 - Laparoscopic Cholecystectomy.mp4,False,False,object_aggregation,number,0.22220273650600575,False,False
1154987,0028 - Laparoscopic Cholecystectomy.mp4,False,False,object_aggregation,number,0.22220273650600575,False,False
1155026,0028 - Laparoscopic Cholecystectomy.mp4,False,False,object_aggregation,number,0.22220273650600575,False,False
1155021,0028 - Laparoscopic Cholecystectomy.mp4,False,False,object_aggregation,number,0.22220273650600575,False,False
1155038,0028 - Laparoscopic Cholecystectomy.mp4,False,False,object_aggregation,number,0.22220273650600575,False,False
1155049,0028 - Laparoscopic Cholecystectomy.mp4,False,False,object_aggregation,number,0.23688758586649783,False,False
1159222,0028 - Laparoscopic Cholecystectomy.mp4,False,False,object_aggregation,binary,0.23688758586649783,False,True
1158899,0028 - Laparoscopic Cholecystectomy.mp4,False,False,object_aggregation,binary,0.23688758586649783,False,False
1166492,0028 - Laparoscopic Cholecystectomy.mp4,False,False,object_aggregation,binary,0.23688758586649783,False,False
1166476,0028 - Laparoscopic Cholecystectomy.mp4,False,False,object_aggregation,binary,0.23688758586649783,False,False
5024625,0028 - Laparoscopic Cholecystectomy.mp4,False,False,object_aggregation,open_ended,0.23688758586649783,False,False
1143356,0028 - Laparoscopic Cholecystectomy.mp4,False,False,object_identification,fo_class,0.23688758586649783,False,False
1143304,0028 - Laparoscopic Cholecystectomy.mp4,False,False,object_identification,fo_class,0.23688758586649783,False,False
1143240,0028 - Laparoscopic Cholecystectomy.mp4,False,False,object_identification,fo_class,0.22236204775981605,False,False
1143286,0028 - Laparoscopic Cholecystectomy.mp4,False,False,object_identification,fo_class,0.22236204775981605,False,False
1149477,0028 - Laparoscopic Cholecystectomy.mp4,False,False,object_identification,fo_class,0.22236204775981605,False,True
1149484,0028 - Laparoscopic Cholecystectomy.mp4,False,False,object_identification,fo_class,0.22236204775981605,False,False
1149335,0028 - Laparoscopic Cholecystectomy.mp4,False,False,object_identification,fo_class,0.22236204775981605,False,False
1150508,0028 - Laparoscopic Cholecystectomy.mp4,False,False,object_identification,fo_class,0.22236204775981605,False,False
1150622,0028 - Laparoscopic Cholecystectomy.mp4,False,False,object_identification,fo_class,0.22236204775981605,False,False
1150582,0028 - Laparoscopic Cholecystectomy.mp4,False,False,object_identification,fo_class,0.22236204775981605,False,False
1150416,0028 - Laparoscopic Cholecystectomy.mp4,False,False,object_identification,fo_class,0.2252209438884165,False,False
1150518,0028 - Laparoscopic Cholecystectomy.mp4,False,False,object_identification,fo_class,0.2252209438884165,False,False
1150555,0028 - Laparoscopic Cholecystectomy.mp4,False,False,object_identification,fo_class,0.2252209438884165,False,False
1150173,0028 - Laparoscopic Cholecystectomy.mp4,False,False,object_identification,fo_class,0.2252209438884165,False,False
1170318,0028 - Laparoscopic Cholecystectomy.mp4,False,False,object_identification,fo_class,0.2252209438884165,False,False
1170323,0028 - Laparoscopic Cholecystectomy.mp4,False,False,object_identification,fo_class,0.2252209438884165,False,True
1170280,0028 - Laparoscopic Cholecystectomy.mp4,False,False,object_identification,fo_class,0.2252209438884165,False,True
5023347,0028 - Laparoscopic Cholecystectomy.mp4,False,False,object_attributes,open_ended,0.2252209438884165,False,True
5023349,0028 - Laparoscopic Cholecystectomy.mp4,False,False,object_attributes,open_ended,0.2337769134901464,False,False
5023342,0028 - Laparoscopic Cholecystectomy.mp4,False,False,object_attributes,open_ended,0.2337769134901464,False,False
1165871,0028 - Laparoscopic Cholecystectomy.mp4,False,False,spatial_localization_camera,open_ended,0.2337769134901464,False,False
1177654,0028 - Laparoscopic Cholecystectomy.mp4,False,False,spatial_localization_camera,fo_class,0.2337769134901464,False,True
5024119,0028 - Laparoscopic Cholecystectomy.mp4,False,False,spatial_localization_situs,open_ended,0.2337769134901464,False,True
5024628,0028 - Laparoscopic Cholecystectomy.mp4,False,False,spatial_localization_situs,open_ended,0.2337769134901464,False,False
1291676,0032 - Laparoscopic Cholecystectomy.mp4,False,False,object_identification,fo_class,0.2337769134901464,False,False
1291610,0032 - Laparoscopic Cholecystectomy.mp4,False,False,object_identification,fo_class,0.2337769134901464,False,False
1291672,0032 - Laparoscopic Cholecystectomy.mp4,False,False,object_identification,fo_class,0.22774852250586264,False,False
1297924,0032 - Laparoscopic Cholecystectomy.mp4,False,False,object_identification,fo_class,0.22774852250586264,False,False
1298346,0032 - Laparoscopic Cholecystectomy.mp4,False,False,object_identification,fo_class,0.22774852250586264,False,True
1299668,0032 - Laparoscopic Cholecystectomy.mp4,False,False,object_identification,fo_class,0.22774852250586264,False,False
1299699,0032 - Laparoscopic Cholecystectomy.mp4,False,False,object_identification,fo_class,0.22774852250586264,False,False
1299829,0032 - Laparoscopic Cholecystectomy.mp4,False,False,object_identification,fo_class,0.22774852250586264,False,False
1299973,0032 - Laparoscopic Cholecystectomy.mp4,False,False,object_identification,fo_class,0.22774852250586264,False,True
1321589,0032 - Laparoscopic Cholecystectomy.mp4,False,False,object_identification,fo_class,0.22774852250586264,False,True
1321562,0032 - Laparoscopic Cholecystectomy.mp4,False,False,object_identification,fo_class,0.23383728225599043,False,True
5023798,0032 - Laparoscopic Cholecystectomy.mp4,False,False,object_identification,open_ended,0.23383728225599043,False,True
5023804,0032 - Laparoscopic Cholecystectomy.mp4,False,False,object_attributes,open_ended,0.23383728225599043,False,True
5023796,0032 - Laparoscopic Cholecystectomy.mp4,False,False,object_attributes,open_ended,0.23383728225599043,False,False
1316103,0032 - Laparoscopic Cholecystectomy.mp4,False,False,spatial_localization_camera,open_ended,0.23383728225599043,False,False
1330240,0032 - Laparoscopic Cholecystectomy.mp4,False,False,spatial_localization_camera,fo_class,0.23383728225599043,False,True
1330242,0032 - Laparoscopic Cholecystectomy.mp4,False,False,spatial_localization_camera,fo_class,0.23383728225599043,False,True
1330241,0032 - Laparoscopic Cholecystectomy.mp4,False,False,spatial_localization_camera,fo_class,0.23383728225599043,False,True
1334998,0032 - Laparoscopic Cholecystectomy.mp4,False,False,spatial_localization_camera,multiple_choice,0.230367983749602,False,True
1334974,0032 - Laparoscopic Cholecystectomy.mp4,False,False,spatial_localization_camera,multiple_choice,0.230367983749602,False,True
5024534,0032 - Laparoscopic Cholecystectomy.mp4,False,False,spatial_localization_situs,open_ended,0.230367983749602,False,True
1303303,0032 - Laparoscopic Cholecystectomy.mp4,False,False,object_aggregation,number,0.230367983749602,False,True
1303367,0032 - Laparoscopic Cholecystectomy.mp4,False,False,object_aggregation,number,0.230367983749602,False,False
1303412,0032 - Laparoscopic Cholecystectomy.mp4,False,False,object_aggregation,number,0.230367983749602,False,False
1303568,0032 - Laparoscopic Cholecystectomy.mp4,False,False,object_aggregation,number,0.230367983749602,False,False
1303738,0032 - Laparoscopic Cholecystectomy.mp4,False,False,object_aggregation,number,0.230367983749602,False,False
1303690,0032 - Laparoscopic Cholecystectomy.mp4,False,False,object_aggregation,number,0.22227336149080656,False,False
1303746,0032 - Laparoscopic Cholecystectomy.mp4,False,False,object_aggregation,number,0.22227336149080656,False,False
1304082,0032 - Laparoscopic Cholecystectomy.mp4,False,False,object_aggregation,number,0.22227336149080656,False,True
1303999,0032 - Laparoscopic Cholecystectomy.mp4,False,False,object_aggregation,number,0.22227336149080656,False,False
1304247,0032 - Laparoscopic Cholecystectomy.mp4,False,False,object_aggregation,number,0.22227336149080656,False,False
1304850,0032 - Laparoscopic Cholecystectomy.mp4,False,False,object_aggregation,number,0.22227336149080656,False,False
1304890,0032 - Laparoscopic Cholecystectomy.mp4,False,False,object_aggregation,number,0.22227336149080656,False,False
1305068,0032 - Laparoscopic Cholecystectomy.mp4,False,False,object_aggregation,number,0.22227336149080656,False,False
1305054,0032 - Laparoscopic Cholecystectomy.mp4,False,False,object_aggregation,number,0.2228311252547428,False,False
1305123,0032 - Laparoscopic Cholecystectomy.mp4,False,False,object_aggregation,number,0.2228311252547428,False,False
1305187,0032 - Laparoscopic Cholecystectomy.mp4,False,False,object_aggregation,number,0.2228311252547428,False,False
1304891,0032 - Laparoscopic Cholecystectomy.mp4,False,False,object_aggregation,number,0.2228311252547428,False,False
1308498,0032 - Laparoscopic Cholecystectomy.mp4,False,False,object_aggregation,binary,0.2228311252547428,False,True
1308770,0032 - Laparoscopic Cholecystectomy.mp4,False,False,object_aggregation,binary,0.2228311252547428,False,False
1317547,0032 - Laparoscopic Cholecystectomy.mp4,False,False,object_aggregation,binary,0.2228311252547428,False,True
1317357,0032 - Laparoscopic Cholecystectomy.mp4,False,False,object_aggregation,binary,0.2228311252547428,False,False
1291665,0032 - Laparoscopic Cholecystectomy.mp4,False,False,object_identification,fo_class,0.2273905551119242,False,False
1291674,0032 - Laparoscopic Cholecystectomy.mp4,False,False,object_identification,fo_class,0.2273905551119242,False,False
1297975,0032 - Laparoscopic Cholecystectomy.mp4,False,False,object_identification,fo_class,0.2273905551119242,False,True
1298339,0032 - Laparoscopic Cholecystectomy.mp4,False,False,object_identification,fo_class,0.2273905551119242,False,True
1299918,0032 - Laparoscopic Cholecystectomy.mp4,False,False,object_identification,fo_class,0.2273905551119242,False,False
1299888,0032 - Laparoscopic Cholecystectomy.mp4,False,False,object_identification,fo_class,0.2273905551119242,False,False
1299657,0032 - Laparoscopic Cholecystectomy.mp4,False,False,object_identification,fo_class,0.2273905551119242,False,True
1321602,0032 - Laparoscopic Cholecystectomy.mp4,False,False,object_identification,fo_class,0.2273905551119242,False,False
1321586,0032 - Laparoscopic Cholecystectomy.mp4,False,False,object_identification,fo_class,0.2311410887632519,False,True
5023799,0032 - Laparoscopic Cholecystectomy.mp4,False,False,object_attributes,open_ended,0.2311410887632519,False,False
1316176,0032 - Laparoscopic Cholecystectomy.mp4,False,False,spatial_localization_camera,open_ended,0.2311410887632519,False,False
1334997,0032 - Laparoscopic Cholecystectomy.mp4,False,False,spatial_localization_camera,multiple_choice,0.2311410887632519,False,True
1334996,0032 - Laparoscopic Cholecystectomy.mp4,False,False,spatial_localization_camera,multiple_choice,0.2311410887632519,False,True
1303560,0032 - Laparoscopic Cholecystectomy.mp4,False,False,object_aggregation,number,0.2311410887632519,False,False
1303701,0032 - Laparoscopic Cholecystectomy.mp4,False,False,object_aggregation,number,0.2311410887632519,False,False
1303396,0032 - Laparoscopic Cholecystectomy.mp4,False,False,object_aggregation,number,0.2311410887632519,False,False
1303353,0032 - Laparoscopic Cholecystectomy.mp4,False,False,object_aggregation,number,0.22256895789178088,False,False
1303374,0032 - Laparoscopic Cholecystectomy.mp4,False,False,object_aggregation,number,0.22256895789178088,False,False
1303780,0032 - Laparoscopic Cholecystectomy.mp4,False,False,object_aggregation,number,0.22256895789178088,False,False
1303319,0032 - Laparoscopic Cholecystectomy.mp4,False,False,object_aggregation,number,0.22256895789178088,False,False
1304208,0032 - Laparoscopic Cholecystectomy.mp4,False,False,object_aggregation,number,0.22256895789178088,False,False
1304063,0032 - Laparoscopic Cholecystectomy.mp4,False,False,object_aggregation,number,0.22256895789178088,False,False
1305168,0032 - Laparoscopic Cholecystectomy.mp4,False,False,object_aggregation,number,0.22256895789178088,False,False
1305165,0032 - Laparoscopic Cholecystectomy.mp4,False,False,object_aggregation,number,0.22256895789178088,False,False
1305107,0032 - Laparoscopic Cholecystectomy.mp4,False,False,object_aggregation,number,0.22157404164317995,False,False
1305280,0032 - Laparoscopic Cholecystectomy.mp4,False,False,object_aggregation,number,0.22157404164317995,False,False
1305158,0032 - Laparoscopic Cholecystectomy.mp4,False,False,object_aggregation,number,0.22157404164317995,False,False
1305292,0032 - Laparoscopic Cholecystectomy.mp4,False,False,object_aggregation,number,0.22157404164317995,False,False
1305095,0032 - Laparoscopic Cholecystectomy.mp4,False,False,object_aggregation,number,0.22157404164317995,False,False
1308805,0032 - Laparoscopic Cholecystectomy.mp4,False,False,object_aggregation,binary,0.22157404164317995,False,True
1309028,0032 - Laparoscopic Cholecystectomy.mp4,False,False,object_aggregation,binary,0.22157404164317995,False,False
1317490,0032 - Laparoscopic Cholecystectomy.mp4,False,False,object_aggregation,binary,0.22157404164317995,False,True
1317650,0032 - Laparoscopic Cholecystectomy.mp4,False,False,object_aggregation,binary,0.22754489886574447,False,True
1291592,0032 - Laparoscopic Cholecystectomy.mp4,False,False,object_identification,fo_class,0.22754489886574447,False,False
1291675,0032 - Laparoscopic Cholecystectomy.mp4,False,False,object_identification,fo_class,0.22754489886574447,False,False
1298000,0032 - Laparoscopic Cholecystectomy.mp4,False,False,object_identification,fo_class,0.22754489886574447,False,False
1298342,0032 - Laparoscopic Cholecystectomy.mp4,False,False,object_identification,fo_class,0.22754489886574447,False,True
1299664,0032 - Laparoscopic Cholecystectomy.mp4,False,False,object_identification,fo_class,0.22754489886574447,False,False
1341162,0033 - Laparoscopic Cholecystectomy.mp4,False,False,object_identification,fo_class,0.22754489886574447,False,False
1341163,0033 - Laparoscopic Cholecystectomy.mp4,False,False,object_identification,fo_class,0.22754489886574447,False,False
1347368,0033 - Laparoscopic Cholecystectomy.mp4,False,False,object_identification,fo_class,0.22877934374264441,False,False
1347594,0033 - Laparoscopic Cholecystectomy.mp4,False,False,object_identification,fo_class,0.22877934374264441,False,True
1347581,0033 - Laparoscopic Cholecystectomy.mp4,False,False,object_identification,fo_class,0.22877934374264441,False,False
1349377,0033 - Laparoscopic Cholecystectomy.mp4,False,False,object_identification,fo_class,0.22877934374264441,False,False
1349483,0033 - Laparoscopic Cholecystectomy.mp4,False,False,object_identification,fo_class,0.22877934374264441,False,False
1349323,0033 - Laparoscopic Cholecystectomy.mp4,False,False,object_identification,fo_class,0.22877934374264441,False,False
1349602,0033 - Laparoscopic Cholecystectomy.mp4,False,False,object_identification,fo_class,0.22877934374264441,False,False
1349759,0033 - Laparoscopic Cholecystectomy.mp4,False,False,object_identification,fo_class,0.22877934374264441,False,False
1373004,0033 - Laparoscopic Cholecystectomy.mp4,False,False,object_identification,fo_class,0.23360435487120412,False,False
1373134,0033 - Laparoscopic Cholecystectomy.mp4,False,False,object_identification,fo_class,0.23360435487120412,False,False
5023666,0033 - Laparoscopic Cholecystectomy.mp4,False,False,object_attributes,open_ended,0.23360435487120412,False,False
5023670,0033 - Laparoscopic Cholecystectomy.mp4,False,False,object_attributes,open_ended,0.23360435487120412,False,True
5023672,0033 - Laparoscopic Cholecystectomy.mp4,False,False,object_attributes,open_ended,0.23360435487120412,False,False
1367692,0033 - Laparoscopic Cholecystectomy.mp4,False,False,spatial_localization_camera,open_ended,0.23360435487120412,False,False
1387851,0033 - Laparoscopic Cholecystectomy.mp4,False,False,spatial_localization_camera,multiple_choice,0.23360435487120412,False,True
1387833,0033 - Laparoscopic Cholecystectomy.mp4,False,False,spatial_localization_camera,multiple_choice,0.23360435487120412,False,True
5024134,0033 - Laparoscopic Cholecystectomy.mp4,False,False,spatial_localization_situs,open_ended,0.25102270662318915,False,True
5024823,0033 - Laparoscopic Cholecystectomy.mp4,False,False,spatial_localization_situs,open_ended,0.25102270662318915,False,False
1353196,0033 - Laparoscopic Cholecystectomy.mp4,False,False,object_aggregation,number,0.25102270662318915,False,False
1353214,0033 - Laparoscopic Cholecystectomy.mp4,False,False,object_aggregation,number,0.25102270662318915,False,False
1353097,0033 - Laparoscopic Cholecystectomy.mp4,False,False,object_aggregation,number,0.25102270662318915,False,False
1353303,0033 - Laparoscopic Cholecystectomy.mp4,False,False,object_aggregation,number,0.25102270662318915,False,False
1353243,0033 - Laparoscopic Cholecystectomy.mp4,False,False,object_aggregation,number,0.25102270662318915,False,False
1353576,0033 - Laparoscopic Cholecystectomy.mp4,False,False,object_aggregation,number,0.25102270662318915,False,False
1353777,0033 - Laparoscopic Cholecystectomy.mp4,False,False,object_aggregation,number,0.22171703801723197,False,False
1354803,0033 - Laparoscopic Cholecystectomy.mp4,False,False,object_aggregation,number,0.22171703801723197,False,False
1354922,0033 - Laparoscopic Cholecystectomy.mp4,False,False,object_aggregation,number,0.22171703801723197,False,False
1354847,0033 - Laparoscopic Cholecystectomy.mp4,False,False,object_aggregation,number,0.22171703801723197,False,False
1355050,0033 - Laparoscopic Cholecystectomy.mp4,False,False,object_aggregation,number,0.22171703801723197,False,False
1354988,0033 - Laparoscopic Cholecystectomy.mp4,False,False,object_aggregation,number,0.22171703801723197,False,False
1358644,0033 - Laparoscopic Cholecystectomy.mp4,False,False,object_aggregation,binary,0.22171703801723197,False,True
1359107,0033 - Laparoscopic Cholecystectomy.mp4,False,False,object_aggregation,binary,0.22171703801723197,False,True
1369272,0033 - Laparoscopic Cholecystectomy.mp4,False,False,object_aggregation,binary,0.22507773162215017,False,False
1368952,0033 - Laparoscopic Cholecystectomy.mp4,False,False,object_aggregation,binary,0.22507773162215017,False,True
1347444,0033 - Laparoscopic Cholecystectomy.mp4,False,False,object_identification,fo_class,0.22507773162215017,False,True
1347633,0033 - Laparoscopic Cholecystectomy.mp4,False,False,object_identification,fo_class,0.22507773162215017,False,False
1347574,0033 - Laparoscopic Cholecystectomy.mp4,False,False,object_identification,fo_class,0.22507773162215017,False,True
1349721,0033 - Laparoscopic Cholecystectomy.mp4,False,False,object_identification,fo_class,0.22507773162215017,False,False
1349729,0033 - Laparoscopic Cholecystectomy.mp4,False,False,object_identification,fo_class,0.22507773162215017,False,False
1349671,0033 - Laparoscopic Cholecystectomy.mp4,False,False,object_identification,fo_class,0.22507773162215017,False,False
1372945,0033 - Laparoscopic Cholecystectomy.mp4,False,False,object_identification,fo_class,0.23356981374672614,False,False
1373146,0033 - Laparoscopic Cholecystectomy.mp4,False,False,object_identification,fo_class,0.23356981374672614,False,True
1367725,0033 - Laparoscopic Cholecystectomy.mp4,False,False,spatial_localization_camera,open_ended,0.23356981374672614,False,False
1387853,0033 - Laparoscopic Cholecystectomy.mp4,False,False,spatial_localization_camera,multiple_choice,0.23356981374672614,False,True
1387839,0033 - Laparoscopic Cholecystectomy.mp4,False,False,spatial_localization_camera,multiple_choice,0.23356981374672614,False,True
1353462,0033 - Laparoscopic Cholecystectomy.mp4,False,False,object_aggregation,number,0.23356981374672614,False,False
1353484,0033 - Laparoscopic Cholecystectomy.mp4,False,False,object_aggregation,number,0.23356981374672614,False,False
1353373,0033 - Laparoscopic Cholecystectomy.mp4,False,False,object_aggregation,number,0.23356981374672614,False,False
1353205,0033 - Laparoscopic Cholecystectomy.mp4,False,False,object_aggregation,number,0.2219564592523966,False,False
1353260,0033 - Laparoscopic Cholecystectomy.mp4,False,False,object_aggregation,number,0.2219564592523966,False,False
1353886,0033 - Laparoscopic Cholecystectomy.mp4,False,False,object_aggregation,number,0.2219564592523966,False,True
1353760,0033 - Laparoscopic Cholecystectomy.mp4,False,False,object_aggregation,number,0.2219564592523966,False,False
1355211,0033 - Laparoscopic Cholecystectomy.mp4,False,False,object_aggregation,number,0.2219564592523966,False,False
1355066,0033 - Laparoscopic Cholecystectomy.mp4,False,False,object_aggregation,number,0.2219564592523966,False,False
1355064,0033 - Laparoscopic Cholecystectomy.mp4,False,False,object_aggregation,number,0.2219564592523966,False,False
1355243,0033 - Laparoscopic Cholecystectomy.mp4,False,False,object_aggregation,number,0.2219564592523966,False,False
1355012,0033 - Laparoscopic Cholecystectomy.mp4,False,False,object_aggregation,number,0.22743896022439003,False,False
1358996,0033 - Laparoscopic Cholecystectomy.mp4,False,False,object_aggregation,binary,0.22743896022439003,False,True
1369271,0033 - Laparoscopic Cholecystectomy.mp4,False,False,object_aggregation,binary,0.22743896022439003,False,False
1369146,0033 - Laparoscopic Cholecystectomy.mp4,False,False,object_aggregation,binary,0.22743896022439003,False,True
1347505,0033 - Laparoscopic Cholecystectomy.mp4,False,False,object_identification,fo_class,0.22743896022439003,False,False
1347597,0033 - Laparoscopic Cholecystectomy.mp4,False,False,object_identification,fo_class,0.22743896022439003,False,True
1347577,0033 - Laparoscopic Cholecystectomy.mp4,False,False,object_identification,fo_class,0.22743896022439003,False,True
1349352,0033 - Laparoscopic Cholecystectomy.mp4,False,False,object_identification,fo_class,0.22743896022439003,False,False
1349582,0033 - Laparoscopic Cholecystectomy.mp4,False,False,object_identification,fo_class,0.23375563247827813,False,True
1349333,0033 - Laparoscopic Cholecystectomy.mp4,False,False,object_identification,fo_class,0.23375563247827813,False,False
1372960,0033 - Laparoscopic Cholecystectomy.mp4,False,False,object_identification,fo_class,0.23375563247827813,False,False
1373141,0033 - Laparoscopic Cholecystectomy.mp4,False,False,object_identification,fo_class,0.23375563247827813,False,False
1367792,0033 - Laparoscopic Cholecystectomy.mp4,False,False,spatial_localization_camera,open_ended,0.23375563247827813,False,False
1387850,0033 - Laparoscopic Cholecystectomy.mp4,False,False,spatial_localization_camera,multiple_choice,0.23375563247827813,False,True
1387838,0033 - Laparoscopic Cholecystectomy.mp4,False,False,spatial_localization_camera,multiple_choice,0.23375563247827813,False,True
1353099,0033 - Laparoscopic Cholecystectomy.mp4,False,False,object_aggregation,number,0.23375563247827813,False,False
1353102,0033 - Laparoscopic Cholecystectomy.mp4,False,False,object_aggregation,number,0.22735489025944844,False,False
1353512,0033 - Laparoscopic Cholecystectomy.mp4,False,False,object_aggregation,number,0.22735489025944844,False,False
1353233,0033 - Laparoscopic Cholecystectomy.mp4,False,False,object_aggregation,number,0.22735489025944844,False,False
1353297,0033 - Laparoscopic Cholecystectomy.mp4,False,False,object_aggregation,number,0.22735489025944844,False,False
1353720,0033 - Laparoscopic Cholecystectomy.mp4,False,False,object_aggregation,number,0.22735489025944844,False,True
1354904,0033 - Laparoscopic Cholecystectomy.mp4,False,False,object_aggregation,number,0.22735489025944844,False,False
1712614,0043 - Laparoscopic Cholecystectomy.mp4,False,False,object_identification,fo_class,0.22735489025944844,False,False
1716420,0043 - Laparoscopic Cholecystectomy.mp4,False,False,object_identification,fo_class,0.22735489025944844,False,False
1716455,0043 - Laparoscopic Cholecystectomy.mp4,False,False,object_identification,fo_class,0.24752258937223814,False,False
1717176,0043 - Laparoscopic Cholecystectomy.mp4,False,False,object_identification,fo_class,0.24752258937223814,False,True
1717410,0043 - Laparoscopic Cholecystectomy.mp4,False,False,object_identification,fo_class,0.24752258937223814,False,False
1717421,0043 - Laparoscopic Cholecystectomy.mp4,False,False,object_identification,fo_class,0.24752258937223814,False,False
1730078,0043 - Laparoscopic Cholecystectomy.mp4,False,False,object_identification,fo_class,0.24752258937223814,False,False
5023238,0043 - Laparoscopic Cholecystectomy.mp4,False,False,object_attributes,open_ended,0.24752258937223814,False,True
1726841,0043 - Laparoscopic Cholecystectomy.mp4,False,False,spatial_localization_camera,open_ended,0.24752258937223814,False,False
5024501,0043 - Laparoscopic Cholecystectomy.mp4,False,False,spatial_localization_situs,open_ended,0.24752258937223814,False,False
1719312,0043 - Laparoscopic Cholecystectomy.mp4,False,False,object_aggregation,number,0.21604871697491035,False,False
1719342,0043 - Laparoscopic Cholecystectomy.mp4,False,False,object_aggregation,number,0.21604871697491035,False,True
1719360,0043 - Laparoscopic Cholecystectomy.mp4,False,False,object_aggregation,number,0.21604871697491035,False,True
1719435,0043 - Laparoscopic Cholecystectomy.mp4,False,False,object_aggregation,number,0.21604871697491035,False,False
1719434,0043 - Laparoscopic Cholecystectomy.mp4,False,False,object_aggregation,number,0.21604871697491035,False,False
1719442,0043 - Laparoscopic Cholecystectomy.mp4,False,False,object_aggregation,number,0.21604871697491035,False,False
1719693,0043 - Laparoscopic Cholecystectomy.mp4,False,False,object_aggregation,number,0.21604871697491035,False,True
1719921,0043 - Laparoscopic Cholecystectomy.mp4,False,False,object_aggregation,number,0.21604871697491035,False,False
1720522,0043 - Laparoscopic Cholecystectomy.mp4,False,False,object_aggregation,number,0.22182793813408352,False,False
1720568,0043 - Laparoscopic Cholecystectomy.mp4,False,False,object_aggregation,number,0.22182793813408352,False,False
1720588,0043 - Laparoscopic Cholecystectomy.mp4,False,False,object_aggregation,number,0.22182793813408352,False,False
1720598,0043 - Laparoscopic Cholecystectomy.mp4,False,False,object_aggregation,number,0.22182793813408352,False,True
1720649,0043 - Laparoscopic Cholecystectomy.mp4,False,False,object_aggregation,number,0.22182793813408352,False,False
1720659,0043 - Laparoscopic Cholecystectomy.mp4,False,False,object_aggregation,number,0.22182793813408352,False,False
1722428,0043 - Laparoscopic Cholecystectomy.mp4,False,False,object_aggregation,binary,0.22182793813408352,False,True
1722718,0043 - Laparoscopic Cholecystectomy.mp4,False,False,object_aggregation,binary,0.22182793813408352,False,True
1728120,0043 - Laparoscopic Cholecystectomy.mp4,False,False,object_aggregation,binary,0.2409054634917993,False,False
1727895,0043 - Laparoscopic Cholecystectomy.mp4,False,False,object_aggregation,binary,0.2409054634917993,False,True
1712593,0043 - Laparoscopic Cholecystectomy.mp4,False,False,object_identification,fo_class,0.2409054634917993,False,False
1716439,0043 - Laparoscopic Cholecystectomy.mp4,False,False,object_identification,fo_class,0.2409054634917993,False,False
1716461,0043 - Laparoscopic Cholecystectomy.mp4,False,False,object_identification,fo_class,0.2409054634917993,False,False
1717188,0043 - Laparoscopic Cholecystectomy.mp4,False,False,object_identification,fo_class,0.2409054634917993,False,False
1717407,0043 - Laparoscopic Cholecystectomy.mp4,False,False,object_identification,fo_class,0.2409054634917993,False,False
1717413,0043 - Laparoscopic Cholecystectomy.mp4,False,False,object_identification,fo_class,0.2409054634917993,False,False
1730071,0043 - Laparoscopic Cholecystectomy.mp4,False,False,object_identification,fo_class,0.22839050900074653,False,False
1726850,0043 - Laparoscopic Cholecystectomy.mp4,False,False,spatial_localization_camera,open_ended,0.22839050900074653,False,False
1719547,0043 - Laparoscopic Cholecystectomy.mp4,False,False,object_aggregation,number,0.22839050900074653,False,False
1719483,0043 - Laparoscopic Cholecystectomy.mp4,False,False,object_aggregation,number,0.22839050900074653,False,False
1719392,0043 - Laparoscopic Cholecystectomy.mp4,False,False,object_aggregation,number,0.22839050900074653,False,False
1719523,0043 - Laparoscopic Cholecystectomy.mp4,False,False,object_aggregation,number,0.22839050900074653,False,False
1719528,0043 - Laparoscopic Cholecystectomy.mp4,False,False,object_aggregation,number,0.22839050900074653,False,False
1719527,0043 - Laparoscopic Cholecystectomy.mp4,False,False,object_aggregation,number,0.22839050900074653,False,False
1719859,0043 - Laparoscopic Cholecystectomy.mp4,False,False,object_aggregation,number,0.22214921563863754,False,False
1719935,0043 - Laparoscopic Cholecystectomy.mp4,False,False,object_aggregation,number,0.22214921563863754,False,False
1720737,0043 - Laparoscopic Cholecystectomy.mp4,False,False,object_aggregation,number,0.22214921563863754,False,False
1720722,0043 - Laparoscopic Cholecystectomy.mp4,False,False,object_aggregation,number,0.22214921563863754,False,False
1720743,0043 - Laparoscopic Cholecystectomy.mp4,False,False,object_aggregation,number,0.22214921563863754,False,False
1720733,0043 - Laparoscopic Cholecystectomy.mp4,False,False,object_aggregation,number,0.22214921563863754,False,False
1720747,0043 - Laparoscopic Cholecystectomy.mp4,False,False,object_aggregation,number,0.22214921563863754,False,True
1720746,0043 - Laparoscopic Cholecystectomy.mp4,False,False,object_aggregation,number,0.22214921563863754,False,False
1722583,0043 - Laparoscopic Cholecystectomy.mp4,False,False,object_aggregation,binary,0.22469896427355707,False,True
1722714,0043 - Laparoscopic Cholecystectomy.mp4,False,False,object_aggregation,binary,0.22469896427355707,False,True
1728128,0043 - Laparoscopic Cholecystectomy.mp4,False,False,object_aggregation,binary,0.22469896427355707,False,True
1728021,0043 - Laparoscopic Cholecystectomy.mp4,False,False,object_aggregation,binary,0.22469896427355707,False,True
1712603,0043 - Laparoscopic Cholecystectomy.mp4,False,False,object_identification,fo_class,0.22469896427355707,False,False
1716451,0043 - Laparoscopic Cholecystectomy.mp4,False,False,object_identification,fo_class,0.22469896427355707,False,False
1716458,0043 - Laparoscopic Cholecystectomy.mp4,False,False,object_identification,fo_class,0.22469896427355707,False,True
1717330,0043 - Laparoscopic Cholecystectomy.mp4,False,False,object_identification,fo_class,0.22469896427355707,False,True
1717428,0043 - Laparoscopic Cholecystectomy.mp4,False,False,object_identification,fo_class,0.2338648037693929,False,False
1717381,0043 - Laparoscopic Cholecystectomy.mp4,False,False,object_identification,fo_class,0.2338648037693929,False,False
1730074,0043 - Laparoscopic Cholecystectomy.mp4,False,False,object_identification,fo_class,0.2338648037693929,False,False
1726863,0043 - Laparoscopic Cholecystectomy.mp4,False,False,spatial_localization_camera,open_ended,0.2338648037693929,False,False
1719556,0043 - Laparoscopic Cholecystectomy.mp4,False,False,object_aggregation,number,0.2338648037693929,False,False
1719537,0043 - Laparoscopic Cholecystectomy.mp4,False,False,object_aggregation,number,0.2338648037693929,False,False
1719533,0043 - Laparoscopic Cholecystectomy.mp4,False,False,object_aggregation,number,0.2338648037693929,False,False
1719404,0043 - Laparoscopic Cholecystectomy.mp4,False,False,object_aggregation,number,0.2338648037693929,False,False
1719430,0043 - Laparoscopic Cholecystectomy.mp4,False,False,object_aggregation,number,0.22222141936072148,False,False
1719459,0043 - Laparoscopic Cholecystectomy.mp4,False,False,object_aggregation,number,0.22222141936072148,False,False
1719893,0043 - Laparoscopic Cholecystectomy.mp4,False,False,object_aggregation,number,0.22222141936072148,False,False
1719941,0043 - Laparoscopic Cholecystectomy.mp4,False,False,object_aggregation,number,0.22222141936072148,False,False
1720854,0043 - Laparoscopic Cholecystectomy.mp4,False,False,object_aggregation,number,0.22222141936072148,False,False
1720744,0043 - Laparoscopic Cholecystectomy.mp4,False,False,object_aggregation,number,0.22222141936072148,False,False
1720791,0043 - Laparoscopic Cholecystectomy.mp4,False,False,object_aggregation,number,0.22222141936072148,False,False
1720601,0043 - Laparoscopic Cholecystectomy.mp4,False,False,object_aggregation,number,0.22222141936072148,False,True
1720644,0043 - Laparoscopic Cholecystectomy.mp4,False,False,object_aggregation,number,0.22738516912795603,False,False
1720669,0043 - Laparoscopic Cholecystectomy.mp4,False,False,object_aggregation,number,0.22738516912795603,False,False
1722640,0043 - Laparoscopic Cholecystectomy.mp4,False,False,object_aggregation,binary,0.22738516912795603,False,True
1722694,0043 - Laparoscopic Cholecystectomy.mp4,False,False,object_aggregation,binary,0.22738516912795603,False,False
1728126,0043 - Laparoscopic Cholecystectomy.mp4,False,False,object_aggregation,binary,0.22738516912795603,False,False
1728078,0043 - Laparoscopic Cholecystectomy.mp4,False,False,object_aggregation,binary,0.22738516912795603,False,True
1799507,0045 - Laparoscopic Cholecystectomy.mp4,False,False,object_identification,fo_class,0.22738516912795603,False,False
1799560,0045 - Laparoscopic Cholecystectomy.mp4,False,False,object_identification,fo_class,0.22738516912795603,False,False
1800290,0045 - Laparoscopic Cholecystectomy.mp4,False,False,object_identification,fo_class,0.23113590772845782,False,False
1800397,0045 - Laparoscopic Cholecystectomy.mp4,False,False,object_identification,fo_class,0.23113590772845782,False,False
1814152,0045 - Laparoscopic Cholecystectomy.mp4,False,False,object_identification,fo_class,0.23113590772845782,False,False
1814149,0045 - Laparoscopic Cholecystectomy.mp4,False,False,object_identification,fo_class,0.23113590772845782,False,True
5023233,0045 - Laparoscopic Cholecystectomy.mp4,False,False,object_attributes,open_ended,0.23113590772845782,False,True
1811347,0045 - Laparoscopic Cholecystectomy.mp4,False,False,spatial_localization_camera,open_ended,0.23113590772845782,False,False
1822114,0045 - Laparoscopic Cholecystectomy.mp4,False,False,spatial_localization_camera,multiple_choice,0.23113590772845782,False,False
1822121,0045 - Laparoscopic Cholecystectomy.mp4,False,False,spatial_localization_camera,multiple_choice,0.23113590772845782,False,False
1822112,0045 - Laparoscopic Cholecystectomy.mp4,False,False,spatial_localization_camera,multiple_choice,0.2261551354895346,False,False
1822116,0045 - Laparoscopic Cholecystectomy.mp4,False,False,spatial_localization_camera,multiple_choice,0.2261551354895346,False,False
1802994,0045 - Laparoscopic Cholecystectomy.mp4,False,False,object_aggregation,number,0.2261551354895346,False,False
1802951,0045 - Laparoscopic Cholecystectomy.mp4,False,False,object_aggregation,number,0.2261551354895346,False,False
1802989,0045 - Laparoscopic Cholecystectomy.mp4,False,False,object_aggregation,number,0.2261551354895346,False,False
1803257,0045 - Laparoscopic Cholecystectomy.mp4,False,False,object_aggregation,number,0.2261551354895346,False,False
1804220,0045 - Laparoscopic Cholecystectomy.mp4,False,False,object_aggregation,number,0.2261551354895346,False,False
1804204,0045 - Laparoscopic Cholecystectomy.mp4,False,False,object_aggregation,number,0.2261551354895346,False,True
1804238,0045 - Laparoscopic Cholecystectomy.mp4,False,False,object_aggregation,number,0.22571425675414503,False,False
1806369,0045 - Laparoscopic Cholecystectomy.mp4,False,False,object_aggregation,binary,0.22571425675414503,False,True
1812415,0045 - Laparoscopic Cholecystectomy.mp4,False,False,object_aggregation,binary,0.22571425675414503,False,False
1799551,0045 - Laparoscopic Cholecystectomy.mp4,False,False,object_identification,fo_class,0.22571425675414503,False,False
1799663,0045 - Laparoscopic Cholecystectomy.mp4,False,False,object_identification,fo_class,0.22571425675414503,False,False
1800361,0045 - Laparoscopic Cholecystectomy.mp4,False,False,object_identification,fo_class,0.22571425675414503,False,False
1800464,0045 - Laparoscopic Cholecystectomy.mp4,False,False,object_identification,fo_class,0.22571425675414503,False,False
1814143,0045 - Laparoscopic Cholecystectomy.mp4,False,False,object_identification,fo_class,0.22571425675414503,False,False
1814138,0045 - Laparoscopic Cholecystectomy.mp4,False,False,object_identification,fo_class,0.23496997760958038,False,False
1811349,0045 - Laparoscopic Cholecystectomy.mp4,False,False,spatial_localization_camera,open_ended,0.23496997760958038,False,False
1822111,0045 - Laparoscopic Cholecystectomy.mp4,False,False,spatial_localization_camera,multiple_choice,0.23496997760958038,False,True
1822122,0045 - Laparoscopic Cholecystectomy.mp4,False,False,spatial_localization_camera,multiple_choice,0.23496997760958038,False,True
1822115,0045 - Laparoscopic Cholecystectomy.mp4,False,False,spatial_localization_camera,multiple_choice,0.23496997760958038,False,False
1822126,0045 - Laparoscopic Cholecystectomy.mp4,False,False,spatial_localization_camera,multiple_choice,0.23496997760958038,False,True
1803011,0045 - Laparoscopic Cholecystectomy.mp4,False,False,object_aggregation,number,0.23496997760958038,False,False
1802944,0045 - Laparoscopic Cholecystectomy.mp4,False,False,object_aggregation,number,0.23496997760958038,False,False
1802962,0045 - Laparoscopic Cholecystectomy.mp4,False,False,object_aggregation,number,0.22212043064064346,False,False
1803323,0045 - Laparoscopic Cholecystectomy.mp4,False,False,object_aggregation,number,0.22212043064064346,False,False
1804272,0045 - Laparoscopic Cholecystectomy.mp4,False,False,object_aggregation,number,0.22212043064064346,False,True
1804206,0045 - Laparoscopic Cholecystectomy.mp4,False,False,object_aggregation,number,0.22212043064064346,False,False
1804248,0045 - Laparoscopic Cholecystectomy.mp4,False,False,object_aggregation,number,0.22212043064064346,False,False
1806446,0045 - Laparoscopic Cholecystectomy.mp4,False,False,object_aggregation,binary,0.22212043064064346,False,False
1812412,0045 - Laparoscopic Cholecystectomy.mp4,False,False,object_aggregation,binary,0.22212043064064346,False,False
1799616,0045 - Laparoscopic Cholecystectomy.mp4,False,False,object_identification,fo_class,0.22212043064064346,False,False
1799721,0045 - Laparoscopic Cholecystectomy.mp4,False,False,object_identification,fo_class,0.2337587789807003,False,False
1800411,0045 - Laparoscopic Cholecystectomy.mp4,False,False,object_identification,fo_class,0.2337587789807003,False,False
1800525,0045 - Laparoscopic Cholecystectomy.mp4,False,False,object_identification,fo_class,0.2337587789807003,False,False
1814153,0045 - Laparoscopic Cholecystectomy.mp4,False,False,object_identification,fo_class,0.2337587789807003,False,False
1814140,0045 - Laparoscopic Cholecystectomy.mp4,False,False,object_identification,fo_class,0.2337587789807003,False,False
1811363,0045 - Laparoscopic Cholecystectomy.mp4,False,False,spatial_localization_camera,open_ended,0.2337587789807003,False,False
1822113,0045 - Laparoscopic Cholecystectomy.mp4,False,False,spatial_localization_camera,multiple_choice,0.2337587789807003,False,False
1822123,0045 - Laparoscopic Cholecystectomy.mp4,False,False,spatial_localization_camera,multiple_choice,0.2337587789807003,False,True
1822118,0045 - Laparoscopic Cholecystectomy.mp4,False,False,spatial_localization_camera,multiple_choice,0.22533203937928192,False,True
1803034,0045 - Laparoscopic Cholecystectomy.mp4,False,False,object_aggregation,number,0.22533203937928192,False,False
1802947,0045 - Laparoscopic Cholecystectomy.mp4,False,False,object_aggregation,number,0.22533203937928192,False,False
1802987,0045 - Laparoscopic Cholecystectomy.mp4,False,False,object_aggregation,number,0.22533203937928192,False,False
1803359,0045 - Laparoscopic Cholecystectomy.mp4,False,False,object_aggregation,number,0.22533203937928192,False,False
1804306,0045 - Laparoscopic Cholecystectomy.mp4,False,False,object_aggregation,number,0.22533203937928192,False,False
1804203,0045 - Laparoscopic Cholecystectomy.mp4,False,False,object_aggregation,number,0.22533203937928192,False,False
1804247,0045 - Laparoscopic Cholecystectomy.mp4,False,False,object_aggregation,number,0.22533203937928192,False,False
1806452,0045 - Laparoscopic Cholecystectomy.mp4,False,False,object_aggregation,binary,0.22730890798266046,False,True
1812413,0045 - Laparoscopic Cholecystectomy.mp4,False,False,object_aggregation,binary,0.22730890798266046,False,True
1799532,0045 - Laparoscopic Cholecystectomy.mp4,False,False,object_identification,fo_class,0.22730890798266046,False,False
1799577,0045 - Laparoscopic Cholecystectomy.mp4,False,False,object_identification,fo_class,0.22730890798266046,False,False
1800332,0045 - Laparoscopic Cholecystectomy.mp4,False,False,object_identification,fo_class,0.22730890798266046,False,False
1800388,0045 - Laparoscopic Cholecystectomy.mp4,False,False,object_identification,fo_class,0.22730890798266046,False,False
1814127,0045 - Laparoscopic Cholecystectomy.mp4,False,False,object_identification,fo_class,0.22730890798266046,False,False
1814150,0045 - Laparoscopic Cholecystectomy.mp4,False,False,object_identification,fo_class,0.22730890798266046,False,False
1811369,0045 - Laparoscopic Cholecystectomy.mp4,False,False,spatial_localization_camera,open_ended,0.23087786915129982,False,False
1822125,0045 - Laparoscopic Cholecystectomy.mp4,False,False,spatial_localization_camera,multiple_choice,0.23087786915129982,False,False
1822127,0045 - Laparoscopic Cholecystectomy.mp4,False,False,spatial_localization_camera,multiple_choice,0.23087786915129982,False,False
1803106,0045 - Laparoscopic Cholecystectomy.mp4,False,False,object_aggregation,number,0.23087786915129982,False,False
1802946,0045 - Laparoscopic Cholecystectomy.mp4,False,False,object_aggregation,number,0.23087786915129982,False,False
1802958,0045 - Laparoscopic Cholecystectomy.mp4,False,False,object_aggregation,number,0.23087786915129982,False,False
1803417,0045 - Laparoscopic Cholecystectomy.mp4,False,False,object_aggregation,number,0.23087786915129982,False,False
1804360,0045 - Laparoscopic Cholecystectomy.mp4,False,False,object_aggregation,number,0.23087786915129982,False,False
1804214,0045 - Laparoscopic Cholecystectomy.mp4,False,False,object_aggregation,number,0.23770985013106838,False,False
1804237,0045 - Laparoscopic Cholecystectomy.mp4,False,False,object_aggregation,number,0.23770985013106838,False,False
1806511,0045 - Laparoscopic Cholecystectomy.mp4,False,False,object_aggregation,binary,0.23770985013106838,False,True
1812419,0045 - Laparoscopic Cholecystectomy.mp4,False,False,object_aggregation,binary,0.23770985013106838,False,True
1799553,0045 - Laparoscopic Cholecystectomy.mp4,False,False,object_identification,fo_class,0.23770985013106838,False,False
1799595,0045 - Laparoscopic Cholecystectomy.mp4,False,False,object_identification,fo_class,0.23770985013106838,False,False
1830594,0048 - Laparoscopic Cholecystectomy.mp4,False,False,object_identification,fo_class,0.23770985013106838,False,False
1830598,0048 - Laparoscopic Cholecystectomy.mp4,False,False,object_identification,fo_class,0.23770985013106838,False,False
1841752,0048 - Laparoscopic Cholecystectomy.mp4,False,False,object_identification,fo_class,0.22720062173902988,False,False
1841938,0048 - Laparoscopic Cholecystectomy.mp4,False,False,object_identification,fo_class,0.22720062173902988,False,True
1841876,0048 - Laparoscopic Cholecystectomy.mp4,False,False,object_identification,fo_class,0.22720062173902988,False,False
1841679,0048 - Laparoscopic Cholecystectomy.mp4,False,False,object_identification,fo_class,0.22720062173902988,False,False
1846222,0048 - Laparoscopic Cholecystectomy.mp4,False,False,object_identification,fo_class,0.22720062173902988,False,False
1846018,0048 - Laparoscopic Cholecystectomy.mp4,False,False,object_identification,fo_class,0.22720062173902988,False,False
1846168,0048 - Laparoscopic Cholecystectomy.mp4,False,False,object_identification,fo_class,0.22720062173902988,False,True
1845929,0048 - Laparoscopic Cholecystectomy.mp4,False,False,object_identification,fo_class,0.22720062173902988,False,False
1846100,0048 - Laparoscopic Cholecystectomy.mp4,False,False,object_identification,fo_class,0.2277332667435985,False,False
1845977,0048 - Laparoscopic Cholecystectomy.mp4,False,False,object_identification,fo_class,0.2277332667435985,False,False
1881697,0048 - Laparoscopic Cholecystectomy.mp4,False,False,object_identification,fo_class,0.2277332667435985,False,False
1881603,0048 - Laparoscopic Cholecystectomy.mp4,False,False,object_identification,fo_class,0.2277332667435985,False,True
1881573,0048 - Laparoscopic Cholecystectomy.mp4,False,False,object_identification,fo_class,0.2277332667435985,False,False
1881660,0048 - Laparoscopic Cholecystectomy.mp4,False,False,object_identification,fo_class,0.2277332667435985,False,True
5023215,0048 - Laparoscopic Cholecystectomy.mp4,False,False,object_attributes,open_ended,0.2277332667435985,False,False
5023223,0048 - Laparoscopic Cholecystectomy.mp4,False,False,object_attributes,open_ended,0.2277332667435985,False,True
1873798,0048 - Laparoscopic Cholecystectomy.mp4,False,False,spatial_localization_camera,open_ended,0.24140633613569662,False,True
1898185,0048 - Laparoscopic Cholecystectomy.mp4,False,False,spatial_localization_camera,fo_class,0.24140633613569662,False,False
1898187,0048 - Laparoscopic Cholecystectomy.mp4,False,False,spatial_localization_camera,fo_class,0.24140633613569662,False,False
1907488,0048 - Laparoscopic Cholecystectomy.mp4,False,False,spatial_localization_camera,multiple_choice,0.24140633613569662,False,True
1907481,0048 - Laparoscopic Cholecystectomy.mp4,False,False,spatial_localization_camera,multiple_choice,0.24140633613569662,False,False
1907502,0048 - Laparoscopic Cholecystectomy.mp4,False,False,spatial_localization_camera,multiple_choice,0.24140633613569662,False,True
1907480,0048 - Laparoscopic Cholecystectomy.mp4,False,False,spatial_localization_camera,multiple_choice,0.24140633613569662,False,True
5024098,0048 - Laparoscopic Cholecystectomy.mp4,False,False,spatial_localization_situs,open_ended,0.24140633613569662,False,True
1851134,0048 - Laparoscopic Cholecystectomy.mp4,False,False,object_aggregation,number,0.22227003326406702,False,False
1851467,0048 - Laparoscopic Cholecystectomy.mp4,False,False,object_aggregation,number,0.22227003326406702,False,False
1851311,0048 - Laparoscopic Cholecystectomy.mp4,False,False,object_aggregation,number,0.22227003326406702,False,False
1851202,0048 - Laparoscopic Cholecystectomy.mp4,False,False,object_aggregation,number,0.22227003326406702,False,False
1851492,0048 - Laparoscopic Cholecystectomy.mp4,False,False,object_aggregation,number,0.22227003326406702,False,False
1851782,0048 - Laparoscopic Cholecystectomy.mp4,False,False,object_aggregation,number,0.22227003326406702,False,False
1851927,0048 - Laparoscopic Cholecystectomy.mp4,False,False,object_aggregation,number,0.22227003326406702,False,False
1853098,0048 - Laparoscopic Cholecystectomy.mp4,False,False,object_aggregation,number,0.22227003326406702,False,False
1853423,0048 - Laparoscopic Cholecystectomy.mp4,False,False,object_aggregation,number,0.22346290200948715,False,False
1853490,0048 - Laparoscopic Cholecystectomy.mp4,False,False,object_aggregation,number,0.22346290200948715,False,False
1853472,0048 - Laparoscopic Cholecystectomy.mp4,False,False,object_aggregation,number,0.22346290200948715,False,False
1853529,0048 - Laparoscopic Cholecystectomy.mp4,False,False,object_aggregation,number,0.22346290200948715,False,False
1853537,0048 - Laparoscopic Cholecystectomy.mp4,False,False,object_aggregation,number,0.22346290200948715,False,False
1860085,0048 - Laparoscopic Cholecystectomy.mp4,False,False,object_aggregation,binary,0.22346290200948715,False,True
1860687,0048 - Laparoscopic Cholecystectomy.mp4,False,False,object_aggregation,binary,0.22346290200948715,False,True
1875225,0048 - Laparoscopic Cholecystectomy.mp4,False,False,object_aggregation,binary,0.22346290200948715,False,False
1875148,0048 - Laparoscopic Cholecystectomy.mp4,False,False,object_aggregation,binary,0.23559359900536947,False,True
1830597,0048 - Laparoscopic Cholecystectomy.mp4,False,False,object_identification,fo_class,0.23559359900536947,False,False
1830643,0048 - Laparoscopic Cholecystectomy.mp4,False,False,object_identification,fo_class,0.23559359900536947,False,True
1841853,0048 - Laparoscopic Cholecystectomy.mp4,False,False,object_identification,fo_class,0.23559359900536947,False,False
1841801,0048 - Laparoscopic Cholecystectomy.mp4,False,False,object_identification,fo_class,0.23559359900536947,False,False
1841991,0048 - Laparoscopic Cholecystectomy.mp4,False,False,object_identification,fo_class,0.23559359900536947,False,False
1841815,0048 - Laparoscopic Cholecystectomy.mp4,False,False,object_identification,fo_class,0.23559359900536947,False,False
1846028,0048 - Laparoscopic Cholecystectomy.mp4,False,False,object_identification,fo_class,0.23559359900536947,False,False
1845874,0048 - Laparoscopic Cholecystectomy.mp4,False,False,object_identification,fo_class,0.2281569031183608,False,False
1846000,0048 - Laparoscopic Cholecystectomy.mp4,False,False,object_identification,fo_class,0.2281569031183608,False,True
1846191,0048 - Laparoscopic Cholecystectomy.mp4,False,False,object_identification,fo_class,0.2281569031183608,False,False
1846235,0048 - Laparoscopic Cholecystectomy.mp4,False,False,object_identification,fo_class,0.2281569031183608,False,False
1881743,0048 - Laparoscopic Cholecystectomy.mp4,False,False,object_identification,fo_class,0.2281569031183608,False,True
1881658,0048 - Laparoscopic Cholecystectomy.mp4,False,False,object_identification,fo_class,0.2281569031183608,False,False
1881574,0048 - Laparoscopic Cholecystectomy.mp4,False,False,object_identification,fo_class,0.2281569031183608,False,False
1881737,0048 - Laparoscopic Cholecystectomy.mp4,False,False,object_identification,fo_class,0.2281569031183608,False,False
5023224,0048 - Laparoscopic Cholecystectomy.mp4,False,False,object_attributes,open_ended,0.2339838741463609,False,True
1873812,0048 - Laparoscopic Cholecystectomy.mp4,False,False,spatial_localization_camera,open_ended,0.2339838741463609,False,False
1898186,0048 - Laparoscopic Cholecystectomy.mp4,False,False,spatial_localization_camera,fo_class,0.2339838741463609,False,False
1898189,0048 - Laparoscopic Cholecystectomy.mp4,False,False,spatial_localization_camera,fo_class,0.2339838741463609,False,True
1907576,0048 - Laparoscopic Cholecystectomy.mp4,False,False,spatial_localization_camera,multiple_choice,0.2339838741463609,False,True
1907585,0048 - Laparoscopic Cholecystectomy.mp4,False,False,spatial_localization_camera,multiple_choice,0.2339838741463609,False,False
1907549,0048 - Laparoscopic Cholecystectomy.mp4,False,False,spatial_localization_camera,multiple_choice,0.2339838741463609,False,True
1907494,0048 - Laparoscopic Cholecystectomy.mp4,False,False,spatial_localization_camera,multiple_choice,0.2339838741463609,False,False
1851521,0048 - Laparoscopic Cholecystectomy.mp4,False,False,object_aggregation,number,0.22222050337586552,False,False
1851435,0048 - Laparoscopic Cholecystectomy.mp4,False,False,object_aggregation,number,0.22222050337586552,False,False
1851615,0048 - Laparoscopic Cholecystectomy.mp4,False,False,object_aggregation,number,0.22222050337586552,False,False
1851928,0048 - Laparoscopic Cholecystectomy.mp4,False,False,object_aggregation,number,0.22222050337586552,False,False
1851653,0048 - Laparoscopic Cholecystectomy.mp4,False,False,object_aggregation,number,0.22222050337586552,False,False
1853334,0048 - Laparoscopic Cholecystectomy.mp4,False,False,object_aggregation,number,0.22222050337586552,False,False
1853661,0048 - Laparoscopic Cholecystectomy.mp4,False,False,object_aggregation,number,0.22222050337586552,False,False
1853629,0048 - Laparoscopic Cholecystectomy.mp4,False,False,object_aggregation,number,0.22222050337586552,False,False
1853531,0048 - Laparoscopic Cholecystectomy.mp4,False,False,object_aggregation,number,0.22709913563448936,False,False
1853528,0048 - Laparoscopic Cholecystectomy.mp4,False,False,object_aggregation,number,0.22709913563448936,False,False
1859823,0048 - Laparoscopic Cholecystectomy.mp4,False,False,object_aggregation,binary,0.22709913563448936,False,True
2412254,0060 - Laparoscopic Cholecystectomy.mp4,False,False,object_identification,fo_class,0.22709913563448936,False,False
2412235,0060 - Laparoscopic Cholecystectomy.mp4,False,False,object_identification,fo_class,0.22709913563448936,False,False
2411784,0060 - Laparoscopic Cholecystectomy.mp4,False,False,object_identification,fo_class,0.22709913563448936,False,False
2412161,0060 - Laparoscopic Cholecystectomy.mp4,False,False,object_identification,fo_class,0.22709913563448936,False,False
2412143,0060 - Laparoscopic Cholecystectomy.mp4,False,False,object_identification,fo_class,0.22709913563448936,False,False
2412118,0060 - Laparoscopic Cholecystectomy.mp4,False,False,object_identification,fo_class,0.22791310187312774,False,False
2412106,0060 - Laparoscopic Cholecystectomy.mp4,False,False,object_identification,fo_class,0.22791310187312774,False,False
2424506,0060 - Laparoscopic Cholecystectomy.mp4,False,False,object_identification,fo_class,0.22791310187312774,False,False
2424751,0060 - Laparoscopic Cholecystectomy.mp4,False,False,object_identification,fo_class,0.22791310187312774,False,True
2424430,0060 - Laparoscopic Cholecystectomy.mp4,False,False,object_identification,fo_class,0.22791310187312774,False,False
2427397,0060 - Laparoscopic Cholecystectomy.mp4,False,False,object_identification,fo_class,0.22791310187312774,False,False
2427543,0060 - Laparoscopic Cholecystectomy.mp4,False,False,object_identification,fo_class,0.22791310187312774,False,False
2427371,0060 - Laparoscopic Cholecystectomy.mp4,False,False,object_identification,fo_class,0.22791310187312774,False,False
2427389,0060 - Laparoscopic Cholecystectomy.mp4,False,False,object_identification,fo_class,0.22817308685625903,False,False
2427612,0060 - Laparoscopic Cholecystectomy.mp4,False,False,object_identification,fo_class,0.22817308685625903,False,True
2427393,0060 - Laparoscopic Cholecystectomy.mp4,False,False,object_identification,fo_class,0.22817308685625903,False,False
2427228,0060 - Laparoscopic Cholecystectomy.mp4,False,False,object_identification,fo_class,0.22817308685625903,False,False
2427323,0060 - Laparoscopic Cholecystectomy.mp4,False,False,object_identification,fo_class,0.22817308685625903,False,False
2427693,0060 - Laparoscopic Cholecystectomy.mp4,False,False,object_identification,fo_class,0.22817308685625903,False,False
2427337,0060 - Laparoscopic Cholecystectomy.mp4,False,False,object_identification,fo_class,0.22817308685625903,False,False
2469817,0060 - Laparoscopic Cholecystectomy.mp4,False,False,object_identification,fo_class,0.22817308685625903,False,False
2469762,0060 - Laparoscopic Cholecystectomy.mp4,False,False,object_identification,fo_class,0.24166639763279818,False,True
2469787,0060 - Laparoscopic Cholecystectomy.mp4,False,False,object_identification,fo_class,0.24166639763279818,False,False
5023945,0060 - Laparoscopic Cholecystectomy.mp4,False,False,object_attributes,open_ended,0.24166639763279818,False,False
5023947,0060 - Laparoscopic Cholecystectomy.mp4,False,False,object_attributes,open_ended,0.24166639763279818,False,False
5023937,0060 - Laparoscopic Cholecystectomy.mp4,False,False,object_attributes,open_ended,0.24166639763279818,False,False
2459460,0060 - Laparoscopic Cholecystectomy.mp4,False,False,spatial_localization_camera,open_ended,0.24166639763279818,False,False
2487237,0060 - Laparoscopic Cholecystectomy.mp4,False,False,spatial_localization_camera,fo_class,0.24166639763279818,False,False
2487437,0060 - Laparoscopic Cholecystectomy.mp4,False,False,spatial_localization_camera,fo_class,0.24166639763279818,False,True
2487257,0060 - Laparoscopic Cholecystectomy.mp4,False,False,spatial_localization_camera,fo_class,0.2256694032694213,False,False
2495547,0060 - Laparoscopic Cholecystectomy.mp4,False,False,spatial_localization_camera,multiple_choice,0.2256694032694213,False,False
2495489,0060 - Laparoscopic Cholecystectomy.mp4,False,False,spatial_localization_camera,multiple_choice,0.2256694032694213,False,True
2495411,0060 - Laparoscopic Cholecystectomy.mp4,False,False,spatial_localization_camera,multiple_choice,0.2256694032694213,False,True
2495459,0060 - Laparoscopic Cholecystectomy.mp4,False,False,spatial_localization_camera,multiple_choice,0.2256694032694213,False,True
2433035,0060 - Laparoscopic Cholecystectomy.mp4,False,False,object_aggregation,number,0.2256694032694213,False,True
2432991,0060 - Laparoscopic Cholecystectomy.mp4,False,False,object_aggregation,number,0.2256694032694213,False,False
2433091,0060 - Laparoscopic Cholecystectomy.mp4,False,False,object_aggregation,number,0.2256694032694213,False,False
2433341,0060 - Laparoscopic Cholecystectomy.mp4,False,False,object_aggregation,number,0.2222697208635509,False,False
2433318,0060 - Laparoscopic Cholecystectomy.mp4,False,False,object_aggregation,number,0.2222697208635509,False,False
2433280,0060 - Laparoscopic Cholecystectomy.mp4,False,False,object_aggregation,number,0.2222697208635509,False,False
2433535,0060 - Laparoscopic Cholecystectomy.mp4,False,False,object_aggregation,number,0.2222697208635509,False,True
2433587,0060 - Laparoscopic Cholecystectomy.mp4,False,False,object_aggregation,number,0.2222697208635509,False,False
2433720,0060 - Laparoscopic Cholecystectomy.mp4,False,False,object_aggregation,number,0.2222697208635509,False,False
2434701,0060 - Laparoscopic Cholecystectomy.mp4,False,False,object_aggregation,number,0.2222697208635509,False,True
2434865,0060 - Laparoscopic Cholecystectomy.mp4,False,False,object_aggregation,number,0.2222697208635509,False,False
2435577,0060 - Laparoscopic Cholecystectomy.mp4,False,False,object_aggregation,number,0.22177006836864166,False,False
2435645,0060 - Laparoscopic Cholecystectomy.mp4,False,False,object_aggregation,number,0.22177006836864166,False,False
2435651,0060 - Laparoscopic Cholecystectomy.mp4,False,False,object_aggregation,number,0.22177006836864166,False,False
2435665,0060 - Laparoscopic Cholecystectomy.mp4,False,False,object_aggregation,number,0.22177006836864166,False,False
2443372,0060 - Laparoscopic Cholecystectomy.mp4,False,False,object_aggregation,binary,0.22177006836864166,False,True
2442464,0060 - Laparoscopic Cholecystectomy.mp4,False,False,object_aggregation,binary,0.22177006836864166,False,False
2460838,0060 - Laparoscopic Cholecystectomy.mp4,False,False,object_aggregation,binary,0.22177006836864166,False,False
2460854,0060 - Laparoscopic Cholecystectomy.mp4,False,False,object_aggregation,binary,0.22177006836864166,False,True
2411975,0060 - Laparoscopic Cholecystectomy.mp4,False,False,object_identification,fo_class,0.23793465649941936,False,False
2412160,0060 - Laparoscopic Cholecystectomy.mp4,False,False,object_identification,fo_class,0.23793465649941936,False,False
2411789,0060 - Laparoscopic Cholecystectomy.mp4,False,False,object_identification,fo_class,0.23793465649941936,False,False
2412264,0060 - Laparoscopic Cholecystectomy.mp4,False,False,object_identification,fo_class,0.23793465649941936,False,False
2412141,0060 - Laparoscopic Cholecystectomy.mp4,False,False,object_identification,fo_class,0.23793465649941936,False,True
2412113,0060 - Laparoscopic Cholecystectomy.mp4,False,False,object_identification,fo_class,0.23793465649941936,False,False
2412097,0060 - Laparoscopic Cholecystectomy.mp4,False,False,object_identification,fo_class,0.23793465649941936,False,False
2424784,0060 - Laparoscopic Cholecystectomy.mp4,False,False,object_identification,fo_class,0.23793465649941936,False,False
2424453,0060 - Laparoscopic Cholecystectomy.mp4,False,False,object_identification,fo_class,0.2275137531105429,False,True
2424794,0060 - Laparoscopic Cholecystectomy.mp4,False,False,object_identification,fo_class,0.2275137531105429,False,False
2427720,0060 - Laparoscopic Cholecystectomy.mp4,False,False,object_identification,fo_class,0.2275137531105429,False,False
2427676,0060 - Laparoscopic Cholecystectomy.mp4,False,False,object_identification,fo_class,0.2275137531105429,False,False
2427550,0060 - Laparoscopic Cholecystectomy.mp4,False,False,object_identification,fo_class,0.2275137531105429,False,False
2427717,0060 - Laparoscopic Cholecystectomy.mp4,False,False,object_identification,fo_class,0.2275137531105429,False,False
2427512,0060 - Laparoscopic Cholecystectomy.mp4,False,False,object_identification,fo_class,0.2275137531105429,False,True
2427608,0060 - Laparoscopic Cholecystectomy.mp4,False,False,object_identification,fo_class,0.2275137531105429,False,False
2427258,0060 - Laparoscopic Cholecystectomy.mp4,False,False,object_identification,fo_class,0.24169110762886703,False,False
2427256,0060 - Laparoscopic Cholecystectomy.mp4,False,False,object_identification,fo_class,0.24169110762886703,False,False
2427622,0060 - Laparoscopic Cholecystectomy.mp4,False,False,object_identification,fo_class,0.24169110762886703,False,False
2469752,0060 - Laparoscopic Cholecystectomy.mp4,False,False,object_identification,fo_class,0.24169110762886703,False,True
2469849,0060 - Laparoscopic Cholecystectomy.mp4,False,False,object_identification,fo_class,0.24169110762886703,False,True
2469959,0060 - Laparoscopic Cholecystectomy.mp4,False,False,object_identification,fo_class,0.24169110762886703,False,False
5023949,0060 - Laparoscopic Cholecystectomy.mp4,False,False,object_attributes,open_ended,0.24169110762886703,False,False
2459586,0060 - Laparoscopic Cholecystectomy.mp4,False,False,spatial_localization_camera,open_ended,0.24169110762886703,False,False
2487245,0060 - Laparoscopic Cholecystectomy.mp4,False,False,spatial_localization_camera,fo_class,0.23277285549556836,False,False
2487475,0060 - Laparoscopic Cholecystectomy.mp4,False,False,spatial_localization_camera,fo_class,0.23277285549556836,False,True
2501605,0061 - Laparoscopic Cholecystectomy.mp4,False,False,object_identification,fo_class,0.23277285549556836,False,False
2501739,0061 - Laparoscopic Cholecystectomy.mp4,False,False,object_identification,fo_class,0.23277285549556836,False,False
2510441,0061 - Laparoscopic Cholecystectomy.mp4,False,False,object_identification,fo_class,0.23277285549556836,False,True
2510160,0061 - Laparoscopic Cholecystectomy.mp4,False,False,object_identification,fo_class,0.23277285549556836,False,False
2510060,0061 - Laparoscopic Cholecystectomy.mp4,False,False,object_identification,fo_class,0.23277285549556836,False,False
2513022,0061 - Laparoscopic Cholecystectomy.mp4,False,False,object_identification,fo_class,0.23277285549556836,False,True
2513192,0061 - Laparoscopic Cholecystectomy.mp4,False,False,object_identification,fo_class,0.23322886426467448,False,False
2512884,0061 - Laparoscopic Cholecystectomy.mp4,False,False,object_identification,fo_class,0.23322886426467448,False,False
2512860,0061 - Laparoscopic Cholecystectomy.mp4,False,False,object_identification,fo_class,0.23322886426467448,False,False
2512923,0061 - Laparoscopic Cholecystectomy.mp4,False,False,object_identification,fo_class,0.23322886426467448,False,False
2512748,0061 - Laparoscopic Cholecystectomy.mp4,False,False,object_identification,fo_class,0.23322886426467448,False,False
2543902,0061 - Laparoscopic Cholecystectomy.mp4,False,False,object_identification,fo_class,0.23322886426467448,False,False
2543620,0061 - Laparoscopic Cholecystectomy.mp4,False,False,object_identification,fo_class,0.23322886426467448,False,False
2543623,0061 - Laparoscopic Cholecystectomy.mp4,False,False,object_identification,fo_class,0.23322886426467448,False,False
2543739,0061 - Laparoscopic Cholecystectomy.mp4,False,False,object_identification,fo_class,0.2572163321019616,False,False
5023111,0061 - Laparoscopic Cholecystectomy.mp4,False,False,object_attributes,open_ended,0.2572163321019616,False,True
5023119,0061 - Laparoscopic Cholecystectomy.mp4,False,False,object_attributes,open_ended,0.2572163321019616,False,True
5023121,0061 - Laparoscopic Cholecystectomy.mp4,False,False,object_attributes,open_ended,0.2572163321019616,False,False
2536701,0061 - Laparoscopic Cholecystectomy.mp4,False,False,spatial_localization_camera,open_ended,0.2572163321019616,False,False
2556790,0061 - Laparoscopic Cholecystectomy.mp4,False,False,spatial_localization_camera,fo_class,0.2572163321019616,False,False
2556801,0061 - Laparoscopic Cholecystectomy.mp4,False,False,spatial_localization_camera,fo_class,0.2572163321019616,False,False
2561926,0061 - Laparoscopic Cholecystectomy.mp4,False,False,spatial_localization_camera,multiple_choice,0.2572163321019616,False,True
2562168,0061 - Laparoscopic Cholecystectomy.mp4,False,False,spatial_localization_camera,multiple_choice,0.23714649910107255,False,False
2562075,0061 - Laparoscopic Cholecystectomy.mp4,False,False,spatial_localization_camera,multiple_choice,0.23714649910107255,False,True
2562202,0061 - Laparoscopic Cholecystectomy.mp4,False,False,spatial_localization_camera,multiple_choice,0.23714649910107255,False,True
2517871,0061 - Laparoscopic Cholecystectomy.mp4,False,False,object_aggregation,number,0.23714649910107255,False,True
2517927,0061 - Laparoscopic Cholecystectomy.mp4,False,False,object_aggregation,number,0.23714649910107255,False,False
2518120,0061 - Laparoscopic Cholecystectomy.mp4,False,False,object_aggregation,number,0.23714649910107255,False,False
2518304,0061 - Laparoscopic Cholecystectomy.mp4,False,False,object_aggregation,number,0.23714649910107255,False,False
2518291,0061 - Laparoscopic Cholecystectomy.mp4,False,False,object_aggregation,number,0.23714649910107255,False,False
2517945,0061 - Laparoscopic Cholecystectomy.mp4,False,False,object_aggregation,number,0.2281929019954987,False,False
2517892,0061 - Laparoscopic Cholecystectomy.mp4,False,False,object_aggregation,number,0.2281929019954987,False,False
2518413,0061 - Laparoscopic Cholecystectomy.mp4,False,False,object_aggregation,number,0.2281929019954987,False,False
2518778,0061 - Laparoscopic Cholecystectomy.mp4,False,False,object_aggregation,number,0.2281929019954987,False,False
2519510,0061 - Laparoscopic Cholecystectomy.mp4,False,False,object_aggregation,number,0.2281929019954987,False,False
2519990,0061 - Laparoscopic Cholecystectomy.mp4,False,False,object_aggregation,number,0.2281929019954987,False,False
2520093,0061 - Laparoscopic Cholecystectomy.mp4,False,False,object_aggregation,number,0.2281929019954987,False,False
2520097,0061 - Laparoscopic Cholecystectomy.mp4,False,False,object_aggregation,number,0.2281929019954987,False,False
2520079,0061 - Laparoscopic Cholecystectomy.mp4,False,False,object_aggregation,number,0.23322701311553828,False,False
2520103,0061 - Laparoscopic Cholecystectomy.mp4,False,False,object_aggregation,number,0.23322701311553828,False,False
2525189,0061 - Laparoscopic Cholecystectomy.mp4,False,False,object_aggregation,binary,0.23322701311553828,False,True
2524393,0061 - Laparoscopic Cholecystectomy.mp4,False,False,object_aggregation,binary,0.23322701311553828,False,False
2538139,0061 - Laparoscopic Cholecystectomy.mp4,False,False,object_aggregation,binary,0.23322701311553828,False,False
2538157,0061 - Laparoscopic Cholecystectomy.mp4,False,False,object_aggregation,binary,0.23322701311553828,False,True
2501701,0061 - Laparoscopic Cholecystectomy.mp4,False,False,object_identification,fo_class,0.23322701311553828,False,False
2501757,0061 - Laparoscopic Cholecystectomy.mp4,False,False,object_identification,fo_class,0.23322701311553828,False,False
2510481,0061 - Laparoscopic Cholecystectomy.mp4,False,False,object_identification,fo_class,0.23413087302469648,False,True
2510465,0061 - Laparoscopic Cholecystectomy.mp4,False,False,object_identification,fo_class,0.23413087302469648,False,False
2510295,0061 - Laparoscopic Cholecystectomy.mp4,False,False,object_identification,fo_class,0.23413087302469648,False,False
2513053,0061 - Laparoscopic Cholecystectomy.mp4,False,False,object_identification,fo_class,0.23413087302469648,False,False
2512984,0061 - Laparoscopic Cholecystectomy.mp4,False,False,object_identification,fo_class,0.23413087302469648,False,False
2513136,0061 - Laparoscopic Cholecystectomy.mp4,False,False,object_identification,fo_class,0.23413087302469648,False,True
2512814,0061 - Laparoscopic Cholecystectomy.mp4,False,False,object_identification,fo_class,0.23413087302469648,False,False
2512947,0061 - Laparoscopic Cholecystectomy.mp4,False,False,object_identification,fo_class,0.23413087302469648,False,False
2512881,0061 - Laparoscopic Cholecystectomy.mp4,False,False,object_identification,fo_class,0.24755872751120478,False,False
2543924,0061 - Laparoscopic Cholecystectomy.mp4,False,False,object_identification,fo_class,0.24755872751120478,False,False
2543619,0061 - Laparoscopic Cholecystectomy.mp4,False,False,object_identification,fo_class,0.24755872751120478,False,False
2543622,0061 - Laparoscopic Cholecystectomy.mp4,False,False,object_identification,fo_class,0.24755872751120478,False,True
2543836,0061 - Laparoscopic Cholecystectomy.mp4,False,False,object_identification,fo_class,0.24755872751120478,False,False
5023113,0061 - Laparoscopic Cholecystectomy.mp4,False,False,object_attributes,open_ended,0.24755872751120478,False,True
5023117,0061 - Laparoscopic Cholecystectomy.mp4,False,False,object_attributes,open_ended,0.24755872751120478,False,True
2536836,0061 - Laparoscopic Cholecystectomy.mp4,False,False,spatial_localization_camera,open_ended,0.24755872751120478,False,False
2556802,0061 - Laparoscopic Cholecystectomy.mp4,False,False,spatial_localization_camera,fo_class,0.23836317789391614,False,False
2562099,0061 - Laparoscopic Cholecystectomy.mp4,False,False,spatial_localization_camera,multiple_choice,0.23836317789391614,False,True
2562182,0061 - Laparoscopic Cholecystectomy.mp4,False,False,spatial_localization_camera,multiple_choice,0.23836317789391614,False,False
2562199,0061 - Laparoscopic Cholecystectomy.mp4,False,False,spatial_localization_camera,multiple_choice,0.23836317789391614,False,True
2562203,0061 - Laparoscopic Cholecystectomy.mp4,False,False,spatial_localization_camera,multiple_choice,0.23836317789391614,False,True
2517922,0061 - Laparoscopic Cholecystectomy.mp4,False,False,object_aggregation,number,0.23836317789391614,False,True
2518275,0061 - Laparoscopic Cholecystectomy.mp4,False,False,object_aggregation,number,0.23836317789391614,False,False
2518196,0061 - Laparoscopic Cholecystectomy.mp4,False,False,object_aggregation,number,0.23836317789391614,False,False
2517874,0061 - Laparoscopic Cholecystectomy.mp4,False,False,object_aggregation,number,0.23571599801653065,False,False
2518188,0061 - Laparoscopic Cholecystectomy.mp4,False,False,object_aggregation,number,0.23571599801653065,False,False
2518283,0061 - Laparoscopic Cholecystectomy.mp4,False,False,object_aggregation,number,0.23571599801653065,False,False
2517917,0061 - Laparoscopic Cholecystectomy.mp4,False,False,object_aggregation,number,0.23571599801653065,False,False
2518689,0061 - Laparoscopic Cholecystectomy.mp4,False,False,object_aggregation,number,0.23571599801653065,False,True
2518819,0061 - Laparoscopic Cholecystectomy.mp4,False,False,object_aggregation,number,0.23571599801653065,False,False
2657593,0065 - Laparoscopic Cholecystectomy.mp4,False,False,object_identification,fo_class,0.23571599801653065,False,False
2662432,0065 - Laparoscopic Cholecystectomy.mp4,False,False,object_identification,fo_class,0.23571599801653065,False,False
2662655,0065 - Laparoscopic Cholecystectomy.mp4,False,False,object_identification,fo_class,0.22754654838354327,False,True
2662584,0065 - Laparoscopic Cholecystectomy.mp4,False,False,object_identification,fo_class,0.22754654838354327,False,False
2663267,0065 - Laparoscopic Cholecystectomy.mp4,False,False,object_identification,fo_class,0.22754654838354327,False,False
2663380,0065 - Laparoscopic Cholecystectomy.mp4,False,False,object_identification,fo_class,0.22754654838354327,False,True
2663529,0065 - Laparoscopic Cholecystectomy.mp4,False,False,object_identification,fo_class,0.22754654838354327,False,False
2663290,0065 - Laparoscopic Cholecystectomy.mp4,False,False,object_identification,fo_class,0.22754654838354327,False,False
2679277,0065 - Laparoscopic Cholecystectomy.mp4,False,False,object_identification,fo_class,0.22754654838354327,False,False
2679374,0065 - Laparoscopic Cholecystectomy.mp4,False,False,object_identification,fo_class,0.22754654838354327,False,False
5023081,0065 - Laparoscopic Cholecystectomy.mp4,False,False,object_attributes,open_ended,0.23611693538259715,False,False
5023078,0065 - Laparoscopic Cholecystectomy.mp4,False,False,object_attributes,open_ended,0.23611693538259715,False,True
5023074,0065 - Laparoscopic Cholecystectomy.mp4,False,False,object_attributes,open_ended,0.23611693538259715,False,False
2675722,0065 - Laparoscopic Cholecystectomy.mp4,False,False,spatial_localization_camera,open_ended,0.23611693538259715,False,False
2686072,0065 - Laparoscopic Cholecystectomy.mp4,False,False,spatial_localization_camera,fo_class,0.23611693538259715,False,True
2688957,0065 - Laparoscopic Cholecystectomy.mp4,False,False,spatial_localization_camera,multiple_choice,0.23611693538259715,False,True
5024434,0065 - Laparoscopic Cholecystectomy.mp4,False,False,spatial_localization_situs,open_ended,0.23611693538259715,False,True
2665862,0065 - Laparoscopic Cholecystectomy.mp4,False,False,object_aggregation,number,0.23611693538259715,False,False
2665923,0065 - Laparoscopic Cholecystectomy.mp4,False,False,object_aggregation,number,0.2221312936162576,False,False
2665983,0065 - Laparoscopic Cholecystectomy.mp4,False,False,object_aggregation,number,0.2221312936162576,False,False
2665932,0065 - Laparoscopic Cholecystectomy.mp4,False,False,object_aggregation,number,0.2221312936162576,False,False
2666031,0065 - Laparoscopic Cholecystectomy.mp4,False,False,object_aggregation,number,0.2221312936162576,False,False
2666150,0065 - Laparoscopic Cholecystectomy.mp4,False,False,object_aggregation,number,0.2221312936162576,False,False
2666426,0065 - Laparoscopic Cholecystectomy.mp4,False,False,object_aggregation,number,0.2221312936162576,False,False
2666666,0065 - Laparoscopic Cholecystectomy.mp4,False,False,object_aggregation,number,0.2221312936162576,False,False
2667467,0065 - Laparoscopic Cholecystectomy.mp4,False,False,object_aggregation,number,0.2221312936162576,False,False
2667503,0065 - Laparoscopic Cholecystectomy.mp4,False,False,object_aggregation,number,0.22169118488091044,False,False
2667540,0065 - Laparoscopic Cholecystectomy.mp4,False,False,object_aggregation,number,0.22169118488091044,False,False
2667512,0065 - Laparoscopic Cholecystectomy.mp4,False,False,object_aggregation,number,0.22169118488091044,False,False
2667645,0065 - Laparoscopic Cholecystectomy.mp4,False,False,object_aggregation,number,0.22169118488091044,False,False
2667730,0065 - Laparoscopic Cholecystectomy.mp4,False,False,object_aggregation,number,0.22169118488091044,False,False
2670411,0065 - Laparoscopic Cholecystectomy.mp4,False,False,object_aggregation,binary,0.22169118488091044,False,True
2670846,0065 - Laparoscopic Cholecystectomy.mp4,False,False,object_aggregation,binary,0.22169118488091044,False,True
2676821,0065 - Laparoscopic Cholecystectomy.mp4,False,False,object_aggregation,binary,0.22169118488091044,False,True
2676858,0065 - Laparoscopic Cholecystectomy.mp4,False,False,object_aggregation,binary,0.2274298621341586,False,False
2657586,0065 - Laparoscopic Cholecystectomy.mp4,False,False,object_identification,fo_class,0.2274298621341586,False,False
2662672,0065 - Laparoscopic Cholecystectomy.mp4,False,False,object_identification,fo_class,0.2274298621341586,False,True
2662615,0065 - Laparoscopic Cholecystectomy.mp4,False,False,object_identification,fo_class,0.2274298621341586,False,True
2663531,0065 - Laparoscopic Cholecystectomy.mp4,False,False,object_identification,fo_class,0.2274298621341586,False,False
2663547,0065 - Laparoscopic Cholecystectomy.mp4,False,False,object_identification,fo_class,0.2274298621341586,False,True
2663325,0065 - Laparoscopic Cholecystectomy.mp4,False,False,object_identification,fo_class,0.2274298621341586,False,False
2663578,0065 - Laparoscopic Cholecystectomy.mp4,False,False,object_identification,fo_class,0.2274298621341586,False,False
2679310,0065 - Laparoscopic Cholecystectomy.mp4,False,False,object_identification,fo_class,0.2335570631257724,False,False
2679368,0065 - Laparoscopic Cholecystectomy.mp4,False,False,object_identification,fo_class,0.2335570631257724,False,False
5023079,0065 - Laparoscopic Cholecystectomy.mp4,False,False,object_attributes,open_ended,0.2335570631257724,False,False
5023073,0065 - Laparoscopic Cholecystectomy.mp4,False,False,object_attributes,open_ended,0.2335570631257724,False,True
5023076,0065 - Laparoscopic Cholecystectomy.mp4,False,False,object_attributes,open_ended,0.2335570631257724,False,False
2675760,0065 - Laparoscopic Cholecystectomy.mp4,False,False,spatial_localization_camera,open_ended,0.2335570631257724,False,False
2688953,0065 - Laparoscopic Cholecystectomy.mp4,False,False,spatial_localization_camera,multiple_choice,0.2335570631257724,False,True
2666172,0065 - Laparoscopic Cholecystectomy.mp4,False,False,object_aggregation,number,0.2335570631257724,False,False
2666127,0065 - Laparoscopic Cholecystectomy.mp4,False,False,object_aggregation,number,0.22202389236190356,False,False
2666001,0065 - Laparoscopic Cholecystectomy.mp4,False,False,object_aggregation,number,0.22202389236190356,False,False
2666335,0065 - Laparoscopic Cholecystectomy.mp4,False,False,object_aggregation,number,0.22202389236190356,False,False
2666527,0065 - Laparoscopic Cholecystectomy.mp4,False,False,object_aggregation,number,0.22202389236190356,False,False
2666409,0065 - Laparoscopic Cholecystectomy.mp4,False,False,object_aggregation,number,0.22202389236190356,False,False
2667753,0065 - Laparoscopic Cholecystectomy.mp4,False,False,object_aggregation,number,0.22202389236190356,False,False
2667710,0065 - Laparoscopic Cholecystectomy.mp4,False,False,object_aggregation,number,0.22202389236190356,False,False
2667692,0065 - Laparoscopic Cholecystectomy.mp4,False,False,object_aggregation,number,0.22202389236190356,False,False
2667594,0065 - Laparoscopic Cholecystectomy.mp4,False,False,object_aggregation,number,0.22689293712028302,False,False
2667794,0065 - Laparoscopic Cholecystectomy.mp4,False,False,object_aggregation,number,0.22689293712028302,False,False
2667660,0065 - Laparoscopic Cholecystectomy.mp4,False,False,object_aggregation,number,0.22689293712028302,False,False
2670267,0065 - Laparoscopic Cholecystectomy.mp4,False,False,object_aggregation,binary,0.22689293712028302,False,True
2670845,0065 - Laparoscopic Cholecystectomy.mp4,False,False,object_aggregation,binary,0.22689293712028302,False,False
2677046,0065 - Laparoscopic Cholecystectomy.mp4,False,False,object_aggregation,binary,0.22689293712028302,False,True
2676966,0065 - Laparoscopic Cholecystectomy.mp4,False,False,object_aggregation,binary,0.22689293712028302,False,False
2657592,0065 - Laparoscopic Cholecystectomy.mp4,False,False,object_identification,fo_class,0.22689293712028302,False,False
2662519,0065 - Laparoscopic Cholecystectomy.mp4,False,False,object_identification,fo_class,0.22756872975151055,False,False
2662680,0065 - Laparoscopic Cholecystectomy.mp4,False,False,object_identification,fo_class,0.22756872975151055,False,True
2662618,0065 - Laparoscopic Cholecystectomy.mp4,False,False,object_identification,fo_class,0.22756872975151055,False,True
2663733,0065 - Laparoscopic Cholecystectomy.mp4,False,False,object_identification,fo_class,0.22756872975151055,False,False
2663321,0065 - Laparoscopic Cholecystectomy.mp4,False,False,object_identification,fo_class,0.22756872975151055,False,True
2663627,0065 - Laparoscopic Cholecystectomy.mp4,False,False,object_identification,fo_class,0.22756872975151055,False,False
2663639,0065 - Laparoscopic Cholecystectomy.mp4,False,False,object_identification,fo_class,0.22756872975151055,False,False
2679324,0065 - Laparoscopic Cholecystectomy.mp4,False,False,object_identification,fo_class,0.22756872975151055,False,False
2679372,0065 - Laparoscopic Cholecystectomy.mp4,False,False,object_identification,fo_class,0.23107727963360958,False,False
5023075,0065 - Laparoscopic Cholecystectomy.mp4,False,False,object_attributes,open_ended,0.23107727963360958,False,False
2675771,0065 - Laparoscopic Cholecystectomy.mp4,False,False,spatial_localization_camera,open_ended,0.23107727963360958,False,False
2693219,0066 - Laparoscopic Cholecystectomy.mp4,False,False,object_identification,fo_class,0.23107727963360958,False,False
2693270,0066 - Laparoscopic Cholecystectomy.mp4,False,False,object_identification,fo_class,0.23107727963360958,False,False
2693256,0066 - Laparoscopic Cholecystectomy.mp4,False,False,object_identification,fo_class,0.23107727963360958,False,False
2698557,0066 - Laparoscopic Cholecystectomy.mp4,False,False,object_identification,fo_class,0.23107727963360958,False,False
2698866,0066 - Laparoscopic Cholecystectomy.mp4,False,False,object_identification,fo_class,0.23107727963360958,False,True
2698892,0066 - Laparoscopic Cholecystectomy.mp4,False,False,object_identification,fo_class,0.22544791977270506,False,True
2700487,0066 - Laparoscopic Cholecystectomy.mp4,False,False,object_identification,fo_class,0.22544791977270506,False,False
2700803,0066 - Laparoscopic Cholecystectomy.mp4,False,False,object_identification,fo_class,0.22544791977270506,False,False
2700517,0066 - Laparoscopic Cholecystectomy.mp4,False,False,object_identification,fo_class,0.22544791977270506,False,False
2700486,0066 - Laparoscopic Cholecystectomy.mp4,False,False,object_identification,fo_class,0.22544791977270506,False,False
2700610,0066 - Laparoscopic Cholecystectomy.mp4,False,False,object_identification,fo_class,0.22544791977270506,False,False
2700586,0066 - Laparoscopic Cholecystectomy.mp4,False,False,object_identification,fo_class,0.22544791977270506,False,True
2720480,0066 - Laparoscopic Cholecystectomy.mp4,False,False,object_identification,fo_class,0.22544791977270506,False,False
2720430,0066 - Laparoscopic Cholecystectomy.mp4,False,False,object_identification,fo_class,0.23123366461368278,False,True
2720370,0066 - Laparoscopic Cholecystectomy.mp4,False,False,object_identification,fo_class,0.23123366461368278,False,True
5023783,0066 - Laparoscopic Cholecystectomy.mp4,False,False,object_identification,open_ended,0.23123366461368278,False,False
5023061,0066 - Laparoscopic Cholecystectomy.mp4,False,False,object_attributes,open_ended,0.23123366461368278,False,False
5023781,0066 - Laparoscopic Cholecystectomy.mp4,False,False,object_attributes,open_ended,0.23123366461368278,False,False
5023060,0066 - Laparoscopic Cholecystectomy.mp4,False,False,object_attributes,open_ended,0.23123366461368278,False,False
2715581,0066 - Laparoscopic Cholecystectomy.mp4,False,False,spatial_localization_camera,open_ended,0.23123366461368278,False,False
2729542,0066 - Laparoscopic Cholecystectomy.mp4,False,False,spatial_localization_camera,fo_class,0.23123366461368278,False,True
2734145,0066 - Laparoscopic Cholecystectomy.mp4,False,False,spatial_localization_camera,multiple_choice,0.2402099155005999,False,False
5024402,0066 - Laparoscopic Cholecystectomy.mp4,False,False,spatial_localization_situs,open_ended,0.2402099155005999,False,False
5024415,0066 - Laparoscopic Cholecystectomy.mp4,False,False,spatial_localization_situs,open_ended,0.2402099155005999,False,True
2703932,0066 - Laparoscopic Cholecystectomy.mp4,False,False,object_aggregation,number,0.2402099155005999,False,False
2703805,0066 - Laparoscopic Cholecystectomy.mp4,False,False,object_aggregation,number,0.2402099155005999,False,False
2703913,0066 - Laparoscopic Cholecystectomy.mp4,False,False,object_aggregation,number,0.2402099155005999,False,False
2703955,0066 - Laparoscopic Cholecystectomy.mp4,False,False,object_aggregation,number,0.2402099155005999,False,False
2704022,0066 - Laparoscopic Cholecystectomy.mp4,False,False,object_aggregation,number,0.2402099155005999,False,False
2704435,0066 - Laparoscopic Cholecystectomy.mp4,False,False,object_aggregation,number,0.22140576111269183,False,False
2704350,0066 - Laparoscopic Cholecystectomy.mp4,False,False,object_aggregation,number,0.22140576111269183,False,False
2704396,0066 - Laparoscopic Cholecystectomy.mp4,False,False,object_aggregation,number,0.22140576111269183,False,False
2705441,0066 - Laparoscopic Cholecystectomy.mp4,False,False,object_aggregation,number,0.22140576111269183,False,False
2705482,0066 - Laparoscopic Cholecystectomy.mp4,False,False,object_aggregation,number,0.22140576111269183,False,False
2705457,0066 - Laparoscopic Cholecystectomy.mp4,False,False,object_aggregation,number,0.22140576111269183,False,False
2705535,0066 - Laparoscopic Cholecystectomy.mp4,False,False,object_aggregation,number,0.22140576111269183,False,False
2708539,0066 - Laparoscopic Cholecystectomy.mp4,False,False,object_aggregation,binary,0.22140576111269183,False,True
2708919,0066 - Laparoscopic Cholecystectomy.mp4,False,False,object_aggregation,binary,0.22481712975422852,False,False
2716618,0066 - Laparoscopic Cholecystectomy.mp4,False,False,object_aggregation,binary,0.22481712975422852,False,False
2716252,0066 - Laparoscopic Cholecystectomy.mp4,False,False,object_aggregation,binary,0.22481712975422852,False,False
5024407,0066 - Laparoscopic Cholecystectomy.mp4,False,False,object_aggregation,open_ended,0.22481712975422852,False,False
2693225,0066 - Laparoscopic Cholecystectomy.mp4,False,False,object_identification,fo_class,0.22481712975422852,False,False
2693266,0066 - Laparoscopic Cholecystectomy.mp4,False,False,object_identification,fo_class,0.22481712975422852,False,False
2693238,0066 - Laparoscopic Cholecystectomy.mp4,False,False,object_identification,fo_class,0.22481712975422852,False,False
2698656,0066 - Laparoscopic Cholecystectomy.mp4,False,False,object_identification,fo_class,0.22481712975422852,False,False
2698916,0066 - Laparoscopic Cholecystectomy.mp4,False,False,object_identification,fo_class,0.22483588475733995,False,False
2698930,0066 - Laparoscopic Cholecystectomy.mp4,False,False,object_identification,fo_class,0.22483588475733995,False,False
2700665,0066 - Laparoscopic Cholecystectomy.mp4,False,False,object_identification,fo_class,0.22483588475733995,False,False
2700457,0066 - Laparoscopic Cholecystectomy.mp4,False,False,object_identification,fo_class,0.22483588475733995,False,False
2700714,0066 - Laparoscopic Cholecystectomy.mp4,False,False,object_identification,fo_class,0.22483588475733995,False,False
2700525,0066 - Laparoscopic Cholecystectomy.mp4,False,False,object_identification,fo_class,0.22483588475733995,False,False
2700948,0066 - Laparoscopic Cholecystectomy.mp4,False,False,object_identification,fo_class,0.22483588475733995,False,False
2700455,0066 - Laparoscopic Cholecystectomy.mp4,False,False,object_identification,fo_class,0.22483588475733995,False,False
2720373,0066 - Laparoscopic Cholecystectomy.mp4,False,False,object_identification,fo_class,0.2314824758504983,False,False
2720432,0066 - Laparoscopic Cholecystectomy.mp4,False,False,object_identification,fo_class,0.2314824758504983,False,True
2720369,0066 - Laparoscopic Cholecystectomy.mp4,False,False,object_identification,fo_class,0.2314824758504983,False,True
5023058,0066 - Laparoscopic Cholecystectomy.mp4,False,False,object_attributes,open_ended,0.2314824758504983,False,True
5023062,0066 - Laparoscopic Cholecystectomy.mp4,False,False,object_attributes,open_ended,0.2314824758504983,False,False
2715603,0066 - Laparoscopic Cholecystectomy.mp4,False,False,spatial_localization_camera,open_ended,0.2314824758504983,False,False
2729541,0066 - Laparoscopic Cholecystectomy.mp4,False,False,spatial_localization_camera,fo_class,0.2314824758504983,False,True
2734168,0066 - Laparoscopic Cholecystectomy.mp4,False,False,spatial_localization_camera,multiple_choice,0.2314824758504983,False,False
5024416,0066 - Laparoscopic Cholecystectomy.mp4,False,False,spatial_localization_situs,open_ended,0.23424014198826626,False,True
2704005,0066 - Laparoscopic Cholecystectomy.mp4,False,False,object_aggregation,number,0.23424014198826626,False,False
2703920,0066 - Laparoscopic Cholecystectomy.mp4,False,False,object_aggregation,number,0.23424014198826626,False,False
2703794,0066 - Laparoscopic Cholecystectomy.mp4,False,False,object_aggregation,number,0.23424014198826626,False,False
2703900,0066 - Laparoscopic Cholecystectomy.mp4,False,False,object_aggregation,number,0.23424014198826626,False,False
2704043,0066 - Laparoscopic Cholecystectomy.mp4,False,False,object_aggregation,number,0.23424014198826626,False,False
2704509,0066 - Laparoscopic Cholecystectomy.mp4,False,False,object_aggregation,number,0.23424014198826626,False,False
2704597,0066 - Laparoscopic Cholecystectomy.mp4,False,False,object_aggregation,number,0.23424014198826626,False,False
2704295,0066 - Laparoscopic Cholecystectomy.mp4,False,False,object_aggregation,number,0.22178347001317888,False,False
2705647,0066 - Laparoscopic Cholecystectomy.mp4,False,False,object_aggregation,number,0.22178347001317888,False,False
2705805,0066 - Laparoscopic Cholecystectomy.mp4,False,False,object_aggregation,number,0.22178347001317888,False,False
2705815,0066 - Laparoscopic Cholecystectomy.mp4,False,False,object_aggregation,number,0.22178347001317888,False,True
2705923,0066 - Laparoscopic Cholecystectomy.mp4,False,False,object_aggregation,number,0.22178347001317888,False,False
2708806,0066 - Laparoscopic Cholecystectomy.mp4,False,False,object_aggregation,binary,0.22178347001317888,False,True
2708953,0066 - Laparoscopic Cholecystectomy.mp4,False,False,object_aggregation,binary,0.22178347001317888,False,False
2716633,0066 - Laparoscopic Cholecystectomy.mp4,False,False,object_aggregation,binary,0.22178347001317888,False,False
2716467,0066 - Laparoscopic Cholecystectomy.mp4,False,False,object_aggregation,binary,0.2340674519946333,False,True
5024410,0066 - Laparoscopic Cholecystectomy.mp4,False,False,object_aggregation,open_ended,0.2340674519946333,False,False
2792143,0070 - Laparoscopic Cholecystectomy.mp4,False,False,object_identification,fo_class,0.2340674519946333,False,False
2792163,0070 - Laparoscopic Cholecystectomy.mp4,False,False,object_identification,fo_class,0.2340674519946333,False,False
2792154,0070 - Laparoscopic Cholecystectomy.mp4,False,False,object_identification,fo_class,0.2340674519946333,False,False
2792155,0070 - Laparoscopic Cholecystectomy.mp4,False,False,object_identification,fo_class,0.2340674519946333,False,False
2799506,0070 - Laparoscopic Cholecystectomy.mp4,False,False,object_identification,fo_class,0.2340674519946333,False,False
2799820,0070 - Laparoscopic Cholecystectomy.mp4,False,False,object_identification,fo_class,0.2340674519946333,False,False
2799758,0070 - Laparoscopic Cholecystectomy.mp4,False,False,object_identification,fo_class,0.22764282862772234,False,False
2800984,0070 - Laparoscopic Cholecystectomy.mp4,False,False,object_identification,fo_class,0.22764282862772234,False,False
2801312,0070 - Laparoscopic Cholecystectomy.mp4,False,False,object_identification,fo_class,0.22764282862772234,False,False
2801114,0070 - Laparoscopic Cholecystectomy.mp4,False,False,object_identification,fo_class,0.22764282862772234,False,False
2801059,0070 - Laparoscopic Cholecystectomy.mp4,False,False,object_identification,fo_class,0.22764282862772234,False,False
2801181,0070 - Laparoscopic Cholecystectomy.mp4,False,False,object_identification,fo_class,0.22764282862772234,False,False
2801244,0070 - Laparoscopic Cholecystectomy.mp4,False,False,object_identification,fo_class,0.22764282862772234,False,False
2826200,0070 - Laparoscopic Cholecystectomy.mp4,False,False,object_identification,fo_class,0.22764282862772234,False,False
2826319,0070 - Laparoscopic Cholecystectomy.mp4,False,False,object_identification,fo_class,0.23359694198006764,False,True
5023030,0070 - Laparoscopic Cholecystectomy.mp4,False,False,object_attributes,open_ended,0.23359694198006764,False,False
2820453,0070 - Laparoscopic Cholecystectomy.mp4,False,False,spatial_localization_camera,open_ended,0.23359694198006764,False,False
2837900,0070 - Laparoscopic Cholecystectomy.mp4,False,False,spatial_localization_camera,fo_class,0.23359694198006764,False,False
2844363,0070 - Laparoscopic Cholecystectomy.mp4,False,False,spatial_localization_camera,multiple_choice,0.23359694198006764,False,False
2844369,0070 - Laparoscopic Cholecystectomy.mp4,False,False,spatial_localization_camera,multiple_choice,0.23359694198006764,False,True
2804961,0070 - Laparoscopic Cholecystectomy.mp4,False,False,object_aggregation,number,0.23359694198006764,False,False
2805137,0070 - Laparoscopic Cholecystectomy.mp4,False,False,object_aggregation,number,0.23359694198006764,False,False
2805204,0070 - Laparoscopic Cholecystectomy.mp4,False,False,object_aggregation,number,0.21641597649431787,False,False
2805326,0070 - Laparoscopic Cholecystectomy.mp4,False,False,object_aggregation,number,0.21641597649431787,False,False
2805371,0070 - Laparoscopic Cholecystectomy.mp4,False,False,object_aggregation,number,0.21641597649431787,False,False
2805354,0070 - Laparoscopic Cholecystectomy.mp4,False,False,object_aggregation,number,0.21641597649431787,False,False
2805332,0070 - Laparoscopic Cholecystectomy.mp4,False,False,object_aggregation,number,0.21641597649431787,False,False
2805424,0070 - Laparoscopic Cholecystectomy.mp4,False,False,object_aggregation,number,0.21641597649431787,False,False
2805765,0070 - Laparoscopic Cholecystectomy.mp4,False,False,object_aggregation,number,0.21641597649431787,False,False
2805674,0070 - Laparoscopic Cholecystectomy.mp4,False,False,object_aggregation,number,0.21641597649431787,False,False
2806779,0070 - Laparoscopic Cholecystectomy.mp4,False,False,object_aggregation,number,0.22202284750528634,False,False
2806912,0070 - Laparoscopic Cholecystectomy.mp4,False,False,object_aggregation,number,0.22202284750528634,False,False
2806976,0070 - Laparoscopic Cholecystectomy.mp4,False,False,object_aggregation,number,0.22202284750528634,False,False
2807112,0070 - Laparoscopic Cholecystectomy.mp4,False,False,object_aggregation,number,0.22202284750528634,False,False
2807114,0070 - Laparoscopic Cholecystectomy.mp4,False,False,object_aggregation,number,0.22202284750528634,False,False
2807123,0070 - Laparoscopic Cholecystectomy.mp4,False,False,object_aggregation,number,0.22202284750528634,False,False
2807105,0070 - Laparoscopic Cholecystectomy.mp4,False,False,object_aggregation,number,0.22202284750528634,False,False
2811392,0070 - Laparoscopic Cholecystectomy.mp4,False,False,object_aggregation,binary,0.22202284750528634,False,True
2811749,0070 - Laparoscopic Cholecystectomy.mp4,False,False,object_aggregation,binary,0.22774913100874983,False,False
2821734,0070 - Laparoscopic Cholecystectomy.mp4,False,False,object_aggregation,binary,0.22774913100874983,False,False
2821716,0070 - Laparoscopic Cholecystectomy.mp4,False,False,object_aggregation,binary,0.22774913100874983,False,False
2792146,0070 - Laparoscopic Cholecystectomy.mp4,False,False,object_identification,fo_class,0.22774913100874983,False,False
2792165,0070 - Laparoscopic Cholecystectomy.mp4,False,False,object_identification,fo_class,0.22774913100874983,False,False
2792156,0070 - Laparoscopic Cholecystectomy.mp4,False,False,object_identification,fo_class,0.22774913100874983,False,False
2792152,0070 - Laparoscopic Cholecystectomy.mp4,False,False,object_identification,fo_class,0.22774913100874983,False,False
2799519,0070 - Laparoscopic Cholecystectomy.mp4,False,False,object_identification,fo_class,0.22774913100874983,False,False
2799818,0070 - Laparoscopic Cholecystectomy.mp4,False,False,object_identification,fo_class,0.22756981986458413,False,True
2799759,0070 - Laparoscopic Cholecystectomy.mp4,False,False,object_identification,fo_class,0.22756981986458413,False,False
2801122,0070 - Laparoscopic Cholecystectomy.mp4,False,False,object_identification,fo_class,0.22756981986458413,False,False
2801311,0070 - Laparoscopic Cholecystectomy.mp4,False,False,object_identification,fo_class,0.22756981986458413,False,False
2801444,0070 - Laparoscopic Cholecystectomy.mp4,False,False,object_identification,fo_class,0.22756981986458413,False,False
2801102,0070 - Laparoscopic Cholecystectomy.mp4,False,False,object_identification,fo_class,0.22756981986458413,False,False
2801392,0070 - Laparoscopic Cholecystectomy.mp4,False,False,object_identification,fo_class,0.22756981986458413,False,False
2826258,0070 - Laparoscopic Cholecystectomy.mp4,False,False,object_identification,fo_class,0.22756981986458413,False,False
2826313,0070 - Laparoscopic Cholecystectomy.mp4,False,False,object_identification,fo_class,0.23384542335406877,False,False
5023032,0070 - Laparoscopic Cholecystectomy.mp4,False,False,object_attributes,open_ended,0.23384542335406877,False,False
5023031,0070 - Laparoscopic Cholecystectomy.mp4,False,False,object_attributes,open_ended,0.23384542335406877,False,True
2820457,0070 - Laparoscopic Cholecystectomy.mp4,False,False,spatial_localization_camera,open_ended,0.23384542335406877,False,False
2837905,0070 - Laparoscopic Cholecystectomy.mp4,False,False,spatial_localization_camera,fo_class,0.23384542335406877,False,False
2844349,0070 - Laparoscopic Cholecystectomy.mp4,False,False,spatial_localization_camera,multiple_choice,0.23384542335406877,False,False
2805048,0070 - Laparoscopic Cholecystectomy.mp4,False,False,object_aggregation,number,0.23384542335406877,False,False
2805309,0070 - Laparoscopic Cholecystectomy.mp4,False,False,object_aggregation,number,0.23384542335406877,False,False
2805325,0070 - Laparoscopic Cholecystectomy.mp4,False,False,object_aggregation,number,0.22233799760579132,False,False
2804910,0070 - Laparoscopic Cholecystectomy.mp4,False,False,object_aggregation,number,0.22233799760579132,False,False
2805387,0070 - Laparoscopic Cholecystectomy.mp4,False,False,object_aggregation,number,0.22233799760579132,False,False
2805378,0070 - Laparoscopic Cholecystectomy.mp4,False,False,object_aggregation,number,0.22233799760579132,False,False
2805542,0070 - Laparoscopic Cholecystectomy.mp4,False,False,object_aggregation,number,0.22233799760579132,False,False
2805632,0070 - Laparoscopic Cholecystectomy.mp4,False,False,object_aggregation,number,0.22233799760579132,False,False
2805401,0070 - Laparoscopic Cholecystectomy.mp4,False,False,object_aggregation,number,0.22233799760579132,False,False
2806851,0070 - Laparoscopic Cholecystectomy.mp4,False,False,object_aggregation,number,0.22233799760579132,False,False
2807053,0070 - Laparoscopic Cholecystectomy.mp4,False,False,object_aggregation,number,0.22275914123747498,False,False
2807033,0070 - Laparoscopic Cholecystectomy.mp4,False,False,object_aggregation,number,0.22275914123747498,False,False
2806704,0070 - Laparoscopic Cholecystectomy.mp4,False,False,object_aggregation,number,0.22275914123747498,False,False
2807157,0070 - Laparoscopic Cholecystectomy.mp4,False,False,object_aggregation,number,0.22275914123747498,False,False
2807148,0070 - Laparoscopic Cholecystectomy.mp4,False,False,object_aggregation,number,0.22275914123747498,False,False
2811394,0070 - Laparoscopic Cholecystectomy.mp4,False,False,object_aggregation,binary,0.22275914123747498,False,True
2811253,0070 - Laparoscopic Cholecystectomy.mp4,False,False,object_aggregation,binary,0.22275914123747498,False,False
2822109,0070 - Laparoscopic Cholecystectomy.mp4,False,False,object_aggregation,binary,0.22275914123747498,False,False
2821841,0070 - Laparoscopic Cholecystectomy.mp4,False,False,object_aggregation,binary,0.2382438932545483,False,True
2898988,0072 - Laparoscopic Cholecystectomy.mp4,False,False,object_identification,fo_class,0.2382438932545483,False,False
2898879,0072 - Laparoscopic Cholecystectomy.mp4,False,False,object_identification,fo_class,0.2382438932545483,False,False
2898886,0072 - Laparoscopic Cholecystectomy.mp4,False,False,object_identification,fo_class,0.2382438932545483,False,False
2898952,0072 - Laparoscopic Cholecystectomy.mp4,False,False,object_identification,fo_class,0.2382438932545483,False,False
2899169,0072 - Laparoscopic Cholecystectomy.mp4,False,False,object_identification,fo_class,0.2382438932545483,False,False
2898887,0072 - Laparoscopic Cholecystectomy.mp4,False,False,object_identification,fo_class,0.2382438932545483,False,False
2909786,0072 - Laparoscopic Cholecystectomy.mp4,False,False,object_identification,fo_class,0.2382438932545483,False,False
2909933,0072 - Laparoscopic Cholecystectomy.mp4,False,False,object_identification,fo_class,0.2274351273663342,False,True
2909930,0072 - Laparoscopic Cholecystectomy.mp4,False,False,object_identification,fo_class,0.2274351273663342,False,True
2909963,0072 - Laparoscopic Cholecystectomy.mp4,False,False,object_identification,fo_class,0.2274351273663342,False,True
2912479,0072 - Laparoscopic Cholecystectomy.mp4,False,False,object_identification,fo_class,0.2274351273663342,False,False
2912682,0072 - Laparoscopic Cholecystectomy.mp4,False,False,object_identification,fo_class,0.2274351273663342,False,False
2912955,0072 - Laparoscopic Cholecystectomy.mp4,False,False,object_identification,fo_class,0.2274351273663342,False,False
2912775,0072 - Laparoscopic Cholecystectomy.mp4,False,False,object_identification,fo_class,0.2274351273663342,False,False
2912676,0072 - Laparoscopic Cholecystectomy.mp4,False,False,object_identification,fo_class,0.2274351273663342,False,False
2912931,0072 - Laparoscopic Cholecystectomy.mp4,False,False,object_identification,fo_class,0.23624703826499172,False,True
2912949,0072 - Laparoscopic Cholecystectomy.mp4,False,False,object_identification,fo_class,0.23624703826499172,False,False
2912962,0072 - Laparoscopic Cholecystectomy.mp4,False,False,object_identification,fo_class,0.23624703826499172,False,False
2947035,0072 - Laparoscopic Cholecystectomy.mp4,False,False,object_identification,fo_class,0.23624703826499172,False,False
2947112,0072 - Laparoscopic Cholecystectomy.mp4,False,False,object_identification,fo_class,0.23624703826499172,False,True
2947031,0072 - Laparoscopic Cholecystectomy.mp4,False,False,object_identification,fo_class,0.23624703826499172,False,False
5023762,0072 - Laparoscopic Cholecystectomy.mp4,False,False,object_attributes,open_ended,0.23624703826499172,False,False
5023769,0072 - Laparoscopic Cholecystectomy.mp4,False,False,object_attributes,open_ended,0.23624703826499172,False,False
5023763,0072 - Laparoscopic Cholecystectomy.mp4,False,False,object_attributes,open_ended,0.24433186787064187,False,False
2939177,0072 - Laparoscopic Cholecystectomy.mp4,False,False,spatial_localization_camera,open_ended,0.24433186787064187,False,False
2961544,0072 - Laparoscopic Cholecystectomy.mp4,False,False,spatial_localization_camera,fo_class,0.24433186787064187,False,False
2961549,0072 - Laparoscopic Cholecystectomy.mp4,False,False,spatial_localization_camera,fo_class,0.24433186787064187,False,True
2967902,0072 - Laparoscopic Cholecystectomy.mp4,False,False,spatial_localization_camera,multiple_choice,0.24433186787064187,False,False
2967848,0072 - Laparoscopic Cholecystectomy.mp4,False,False,spatial_localization_camera,multiple_choice,0.24433186787064187,False,True
2967833,0072 - Laparoscopic Cholecystectomy.mp4,False,False,spatial_localization_camera,multiple_choice,0.24433186787064187,False,True
2967839,0072 - Laparoscopic Cholecystectomy.mp4,False,False,spatial_localization_camera,multiple_choice,0.24433186787064187,False,False
2918228,0072 - Laparoscopic Cholecystectomy.mp4,False,False,object_aggregation,number,0.21604263913468458,False,True
2918248,0072 - Laparoscopic Cholecystectomy.mp4,False,False,object_aggregation,number,0.21604263913468458,False,False
2918264,0072 - Laparoscopic Cholecystectomy.mp4,False,False,object_aggregation,number,0.21604263913468458,False,False
2918471,0072 - Laparoscopic Cholecystectomy.mp4,False,False,object_aggregation,number,0.21604263913468458,False,False
2918498,0072 - Laparoscopic Cholecystectomy.mp4,False,False,object_aggregation,number,0.21604263913468458,False,False
2918765,0072 - Laparoscopic Cholecystectomy.mp4,False,False,object_aggregation,number,0.21604263913468458,False,True
2918878,0072 - Laparoscopic Cholecystectomy.mp4,False,False,object_aggregation,number,0.21604263913468458,False,False
2918830,0072 - Laparoscopic Cholecystectomy.mp4,False,False,object_aggregation,number,0.21604263913468458,False,False
2920344,0072 - Laparoscopic Cholecystectomy.mp4,False,False,object_aggregation,number,0.22187103261239827,False,False
2920374,0072 - Laparoscopic Cholecystectomy.mp4,False,False,object_aggregation,number,0.22187103261239827,False,False
2920382,0072 - Laparoscopic Cholecystectomy.mp4,False,False,object_aggregation,number,0.22187103261239827,False,True
2920643,0072 - Laparoscopic Cholecystectomy.mp4,False,False,object_aggregation,number,0.22187103261239827,False,False
2920809,0072 - Laparoscopic Cholecystectomy.mp4,False,False,object_aggregation,number,0.22187103261239827,False,False
2925221,0072 - Laparoscopic Cholecystectomy.mp4,False,False,object_aggregation,binary,0.22187103261239827,False,True
2926569,0072 - Laparoscopic Cholecystectomy.mp4,False,False,object_aggregation,binary,0.22187103261239827,False,True
2940566,0072 - Laparoscopic Cholecystectomy.mp4,False,False,object_aggregation,binary,0.22187103261239827,False,False
2940436,0072 - Laparoscopic Cholecystectomy.mp4,False,False,object_aggregation,binary,0.23803899323684163,False,True
2899119,0072 - Laparoscopic Cholecystectomy.mp4,False,False,object_identification,fo_class,0.23803899323684163,False,False
2898881,0072 - Laparoscopic Cholecystectomy.mp4,False,False,object_identification,fo_class,0.23803899323684163,False,False
2899149,0072 - Laparoscopic Cholecystectomy.mp4,False,False,object_identification,fo_class,0.23803899323684163,False,False
2898888,0072 - Laparoscopic Cholecystectomy.mp4,False,False,object_identification,fo_class,0.23803899323684163,False,False
2909803,0072 - Laparoscopic Cholecystectomy.mp4,False,False,object_identification,fo_class,0.23803899323684163,False,False
2910074,0072 - Laparoscopic Cholecystectomy.mp4,False,False,object_identification,fo_class,0.23803899323684163,False,False
2909926,0072 - Laparoscopic Cholecystectomy.mp4,False,False,object_identification,fo_class,0.23803899323684163,False,False
2910016,0072 - Laparoscopic Cholecystectomy.mp4,False,False,object_identification,fo_class,0.22760183113859966,False,True
2912747,0072 - Laparoscopic Cholecystectomy.mp4,False,False,object_identification,fo_class,0.22760183113859966,False,False
2912781,0072 - Laparoscopic Cholecystectomy.mp4,False,False,object_identification,fo_class,0.22760183113859966,False,False
2912959,0072 - Laparoscopic Cholecystectomy.mp4,False,False,object_identification,fo_class,0.22760183113859966,False,False
2912779,0072 - Laparoscopic Cholecystectomy.mp4,False,False,object_identification,fo_class,0.22760183113859966,False,True
2912514,0072 - Laparoscopic Cholecystectomy.mp4,False,False,object_identification,fo_class,0.22760183113859966,False,False
2912890,0072 - Laparoscopic Cholecystectomy.mp4,False,False,object_identification,fo_class,0.22760183113859966,False,True
2947082,0072 - Laparoscopic Cholecystectomy.mp4,False,False,object_identification,fo_class,0.22760183113859966,False,False
2947124,0072 - Laparoscopic Cholecystectomy.mp4,False,False,object_identification,fo_class,0.24438066425500438,False,False
2947243,0072 - Laparoscopic Cholecystectomy.mp4,False,False,object_identification,fo_class,0.24438066425500438,False,False
5023774,0072 - Laparoscopic Cholecystectomy.mp4,False,False,object_attributes,open_ended,0.24438066425500438,False,False
5023776,0072 - Laparoscopic Cholecystectomy.mp4,False,False,object_attributes,open_ended,0.24438066425500438,False,False
5023777,0072 - Laparoscopic Cholecystectomy.mp4,False,False,object_attributes,open_ended,0.24438066425500438,False,True
2939186,0072 - Laparoscopic Cholecystectomy.mp4,False,False,spatial_localization_camera,open_ended,0.24438066425500438,False,False
2961545,0072 - Laparoscopic Cholecystectomy.mp4,False,False,spatial_localization_camera,fo_class,0.24438066425500438,False,False
2961553,0072 - Laparoscopic Cholecystectomy.mp4,False,False,spatial_localization_camera,fo_class,0.24438066425500438,False,True
2967866,0072 - Laparoscopic Cholecystectomy.mp4,False,False,spatial_localization_camera,multiple_choice,0.2255402950104326,False,False
2967869,0072 - Laparoscopic Cholecystectomy.mp4,False,False,spatial_localization_camera,multiple_choice,0.2255402950104326,False,False
2967853,0072 - Laparoscopic Cholecystectomy.mp4,False,False,spatial_localization_camera,multiple_choice,0.2255402950104326,False,True
2967896,0072 - Laparoscopic Cholecystectomy.mp4,False,False,spatial_localization_camera,multiple_choice,0.2255402950104326,False,True
2918391,0072 - Laparoscopic Cholecystectomy.mp4,False,False,object_aggregation,number,0.2255402950104326,False,False
2918486,0072 - Laparoscopic Cholecystectomy.mp4,False,False,object_aggregation,number,0.2255402950104326,False,True
2918327,0072 - Laparoscopic Cholecystectomy.mp4,False,False,object_aggregation,number,0.2255402950104326,False,False
2918693,0072 - Laparoscopic Cholecystectomy.mp4,False,False,object_aggregation,number,0.2255402950104326,False,False
3027859,0074 - Laparoscopic Cholecystectomy.mp4,False,False,object_identification,fo_class,0.22735012110206299,False,False
3027830,0074 - Laparoscopic Cholecystectomy.mp4,False,False,object_identification,fo_class,0.22735012110206299,False,False
3027807,0074 - Laparoscopic Cholecystectomy.mp4,False,False,object_identification,fo_class,0.22735012110206299,False,False
3027874,0074 - Laparoscopic Cholecystectomy.mp4,False,False,object_identification,fo_class,0.22735012110206299,False,False
3027812,0074 - Laparoscopic Cholecystectomy.mp4,False,False,object_identification,fo_class,0.22735012110206299,False,False
3039529,0074 - Laparoscopic Cholecystectomy.mp4,False,False,object_identification,fo_class,0.22735012110206299,False,False
3039777,0074 - Laparoscopic Cholecystectomy.mp4,False,False,object_identification,fo_class,0.22735012110206299,False,False
3039658,0074 - Laparoscopic Cholecystectomy.mp4,False,False,object_identification,fo_class,0.22735012110206299,False,False
3039626,0074 - Laparoscopic Cholecystectomy.mp4,False,False,object_identification,fo_class,0.22756923624547198,False,True
3041226,0074 - Laparoscopic Cholecystectomy.mp4,False,False,object_identification,fo_class,0.22756923624547198,False,False
3041515,0074 - Laparoscopic Cholecystectomy.mp4,False,False,object_identification,fo_class,0.22756923624547198,False,False
3041397,0074 - Laparoscopic Cholecystectomy.mp4,False,False,object_identification,fo_class,0.22756923624547198,False,False
3041676,0074 - Laparoscopic Cholecystectomy.mp4,False,False,object_identification,fo_class,0.22756923624547198,False,False
3041659,0074 - Laparoscopic Cholecystectomy.mp4,False,False,object_identification,fo_class,0.22756923624547198,False,False
3041211,0074 - Laparoscopic Cholecystectomy.mp4,False,False,object_identification,fo_class,0.22756923624547198,False,False
3041584,0074 - Laparoscopic Cholecystectomy.mp4,False,False,object_identification,fo_class,0.22756923624547198,False,False
3041526,0074 - Laparoscopic Cholecystectomy.mp4,False,False,object_identification,fo_class,0.23502736588125117,False,False
3079629,0074 - Laparoscopic Cholecystectomy.mp4,False,False,object_identification,fo_class,0.23502736588125117,False,False
3079775,0074 - Laparoscopic Cholecystectomy.mp4,False,False,object_identification,fo_class,0.23502736588125117,False,False
3079735,0074 - Laparoscopic Cholecystectomy.mp4,False,False,object_identification,fo_class,0.23502736588125117,False,True
5022998,0074 - Laparoscopic Cholecystectomy.mp4,False,False,object_attributes,open_ended,0.23502736588125117,False,True
5022997,0074 - Laparoscopic Cholecystectomy.mp4,False,False,object_attributes,open_ended,0.23502736588125117,False,False
5023010,0074 - Laparoscopic Cholecystectomy.mp4,False,False,object_attributes,open_ended,0.23502736588125117,False,False
3070461,0074 - Laparoscopic Cholecystectomy.mp4,False,False,spatial_localization_camera,open_ended,0.23502736588125117,False,False
3095406,0074 - Laparoscopic Cholecystectomy.mp4,False,False,spatial_localization_camera,fo_class,0.22865071988780983,False,False
3095410,0074 - Laparoscopic Cholecystectomy.mp4,False,False,spatial_localization_camera,fo_class,0.22865071988780983,False,False
3095408,0074 - Laparoscopic Cholecystectomy.mp4,False,False,spatial_localization_camera,fo_class,0.22865071988780983,False,False
3100508,0074 - Laparoscopic Cholecystectomy.mp4,False,False,spatial_localization_camera,multiple_choice,0.22865071988780983,False,True
3100525,0074 - Laparoscopic Cholecystectomy.mp4,False,False,spatial_localization_camera,multiple_choice,0.22865071988780983,False,True
3100498,0074 - Laparoscopic Cholecystectomy.mp4,False,False,spatial_localization_camera,multiple_choice,0.22865071988780983,False,False
3100563,0074 - Laparoscopic Cholecystectomy.mp4,False,False,spatial_localization_camera,multiple_choice,0.22865071988780983,False,True
3047111,0074 - Laparoscopic Cholecystectomy.mp4,False,False,object_aggregation,number,0.22865071988780983,False,False
3047157,0074 - Laparoscopic Cholecystectomy.mp4,False,False,object_aggregation,number,0.21676216425839812,False,False
3046981,0074 - Laparoscopic Cholecystectomy.mp4,False,False,object_aggregation,number,0.21676216425839812,False,False
3047154,0074 - Laparoscopic Cholecystectomy.mp4,False,False,object_aggregation,number,0.21676216425839812,False,False
3047428,0074 - Laparoscopic Cholecystectomy.mp4,False,False,object_aggregation,number,0.21676216425839812,False,False
3047270,0074 - Laparoscopic Cholecystectomy.mp4,False,False,object_aggregation,number,0.21676216425839812,False,False
3047394,0074 - Laparoscopic Cholecystectomy.mp4,False,False,object_aggregation,number,0.21676216425839812,False,False
3047390,0074 - Laparoscopic Cholecystectomy.mp4,False,False,object_aggregation,number,0.21676216425839812,False,False
3047469,0074 - Laparoscopic Cholecystectomy.mp4,False,False,object_aggregation,number,0.21676216425839812,False,True
3047579,0074 - Laparoscopic Cholecystectomy.mp4,False,False,object_aggregation,number,0.2226069026219193,False,False
3047741,0074 - Laparoscopic Cholecystectomy.mp4,False,False,object_aggregation,number,0.2226069026219193,False,False
3049027,0074 - Laparoscopic Cholecystectomy.mp4,False,False,object_aggregation,number,0.2226069026219193,False,True
3049008,0074 - Laparoscopic Cholecystectomy.mp4,False,False,object_aggregation,number,0.2226069026219193,False,False
3048976,0074 - Laparoscopic Cholecystectomy.mp4,False,False,object_aggregation,number,0.2226069026219193,False,False
3048929,0074 - Laparoscopic Cholecystectomy.mp4,False,False,object_aggregation,number,0.2226069026219193,False,False
3049239,0074 - Laparoscopic Cholecystectomy.mp4,False,False,object_aggregation,number,0.2226069026219193,False,False
3049270,0074 - Laparoscopic Cholecystectomy.mp4,False,False,object_aggregation,number,0.2226069026219193,False,False
3049271,0074 - Laparoscopic Cholecystectomy.mp4,False,False,object_aggregation,number,0.22176085138926283,False,False
3049010,0074 - Laparoscopic Cholecystectomy.mp4,False,False,object_aggregation,number,0.22176085138926283,False,False
3055251,0074 - Laparoscopic Cholecystectomy.mp4,False,False,object_aggregation,binary,0.22176085138926283,False,True
3055117,0074 - Laparoscopic Cholecystectomy.mp4,False,False,object_aggregation,binary,0.22176085138926283,False,False
3071813,0074 - Laparoscopic Cholecystectomy.mp4,False,False,object_aggregation,binary,0.22176085138926283,False,False
3071708,0074 - Laparoscopic Cholecystectomy.mp4,False,False,object_aggregation,binary,0.22176085138926283,False,True
3027852,0074 - Laparoscopic Cholecystectomy.mp4,False,False,object_identification,fo_class,0.22176085138926283,False,False
3027808,0074 - Laparoscopic Cholecystectomy.mp4,False,False,object_identification,fo_class,0.22176085138926283,False,False
3027918,0074 - Laparoscopic Cholecystectomy.mp4,False,False,object_identification,fo_class,0.22771295387065038,False,False
3027811,0074 - Laparoscopic Cholecystectomy.mp4,False,False,object_identification,fo_class,0.22771295387065038,False,False
3039540,0074 - Laparoscopic Cholecystectomy.mp4,False,False,object_identification,fo_class,0.22771295387065038,False,False
3039775,0074 - Laparoscopic Cholecystectomy.mp4,False,False,object_identification,fo_class,0.22771295387065038,False,False
3039720,0074 - Laparoscopic Cholecystectomy.mp4,False,False,object_identification,fo_class,0.22771295387065038,False,False
3039627,0074 - Laparoscopic Cholecystectomy.mp4,False,False,object_identification,fo_class,0.22771295387065038,False,False
3041558,0074 - Laparoscopic Cholecystectomy.mp4,False,False,object_identification,fo_class,0.22771295387065038,False,False
3041414,0074 - Laparoscopic Cholecystectomy.mp4,False,False,object_identification,fo_class,0.22771295387065038,False,False
3041613,0074 - Laparoscopic Cholecystectomy.mp4,False,False,object_identification,fo_class,0.22712116624461487,False,False
3041464,0074 - Laparoscopic Cholecystectomy.mp4,False,False,object_identification,fo_class,0.22712116624461487,False,False
3041225,0074 - Laparoscopic Cholecystectomy.mp4,False,False,object_identification,fo_class,0.22712116624461487,False,False
5023005,0074 - Laparoscopic Cholecystectomy.mp4,False,False,object_attributes,open_ended,0.22712116624461487,False,False
5023011,0074 - Laparoscopic Cholecystectomy.mp4,False,False,object_attributes,open_ended,0.22712116624461487,False,False
5023013,0074 - Laparoscopic Cholecystectomy.mp4,False,False,object_attributes,open_ended,0.22712116624461487,False,True
3147308,0078 - Laparoscopic Cholecystectomy.mp4,False,False,object_identification,fo_class,0.22712116624461487,False,False
3147313,0078 - Laparoscopic Cholecystectomy.mp4,False,False,object_identification,fo_class,0.22712116624461487,False,False
3154290,0078 - Laparoscopic Cholecystectomy.mp4,False,False,object_identification,fo_class,0.22225402275216766,False,False
3154434,0078 - Laparoscopic Cholecystectomy.mp4,False,False,object_identification,fo_class,0.22225402275216766,False,False
3154366,0078 - Laparoscopic Cholecystectomy.mp4,False,False,object_identification,fo_class,0.22225402275216766,False,False
3156219,0078 - Laparoscopic Cholecystectomy.mp4,False,False,object_identification,fo_class,0.22225402275216766,False,False
3156547,0078 - Laparoscopic Cholecystectomy.mp4,False,False,object_identification,fo_class,0.22225402275216766,False,False
3156577,0078 - Laparoscopic Cholecystectomy.mp4,False,False,object_identification,fo_class,0.22225402275216766,False,False
3156554,0078 - Laparoscopic Cholecystectomy.mp4,False,False,object_identification,fo_class,0.22225402275216766,False,False
3156576,0078 - Laparoscopic Cholecystectomy.mp4,False,False,object_identification,fo_class,0.22225402275216766,False,False
5022953,0078 - Laparoscopic Cholecystectomy.mp4,False,False,object_attributes,open_ended,0.23382738724467345,False,True
5022950,0078 - Laparoscopic Cholecystectomy.mp4,False,False,object_attributes,open_ended,0.23382738724467345,False,False
5022948,0078 - Laparoscopic Cholecystectomy.mp4,False,False,object_attributes,open_ended,0.23382738724467345,False,True
3177883,0078 - Laparoscopic Cholecystectomy.mp4,False,False,spatial_localization_camera,open_ended,0.23382738724467345,False,False
3160371,0078 - Laparoscopic Cholecystectomy.mp4,False,False,object_aggregation,number,0.23382738724467345,False,True
3160363,0078 - Laparoscopic Cholecystectomy.mp4,False,False,object_aggregation,number,0.23382738724467345,False,False
3160337,0078 - Laparoscopic Cholecystectomy.mp4,False,False,object_aggregation,number,0.23382738724467345,False,False
3160387,0078 - Laparoscopic Cholecystectomy.mp4,False,False,object_aggregation,number,0.23382738724467345,False,False
3160400,0078 - Laparoscopic Cholecystectomy.mp4,False,False,object_aggregation,number,0.22238334649591707,False,False
3160517,0078 - Laparoscopic Cholecystectomy.mp4,False,False,object_aggregation,number,0.22238334649591707,False,False
3160500,0078 - Laparoscopic Cholecystectomy.mp4,False,False,object_aggregation,number,0.22238334649591707,False,False
3160831,0078 - Laparoscopic Cholecystectomy.mp4,False,False,object_aggregation,number,0.22238334649591707,False,False
3161231,0078 - Laparoscopic Cholecystectomy.mp4,False,False,object_aggregation,number,0.22238334649591707,False,False
3162066,0078 - Laparoscopic Cholecystectomy.mp4,False,False,object_aggregation,number,0.22238334649591707,False,False
3162045,0078 - Laparoscopic Cholecystectomy.mp4,False,False,object_aggregation,number,0.22238334649591707,False,False
3162150,0078 - Laparoscopic Cholecystectomy.mp4,False,False,object_aggregation,number,0.22238334649591707,False,False
3162071,0078 - Laparoscopic Cholecystectomy.mp4,False,False,object_aggregation,number,0.2217574089881964,False,False
3162110,0078 - Laparoscopic Cholecystectomy.mp4,False,False,object_aggregation,number,0.2217574089881964,False,False
3162236,0078 - Laparoscopic Cholecystectomy.mp4,False,False,object_aggregation,number,0.2217574089881964,False,False
3162241,0078 - Laparoscopic Cholecystectomy.mp4,False,False,object_aggregation,number,0.2217574089881964,False,False
3166760,0078 - Laparoscopic Cholecystectomy.mp4,False,False,object_aggregation,binary,0.2217574089881964,False,True
3167207,0078 - Laparoscopic Cholecystectomy.mp4,False,False,object_aggregation,binary,0.2217574089881964,False,False
3179278,0078 - Laparoscopic Cholecystectomy.mp4,False,False,object_aggregation,binary,0.2217574089881964,False,False
3178978,0078 - Laparoscopic Cholecystectomy.mp4,False,False,object_aggregation,binary,0.2217574089881964,False,True
3147306,0078 - Laparoscopic Cholecystectomy.mp4,False,False,object_identification,fo_class,0.22756709373788908,False,False
3147311,0078 - Laparoscopic Cholecystectomy.mp4,False,False,object_identification,fo_class,0.22756709373788908,False,False
3154292,0078 - Laparoscopic Cholecystectomy.mp4,False,False,object_identification,fo_class,0.22756709373788908,False,True
3154410,0078 - Laparoscopic Cholecystectomy.mp4,False,False,object_identification,fo_class,0.22756709373788908,False,True
3154360,0078 - Laparoscopic Cholecystectomy.mp4,False,False,object_identification,fo_class,0.22756709373788908,False,False
3156498,0078 - Laparoscopic Cholecystectomy.mp4,False,False,object_identification,fo_class,0.22756709373788908,False,False
3156542,0078 - Laparoscopic Cholecystectomy.mp4,False,False,object_identification,fo_class,0.22756709373788908,False,False
3156622,0078 - Laparoscopic Cholecystectomy.mp4,False,False,object_identification,fo_class,0.22756709373788908,False,False
3156583,0078 - Laparoscopic Cholecystectomy.mp4,False,False,object_identification,fo_class,0.22839280500193126,False,False
3156575,0078 - Laparoscopic Cholecystectomy.mp4,False,False,object_identification,fo_class,0.22839280500193126,False,False
3184451,0078 - Laparoscopic Cholecystectomy.mp4,False,False,object_identification,fo_class,0.22839280500193126,False,False
5022947,0078 - Laparoscopic Cholecystectomy.mp4,False,False,object_attributes,open_ended,0.22839280500193126,False,True
5022945,0078 - Laparoscopic Cholecystectomy.mp4,False,False,object_attributes,open_ended,0.22839280500193126,False,True
3177910,0078 - Laparoscopic Cholecystectomy.mp4,False,False,spatial_localization_camera,open_ended,0.22839280500193126,False,False
3160639,0078 - Laparoscopic Cholecystectomy.mp4,False,False,object_aggregation,number,0.22839280500193126,False,False
3160549,0078 - Laparoscopic Cholecystectomy.mp4,False,False,object_aggregation,number,0.22839280500193126,False,False
3160370,0078 - Laparoscopic Cholecystectomy.mp4,False,False,object_aggregation,number,0.22229912274633534,False,False
3160472,0078 - Laparoscopic Cholecystectomy.mp4,False,False,object_aggregation,number,0.22229912274633534,False,False
3160515,0078 - Laparoscopic Cholecystectomy.mp4,False,False,object_aggregation,number,0.22229912274633534,False,False
3160497,0078 - Laparoscopic Cholecystectomy.mp4,False,False,object_aggregation,number,0.22229912274633534,False,False
3160695,0078 - Laparoscopic Cholecystectomy.mp4,False,False,object_aggregation,number,0.22229912274633534,False,False
3160869,0078 - Laparoscopic Cholecystectomy.mp4,False,False,object_aggregation,number,0.22229912274633534,False,True
3161200,0078 - Laparoscopic Cholecystectomy.mp4,False,False,object_aggregation,number,0.22229912274633534,False,False
3162262,0078 - Laparoscopic Cholecystectomy.mp4,False,False,object_aggregation,number,0.22229912274633534,False,True
3162155,0078 - Laparoscopic Cholecystectomy.mp4,False,False,object_aggregation,number,0.22280311773647554,False,False
3162193,0078 - Laparoscopic Cholecystectomy.mp4,False,False,object_aggregation,number,0.22280311773647554,False,False
3162179,0078 - Laparoscopic Cholecystectomy.mp4,False,False,object_aggregation,number,0.22280311773647554,False,False
3162232,0078 - Laparoscopic Cholecystectomy.mp4,False,False,object_aggregation,number,0.22280311773647554,False,False
3162482,0078 - Laparoscopic Cholecystectomy.mp4,False,False,object_aggregation,number,0.22280311773647554,False,False
3162250,0078 - Laparoscopic Cholecystectomy.mp4,False,False,object_aggregation,number,0.22280311773647554,False,False
3166808,0078 - Laparoscopic Cholecystectomy.mp4,False,False,object_aggregation,binary,0.22280311773647554,False,True
3166845,0078 - Laparoscopic Cholecystectomy.mp4,False,False,object_aggregation,binary,0.22280311773647554,False,False
3179271,0078 - Laparoscopic Cholecystectomy.mp4,False,False,object_aggregation,binary,0.22469975013518706,False,True
3179192,0078 - Laparoscopic Cholecystectomy.mp4,False,False,object_aggregation,binary,0.22469975013518706,False,True
3147307,0078 - Laparoscopic Cholecystectomy.mp4,False,False,object_identification,fo_class,0.22469975013518706,False,False
3147315,0078 - Laparoscopic Cholecystectomy.mp4,False,False,object_identification,fo_class,0.22469975013518706,False,False
3154372,0078 - Laparoscopic Cholecystectomy.mp4,False,False,object_identification,fo_class,0.22469975013518706,False,False
3154364,0078 - Laparoscopic Cholecystectomy.mp4,False,False,object_identification,fo_class,0.22469975013518706,False,True
3156189,0078 - Laparoscopic Cholecystectomy.mp4,False,False,object_identification,fo_class,0.22469975013518706,False,False
3156543,0078 - Laparoscopic Cholecystectomy.mp4,False,False,object_identification,fo_class,0.22469975013518706,False,False
3156594,0078 - Laparoscopic Cholecystectomy.mp4,False,False,object_identification,fo_class,0.2273703701212071,False,True
3156548,0078 - Laparoscopic Cholecystectomy.mp4,False,False,object_identification,fo_class,0.2273703701212071,False,False
3156570,0078 - Laparoscopic Cholecystectomy.mp4,False,False,object_identification,fo_class,0.2273703701212071,False,False
3205022,0079 - Laparoscopic Cholecystectomy.mp4,False,False,object_identification,fo_class,0.2273703701212071,False,False
3205034,0079 - Laparoscopic Cholecystectomy.mp4,False,False,object_identification,fo_class,0.2273703701212071,False,False
3205036,0079 - Laparoscopic Cholecystectomy.mp4,False,False,object_identification,fo_class,0.2273703701212071,False,False
3210880,0079 - Laparoscopic Cholecystectomy.mp4,False,False,object_identification,fo_class,0.2273703701212071,False,False
3210904,0079 - Laparoscopic Cholecystectomy.mp4,False,False,object_identification,fo_class,0.2273703701212071,False,True
3210895,0079 - Laparoscopic Cholecystectomy.mp4,False,False,object_identification,fo_class,0.227645680133719,False,False
3212197,0079 - Laparoscopic Cholecystectomy.mp4,False,False,object_identification,fo_class,0.227645680133719,False,True
3212281,0079 - Laparoscopic Cholecystectomy.mp4,False,False,object_identification,fo_class,0.227645680133719,False,False
3212297,0079 - Laparoscopic Cholecystectomy.mp4,False,False,object_identification,fo_class,0.227645680133719,False,False
3212304,0079 - Laparoscopic Cholecystectomy.mp4,False,False,object_identification,fo_class,0.227645680133719,False,True
3212287,0079 - Laparoscopic Cholecystectomy.mp4,False,False,object_identification,fo_class,0.227645680133719,False,False
3212293,0079 - Laparoscopic Cholecystectomy.mp4,False,False,object_identification,fo_class,0.227645680133719,False,False
3231803,0079 - Laparoscopic Cholecystectomy.mp4,False,False,object_identification,fo_class,0.227645680133719,False,True
3231817,0079 - Laparoscopic Cholecystectomy.mp4,False,False,object_identification,fo_class,0.24158933089347556,False,False
5022910,0079 - Laparoscopic Cholecystectomy.mp4,False,False,object_attributes,open_ended,0.24158933089347556,False,True
5022915,0079 - Laparoscopic Cholecystectomy.mp4,False,False,object_attributes,open_ended,0.24158933089347556,False,True
3226797,0079 - Laparoscopic Cholecystectomy.mp4,False,False,spatial_localization_camera,open_ended,0.24158933089347556,False,False
3244643,0079 - Laparoscopic Cholecystectomy.mp4,False,False,spatial_localization_camera,multiple_choice,0.24158933089347556,False,True
3244644,0079 - Laparoscopic Cholecystectomy.mp4,False,False,spatial_localization_camera,multiple_choice,0.24158933089347556,False,True
5024364,0079 - Laparoscopic Cholecystectomy.mp4,False,False,spatial_localization_situs,open_ended,0.24158933089347556,False,False
3215054,0079 - Laparoscopic Cholecystectomy.mp4,False,False,object_aggregation,number,0.24158933089347556,False,True
3214965,0079 - Laparoscopic Cholecystectomy.mp4,False,False,object_aggregation,number,0.21585589050664566,False,False
3214969,0079 - Laparoscopic Cholecystectomy.mp4,False,False,object_aggregation,number,0.21585589050664566,False,False
3214970,0079 - Laparoscopic Cholecystectomy.mp4,False,False,object_aggregation,number,0.21585589050664566,False,False
3214971,0079 - Laparoscopic Cholecystectomy.mp4,False,False,object_aggregation,number,0.21585589050664566,False,False
3214993,0079 - Laparoscopic Cholecystectomy.mp4,False,False,object_aggregation,number,0.21585589050664566,False,False
3214988,0079 - Laparoscopic Cholecystectomy.mp4,False,False,object_aggregation,number,0.21585589050664566,False,False
3214985,0079 - Laparoscopic Cholecystectomy.mp4,False,False,object_aggregation,number,0.21585589050664566,False,False
3215010,0079 - Laparoscopic Cholecystectomy.mp4,False,False,object_aggregation,number,0.21585589050664566,False,False
3215138,0079 - Laparoscopic Cholecystectomy.mp4,False,False,object_aggregation,number,0.22200300023541786,False,True
3215222,0079 - Laparoscopic Cholecystectomy.mp4,False,False,object_aggregation,number,0.22200300023541786,False,False
3215238,0079 - Laparoscopic Cholecystectomy.mp4,False,False,object_aggregation,number,0.22200300023541786,False,False
3215906,0079 - Laparoscopic Cholecystectomy.mp4,False,False,object_aggregation,number,0.22200300023541786,False,False
3215813,0079 - Laparoscopic Cholecystectomy.mp4,False,False,object_aggregation,number,0.22200300023541786,False,False
3215814,0079 - Laparoscopic Cholecystectomy.mp4,False,False,object_aggregation,number,0.22200300023541786,False,False
3215818,0079 - Laparoscopic Cholecystectomy.mp4,False,False,object_aggregation,number,0.22200300023541786,False,False
3215854,0079 - Laparoscopic Cholecystectomy.mp4,False,False,object_aggregation,number,0.22200300023541786,False,False
3215840,0079 - Laparoscopic Cholecystectomy.mp4,False,False,object_aggregation,number,0.2216027316171676,False,False
3215828,0079 - Laparoscopic Cholecystectomy.mp4,False,False,object_aggregation,number,0.2216027316171676,False,False
3215837,0079 - Laparoscopic Cholecystectomy.mp4,False,False,object_aggregation,number,0.2216027316171676,False,False
3215858,0079 - Laparoscopic Cholecystectomy.mp4,False,False,object_aggregation,number,0.2216027316171676,False,False
3218501,0079 - Laparoscopic Cholecystectomy.mp4,False,False,object_aggregation,binary,0.2216027316171676,False,True
3218799,0079 - Laparoscopic Cholecystectomy.mp4,False,False,object_aggregation,binary,0.2216027316171676,False,True
3227792,0079 - Laparoscopic Cholecystectomy.mp4,False,False,object_aggregation,binary,0.2216027316171676,False,True
3227726,0079 - Laparoscopic Cholecystectomy.mp4,False,False,object_aggregation,binary,0.2216027316171676,False,True
5024361,0079 - Laparoscopic Cholecystectomy.mp4,False,False,object_aggregation,open_ended,0.2274748551135417,False,False
3205024,0079 - Laparoscopic Cholecystectomy.mp4,False,False,object_identification,fo_class,0.2274748551135417,False,False
3205035,0079 - Laparoscopic Cholecystectomy.mp4,False,False,object_identification,fo_class,0.2274748551135417,False,False
3205030,0079 - Laparoscopic Cholecystectomy.mp4,False,False,object_identification,fo_class,0.2274748551135417,False,False
3210887,0079 - Laparoscopic Cholecystectomy.mp4,False,False,object_identification,fo_class,0.2274748551135417,False,False
3210905,0079 - Laparoscopic Cholecystectomy.mp4,False,False,object_identification,fo_class,0.2274748551135417,False,True
3210890,0079 - Laparoscopic Cholecystectomy.mp4,False,False,object_identification,fo_class,0.2274748551135417,False,False
3212271,0079 - Laparoscopic Cholecystectomy.mp4,False,False,object_identification,fo_class,0.2274748551135417,False,False
3212280,0079 - Laparoscopic Cholecystectomy.mp4,False,False,object_identification,fo_class,0.22781037402455695,False,False
3212295,0079 - Laparoscopic Cholecystectomy.mp4,False,False,object_identification,fo_class,0.22781037402455695,False,False
3212307,0079 - Laparoscopic Cholecystectomy.mp4,False,False,object_identification,fo_class,0.22781037402455695,False,False
3212274,0079 - Laparoscopic Cholecystectomy.mp4,False,False,object_identification,fo_class,0.22781037402455695,False,False
3212294,0079 - Laparoscopic Cholecystectomy.mp4,False,False,object_identification,fo_class,0.22781037402455695,False,False
3231812,0079 - Laparoscopic Cholecystectomy.mp4,False,False,object_identification,fo_class,0.22781037402455695,False,False
5022912,0079 - Laparoscopic Cholecystectomy.mp4,False,False,object_attributes,open_ended,0.22781037402455695,False,False
5022916,0079 - Laparoscopic Cholecystectomy.mp4,False,False,object_attributes,open_ended,0.22781037402455695,False,True
3226806,0079 - Laparoscopic Cholecystectomy.mp4,False,False,spatial_localization_camera,open_ended,0.23353400611085817,False,False
5024368,0079 - Laparoscopic Cholecystectomy.mp4,False,False,spatial_localization_situs,open_ended,0.23353400611085817,False,True
3215066,0079 - Laparoscopic Cholecystectomy.mp4,False,False,object_aggregation,number,0.23353400611085817,False,False
3215028,0079 - Laparoscopic Cholecystectomy.mp4,False,False,object_aggregation,number,0.23353400611085817,False,False
3215045,0079 - Laparoscopic Cholecystectomy.mp4,False,False,object_aggregation,number,0.23353400611085817,False,False
3215032,0079 - Laparoscopic Cholecystectomy.mp4,False,False,object_aggregation,number,0.23353400611085817,False,False
3215023,0079 - Laparoscopic Cholecystectomy.mp4,False,False,object_aggregation,number,0.23353400611085817,False,False
3215020,0079 - Laparoscopic Cholecystectomy.mp4,False,False,object_aggregation,number,0.23353400611085817,False,False
3215022,0079 - Laparoscopic Cholecystectomy.mp4,False,False,object_aggregation,number,0.2268066114920657,False,False
3215015,0079 - Laparoscopic Cholecystectomy.mp4,False,False,object_aggregation,number,0.2268066114920657,False,False
3215202,0079 - Laparoscopic Cholecystectomy.mp4,False,False,object_aggregation,number,0.2268066114920657,False,True
3215226,0079 - Laparoscopic Cholecystectomy.mp4,False,False,object_aggregation,number,0.2268066114920657,False,False
3215241,0079 - Laparoscopic Cholecystectomy.mp4,False,False,object_aggregation,number,0.2268066114920657,False,False
3215912,0079 - Laparoscopic Cholecystectomy.mp4,False,False,object_aggregation,number,0.2268066114920657,False,False
3215875,0079 - Laparoscopic Cholecystectomy.mp4,False,False,object_aggregation,number,0.2268066114920657,False,False
3400711,0089 - Laparoscopic Cholecystectomy.mp4,False,False,object_identification,fo_class,0.2268066114920657,False,False
3405894,0089 - Laparoscopic Cholecystectomy.mp4,False,False,object_identification,fo_class,0.22764926761738025,False,True
3405873,0089 - Laparoscopic Cholecystectomy.mp4,False,False,object_identification,fo_class,0.22764926761738025,False,False
3406481,0089 - Laparoscopic Cholecystectomy.mp4,False,False,object_identification,fo_class,0.22764926761738025,False,False
3406731,0089 - Laparoscopic Cholecystectomy.mp4,False,False,object_identification,fo_class,0.22764926761738025,False,False
3406517,0089 - Laparoscopic Cholecystectomy.mp4,False,False,object_identification,fo_class,0.22764926761738025,False,False
3406502,0089 - Laparoscopic Cholecystectomy.mp4,False,False,object_identification,fo_class,0.22764926761738025,False,False
3423971,0089 - Laparoscopic Cholecystectomy.mp4,False,False,object_identification,fo_class,0.22764926761738025,False,False
5022865,0089 - Laparoscopic Cholecystectomy.mp4,False,False,object_attributes,open_ended,0.22764926761738025,False,True
5022863,0089 - Laparoscopic Cholecystectomy.mp4,False,False,object_attributes,open_ended,0.23372719626058824,False,True
5022862,0089 - Laparoscopic Cholecystectomy.mp4,False,False,object_attributes,open_ended,0.23372719626058824,False,False
3420328,0089 - Laparoscopic Cholecystectomy.mp4,False,False,spatial_localization_camera,open_ended,0.23372719626058824,False,False
3430838,0089 - Laparoscopic Cholecystectomy.mp4,False,False,spatial_localization_camera,fo_class,0.23372719626058824,False,False
3410018,0089 - Laparoscopic Cholecystectomy.mp4,False,False,object_aggregation,number,0.23372719626058824,False,False
3410188,0089 - Laparoscopic Cholecystectomy.mp4,False,False,object_aggregation,number,0.23372719626058824,False,False
3410128,0089 - Laparoscopic Cholecystectomy.mp4,False,False,object_aggregation,number,0.23372719626058824,False,False
3410278,0089 - Laparoscopic Cholecystectomy.mp4,False,False,object_aggregation,number,0.23372719626058824,False,False
3410294,0089 - Laparoscopic Cholecystectomy.mp4,False,False,object_aggregation,number,0.22212929910165258,False,False
3410315,0089 - Laparoscopic Cholecystectomy.mp4,False,False,object_aggregation,number,0.22212929910165258,False,False
3410420,0089 - Laparoscopic Cholecystectomy.mp4,False,False,object_aggregation,number,0.22212929910165258,False,False
3410536,0089 - Laparoscopic Cholecystectomy.mp4,False,False,object_aggregation,number,0.22212929910165258,False,False
3411597,0089 - Laparoscopic Cholecystectomy.mp4,False,False,object_aggregation,number,0.22212929910165258,False,False
3411753,0089 - Laparoscopic Cholecystectomy.mp4,False,False,object_aggregation,number,0.22212929910165258,False,False
3411733,0089 - Laparoscopic Cholecystectomy.mp4,False,False,object_aggregation,number,0.22212929910165258,False,False
3411891,0089 - Laparoscopic Cholecystectomy.mp4,False,False,object_aggregation,number,0.22212929910165258,False,False
3411932,0089 - Laparoscopic Cholecystectomy.mp4,False,False,object_aggregation,number,0.22299097786890343,False,False
3411928,0089 - Laparoscopic Cholecystectomy.mp4,False,False,object_aggregation,number,0.22299097786890343,False,False
3414766,0089 - Laparoscopic Cholecystectomy.mp4,False,False,object_aggregation,binary,0.22299097786890343,False,True
3415194,0089 - Laparoscopic Cholecystectomy.mp4,False,False,object_aggregation,binary,0.22299097786890343,False,False
3421730,0089 - Laparoscopic Cholecystectomy.mp4,False,False,object_aggregation,binary,0.22299097786890343,False,False
3421481,0089 - Laparoscopic Cholecystectomy.mp4,False,False,object_aggregation,binary,0.22299097786890343,False,True
5024329,0089 - Laparoscopic Cholecystectomy.mp4,False,False,object_aggregation,open_ended,0.22299097786890343,False,True
3400708,0089 - Laparoscopic Cholecystectomy.mp4,False,False,object_identification,fo_class,0.22299097786890343,False,False
3405766,0089 - Laparoscopic Cholecystectomy.mp4,False,False,object_identification,fo_class,0.2274541727383621,False,False
3405904,0089 - Laparoscopic Cholecystectomy.mp4,False,False,object_identification,fo_class,0.2274541727383621,False,True
3405874,0089 - Laparoscopic Cholecystectomy.mp4,False,False,object_identification,fo_class,0.2274541727383621,False,False
3406840,0089 - Laparoscopic Cholecystectomy.mp4,False,False,object_identification,fo_class,0.2274541727383621,False,False
3406519,0089 - Laparoscopic Cholecystectomy.mp4,False,False,object_identification,fo_class,0.2274541727383621,False,False
3406523,0089 - Laparoscopic Cholecystectomy.mp4,False,False,object_identification,fo_class,0.2274541727383621,False,False
3406805,0089 - Laparoscopic Cholecystectomy.mp4,False,False,object_identification,fo_class,0.2274541727383621,False,False
3424031,0089 - Laparoscopic Cholecystectomy.mp4,False,False,object_identification,fo_class,0.2274541727383621,False,False
5022861,0089 - Laparoscopic Cholecystectomy.mp4,False,False,object_attributes,open_ended,0.23369031373295002,False,True
5022858,0089 - Laparoscopic Cholecystectomy.mp4,False,False,object_attributes,open_ended,0.23369031373295002,False,True
5022860,0089 - Laparoscopic Cholecystectomy.mp4,False,False,object_attributes,open_ended,0.23369031373295002,False,False
3420345,0089 - Laparoscopic Cholecystectomy.mp4,False,False,spatial_localization_camera,open_ended,0.23369031373295002,False,False
3410211,0089 - Laparoscopic Cholecystectomy.mp4,False,False,object_aggregation,number,0.23369031373295002,False,False
3410365,0089 - Laparoscopic Cholecystectomy.mp4,False,False,object_aggregation,number,0.23369031373295002,False,False
3410375,0089 - Laparoscopic Cholecystectomy.mp4,False,False,object_aggregation,number,0.23369031373295002,False,False
3410282,0089 - Laparoscopic Cholecystectomy.mp4,False,False,object_aggregation,number,0.23369031373295002,False,False
3410297,0089 - Laparoscopic Cholecystectomy.mp4,False,False,object_aggregation,number,0.22200901425094344,False,False
3410313,0089 - Laparoscopic Cholecystectomy.mp4,False,False,object_aggregation,number,0.22200901425094344,False,False
3410723,0089 - Laparoscopic Cholecystectomy.mp4,False,False,object_aggregation,number,0.22200901425094344,False,False
3410656,0089 - Laparoscopic Cholecystectomy.mp4,False,False,object_aggregation,number,0.22200901425094344,False,False
3411818,0089 - Laparoscopic Cholecystectomy.mp4,False,False,object_aggregation,number,0.22200901425094344,False,False
3411851,0089 - Laparoscopic Cholecystectomy.mp4,False,False,object_aggregation,number,0.22200901425094344,False,False
3411581,0089 - Laparoscopic Cholecystectomy.mp4,False,False,object_aggregation,number,0.22200901425094344,False,False
3411889,0089 - Laparoscopic Cholecystectomy.mp4,False,False,object_aggregation,number,0.22200901425094344,False,False
3411938,0089 - Laparoscopic Cholecystectomy.mp4,False,False,object_aggregation,number,0.22212369661428966,False,False
3411923,0089 - Laparoscopic Cholecystectomy.mp4,False,False,object_aggregation,number,0.22212369661428966,False,False
3415019,0089 - Laparoscopic Cholecystectomy.mp4,False,False,object_aggregation,binary,0.22212369661428966,False,True
3415199,0089 - Laparoscopic Cholecystectomy.mp4,False,False,object_aggregation,binary,0.22212369661428966,False,False
3421723,0089 - Laparoscopic Cholecystectomy.mp4,False,False,object_aggregation,binary,0.22212369661428966,False,False
3421680,0089 - Laparoscopic Cholecystectomy.mp4,False,False,object_aggregation,binary,0.22212369661428966,False,False
3400707,0089 - Laparoscopic Cholecystectomy.mp4,False,False,object_identification,fo_class,0.22212369661428966,False,False
3405829,0089 - Laparoscopic Cholecystectomy.mp4,False,False,object_identification,fo_class,0.22212369661428966,False,False
3405884,0089 - Laparoscopic Cholecystectomy.mp4,False,False,object_identification,fo_class,0.23380981624359265,False,False
3406735,0089 - Laparoscopic Cholecystectomy.mp4,False,False,object_identification,fo_class,0.23380981624359265,False,False
3406930,0089 - Laparoscopic Cholecystectomy.mp4,False,False,object_identification,fo_class,0.23380981624359265,False,True
3406597,0089 - Laparoscopic Cholecystectomy.mp4,False,False,object_identification,fo_class,0.23380981624359265,False,False
3424091,0089 - Laparoscopic Cholecystectomy.mp4,False,False,object_identification,fo_class,0.23380981624359265,False,True
5022855,0089 - Laparoscopic Cholecystectomy.mp4,False,False,object_attributes,open_ended,0.23380981624359265,False,True
3420430,0089 - Laparoscopic Cholecystectomy.mp4,False,False,spatial_localization_camera,open_ended,0.23380981624359265,False,False
3410011,0089 - Laparoscopic Cholecystectomy.mp4,False,False,object_aggregation,number,0.23380981624359265,False,True
3410224,0089 - Laparoscopic Cholecystectomy.mp4,False,False,object_aggregation,number,0.22240153787424788,False,False
3410143,0089 - Laparoscopic Cholecystectomy.mp4,False,False,object_aggregation,number,0.22240153787424788,False,False
3410260,0089 - Laparoscopic Cholecystectomy.mp4,False,False,object_aggregation,number,0.22240153787424788,False,False
3410319,0089 - Laparoscopic Cholecystectomy.mp4,False,False,object_aggregation,number,0.22240153787424788,False,False
3410309,0089 - Laparoscopic Cholecystectomy.mp4,False,False,object_aggregation,number,0.22240153787424788,False,False
3410398,0089 - Laparoscopic Cholecystectomy.mp4,False,False,object_aggregation,number,0.22240153787424788,False,False
3491472,0093 - Laparoscopic Cholecystectomy.mp4,False,False,object_identification,fo_class,0.22240153787424788,False,False
3494460,0093 - Laparoscopic Cholecystectomy.mp4,False,False,object_identification,fo_class,0.22240153787424788,False,False
3494483,0093 - Laparoscopic Cholecystectomy.mp4,False,False,object_identification,fo_class,0.2276349051098805,False,False
3494481,0093 - Laparoscopic Cholecystectomy.mp4,False,False,object_identification,fo_class,0.2276349051098805,False,False
3494818,0093 - Laparoscopic Cholecystectomy.mp4,False,False,object_identification,fo_class,0.2276349051098805,False,False
3494923,0093 - Laparoscopic Cholecystectomy.mp4,False,False,object_identification,fo_class,0.2276349051098805,False,False
3494904,0093 - Laparoscopic Cholecystectomy.mp4,False,False,object_identification,fo_class,0.2276349051098805,False,False
3494916,0093 - Laparoscopic Cholecystectomy.mp4,False,False,object_identification,fo_class,0.2276349051098805,False,False
3503906,0093 - Laparoscopic Cholecystectomy.mp4,False,False,object_identification,fo_class,0.2276349051098805,False,False
5022819,0093 - Laparoscopic Cholecystectomy.mp4,False,False,object_attributes,open_ended,0.2276349051098805,False,True
5022818,0093 - Laparoscopic Cholecystectomy.mp4,False,False,object_attributes,open_ended,0.23469332748209126,False,True
3501969,0093 - Laparoscopic Cholecystectomy.mp4,False,False,spatial_localization_camera,open_ended,0.23469332748209126,False,False
3496153,0093 - Laparoscopic Cholecystectomy.mp4,False,False,object_aggregation,number,0.23469332748209126,False,False
3496152,0093 - Laparoscopic Cholecystectomy.mp4,False,False,object_aggregation,number,0.23469332748209126,False,False
3496115,0093 - Laparoscopic Cholecystectomy.mp4,False,False,object_aggregation,number,0.23469332748209126,False,False
3496130,0093 - Laparoscopic Cholecystectomy.mp4,False,False,object_aggregation,number,0.23469332748209126,False,False
3496125,0093 - Laparoscopic Cholecystectomy.mp4,False,False,object_aggregation,number,0.23469332748209126,False,False
3496126,0093 - Laparoscopic Cholecystectomy.mp4,False,False,object_aggregation,number,0.23469332748209126,False,False
3496258,0093 - Laparoscopic Cholecystectomy.mp4,False,False,object_aggregation,number,0.22248064423911273,False,False
3496361,0093 - Laparoscopic Cholecystectomy.mp4,False,False,object_aggregation,number,0.22248064423911273,False,False
3496933,0093 - Laparoscopic Cholecystectomy.mp4,False,False,object_aggregation,number,0.22248064423911273,False,False
3496920,0093 - Laparoscopic Cholecystectomy.mp4,False,False,object_aggregation,number,0.22248064423911273,False,False
3496906,0093 - Laparoscopic Cholecystectomy.mp4,False,False,object_aggregation,number,0.22248064423911273,False,False
3496909,0093 - Laparoscopic Cholecystectomy.mp4,False,False,object_aggregation,number,0.22248064423911273,False,False
3496910,0093 - Laparoscopic Cholecystectomy.mp4,False,False,object_aggregation,number,0.22248064423911273,False,False
3496915,0093 - Laparoscopic Cholecystectomy.mp4,False,False,object_aggregation,number,0.22248064423911273,False,False
3498834,0093 - Laparoscopic Cholecystectomy.mp4,False,False,object_aggregation,binary,0.2282542164903134,False,True
3498963,0093 - Laparoscopic Cholecystectomy.mp4,False,False,object_aggregation,binary,0.2282542164903134,False,True
3502928,0093 - Laparoscopic Cholecystectomy.mp4,False,False,object_aggregation,binary,0.2282542164903134,False,False
3502832,0093 - Laparoscopic Cholecystectomy.mp4,False,False,object_aggregation,binary,0.2282542164903134,False,True
3491486,0093 - Laparoscopic Cholecystectomy.mp4,False,False,object_identification,fo_class,0.2282542164903134,False,False
3494464,0093 - Laparoscopic Cholecystectomy.mp4,False,False,object_identification,fo_class,0.2282542164903134,False,False
3494482,0093 - Laparoscopic Cholecystectomy.mp4,False,False,object_identification,fo_class,0.2282542164903134,False,True
3494480,0093 - Laparoscopic Cholecystectomy.mp4,False,False,object_identification,fo_class,0.2282542164903134,False,False
3494847,0093 - Laparoscopic Cholecystectomy.mp4,False,False,object_identification,fo_class,0.23427370376884937,False,False
3494907,0093 - Laparoscopic Cholecystectomy.mp4,False,False,object_identification,fo_class,0.23427370376884937,False,False
3494906,0093 - Laparoscopic Cholecystectomy.mp4,False,False,object_identification,fo_class,0.23427370376884937,False,False
3494919,0093 - Laparoscopic Cholecystectomy.mp4,False,False,object_identification,fo_class,0.23427370376884937,False,False
3503912,0093 - Laparoscopic Cholecystectomy.mp4,False,False,object_identification,fo_class,0.23427370376884937,False,False
5022813,0093 - Laparoscopic Cholecystectomy.mp4,False,False,object_attributes,open_ended,0.23427370376884937,False,True
5022816,0093 - Laparoscopic Cholecystectomy.mp4,False,False,object_attributes,open_ended,0.23427370376884937,False,True
3501984,0093 - Laparoscopic Cholecystectomy.mp4,False,False,spatial_localization_camera,open_ended,0.23427370376884937,False,False
3496217,0093 - Laparoscopic Cholecystectomy.mp4,False,False,object_aggregation,number,0.21637687450856902,False,False
3496202,0093 - Laparoscopic Cholecystectomy.mp4,False,False,object_aggregation,number,0.21637687450856902,False,False
3496199,0093 - Laparoscopic Cholecystectomy.mp4,False,False,object_aggregation,number,0.21637687450856902,False,False
3496131,0093 - Laparoscopic Cholecystectomy.mp4,False,False,object_aggregation,number,0.21637687450856902,False,False
3496127,0093 - Laparoscopic Cholecystectomy.mp4,False,False,object_aggregation,number,0.21637687450856902,False,False
3496121,0093 - Laparoscopic Cholecystectomy.mp4,False,False,object_aggregation,number,0.21637687450856902,False,False
3496313,0093 - Laparoscopic Cholecystectomy.mp4,False,False,object_aggregation,number,0.21637687450856902,False,False
3496354,0093 - Laparoscopic Cholecystectomy.mp4,False,False,object_aggregation,number,0.21637687450856902,False,False
3497001,0093 - Laparoscopic Cholecystectomy.mp4,False,False,object_aggregation,number,0.22219855550793,False,False
3496951,0093 - Laparoscopic Cholecystectomy.mp4,False,False,object_aggregation,number,0.22219855550793,False,False
3496960,0093 - Laparoscopic Cholecystectomy.mp4,False,False,object_aggregation,number,0.22219855550793,False,False
3496923,0093 - Laparoscopic Cholecystectomy.mp4,False,False,object_aggregation,number,0.22219855550793,False,False
3496916,0093 - Laparoscopic Cholecystectomy.mp4,False,False,object_aggregation,number,0.22219855550793,False,False
3496912,0093 - Laparoscopic Cholecystectomy.mp4,False,False,object_aggregation,number,0.22219855550793,False,False
3498780,0093 - Laparoscopic Cholecystectomy.mp4,False,False,object_aggregation,binary,0.22219855550793,False,True
3498969,0093 - Laparoscopic Cholecystectomy.mp4,False,False,object_aggregation,binary,0.22219855550793,False,True
3502921,0093 - Laparoscopic Cholecystectomy.mp4,False,False,object_aggregation,binary,0.2380442636203952,False,False
3502901,0093 - Laparoscopic Cholecystectomy.mp4,False,False,object_aggregation,binary,0.2380442636203952,False,False
3491485,0093 - Laparoscopic Cholecystectomy.mp4,False,False,object_identification,fo_class,0.2380442636203952,False,False
3494459,0093 - Laparoscopic Cholecystectomy.mp4,False,False,object_identification,fo_class,0.2380442636203952,False,False
3494479,0093 - Laparoscopic Cholecystectomy.mp4,False,False,object_identification,fo_class,0.2380442636203952,False,False
3494835,0093 - Laparoscopic Cholecystectomy.mp4,False,False,object_identification,fo_class,0.2380442636203952,False,False
3494905,0093 - Laparoscopic Cholecystectomy.mp4,False,False,object_identification,fo_class,0.2380442636203952,False,False
3494912,0093 - Laparoscopic Cholecystectomy.mp4,False,False,object_identification,fo_class,0.2380442636203952,False,False
3503910,0093 - Laparoscopic Cholecystectomy.mp4,False,False,object_identification,fo_class,0.22875378897879273,False,False
3501973,0093 - Laparoscopic Cholecystectomy.mp4,False,False,spatial_localization_camera,open_ended,0.22875378897879273,False,False
3496221,0093 - Laparoscopic Cholecystectomy.mp4,False,False,object_aggregation,number,0.22875378897879273,False,False
3496224,0093 - Laparoscopic Cholecystectomy.mp4,False,False,object_aggregation,number,0.22875378897879273,False,False
3496113,0093 - Laparoscopic Cholecystectomy.mp4,False,False,object_aggregation,number,0.22875378897879273,False,False
3496117,0093 - Laparoscopic Cholecystectomy.mp4,False,False,object_aggregation,number,0.22875378897879273,False,False
3496124,0093 - Laparoscopic Cholecystectomy.mp4,False,False,object_aggregation,number,0.22875378897879273,False,False
3496119,0093 - Laparoscopic Cholecystectomy.mp4,False,False,object_aggregation,number,0.22875378897879273,False,False
3496347,0093 - Laparoscopic Cholecystectomy.mp4,False,False,object_aggregation,number,0.23212784138740972,False,False
3496352,0093 - Laparoscopic Cholecystectomy.mp4,False,False,object_aggregation,number,0.23212784138740972,False,False
3497039,0093 - Laparoscopic Cholecystectomy.mp4,False,False,object_aggregation,number,0.23212784138740972,False,False
3496932,0093 - Laparoscopic Cholecystectomy.mp4,False,False,object_aggregation,number,0.23212784138740972,False,False
3496939,0093 - Laparoscopic Cholecystectomy.mp4,False,False,object_aggregation,number,0.23212784138740972,False,False
3496922,0093 - Laparoscopic Cholecystectomy.mp4,False,False,object_aggregation,number,0.23212784138740972,False,False
3744677,0100 - Laparoscopic Cholecystectomy.mp4,False,False,object_identification,fo_class,0.23212784138740972,False,False
3750235,0100 - Laparoscopic Cholecystectomy.mp4,False,False,object_identification,fo_class,0.23212784138740972,False,False
3750324,0100 - Laparoscopic Cholecystectomy.mp4,False,False,object_identification,fo_class,0.23682869999902323,False,False
3751613,0100 - Laparoscopic Cholecystectomy.mp4,False,False,object_identification,fo_class,0.23682869999902323,False,False
3751745,0100 - Laparoscopic Cholecystectomy.mp4,False,False,object_identification,fo_class,0.23682869999902323,False,False
3751749,0100 - Laparoscopic Cholecystectomy.mp4,False,False,object_identification,fo_class,0.23682869999902323,False,False
3768012,0100 - Laparoscopic Cholecystectomy.mp4,False,False,object_identification,fo_class,0.23682869999902323,False,True
3768018,0100 - Laparoscopic Cholecystectomy.mp4,False,False,object_identification,fo_class,0.23682869999902323,False,False
5022763,0100 - Laparoscopic Cholecystectomy.mp4,False,False,object_attributes,open_ended,0.23682869999902323,False,True
3764176,0100 - Laparoscopic Cholecystectomy.mp4,False,False,spatial_localization_camera,open_ended,0.23682869999902323,False,False
3778249,0100 - Laparoscopic Cholecystectomy.mp4,False,False,spatial_localization_camera,multiple_choice,0.22969119274057448,False,True
3753923,0100 - Laparoscopic Cholecystectomy.mp4,False,False,object_aggregation,number,0.22969119274057448,False,True
3753953,0100 - Laparoscopic Cholecystectomy.mp4,False,False,object_aggregation,number,0.22969119274057448,False,True
3753965,0100 - Laparoscopic Cholecystectomy.mp4,False,False,object_aggregation,number,0.22969119274057448,False,True
3753974,0100 - Laparoscopic Cholecystectomy.mp4,False,False,object_aggregation,number,0.22969119274057448,False,False
3753995,0100 - Laparoscopic Cholecystectomy.mp4,False,False,object_aggregation,number,0.22969119274057448,False,False
3754352,0100 - Laparoscopic Cholecystectomy.mp4,False,False,object_aggregation,number,0.22969119274057448,False,True
3754507,0100 - Laparoscopic Cholecystectomy.mp4,False,False,object_aggregation,number,0.22969119274057448,False,True
3755356,0100 - Laparoscopic Cholecystectomy.mp4,False,False,object_aggregation,number,0.22529376539750956,False,True
3755372,0100 - Laparoscopic Cholecystectomy.mp4,False,False,object_aggregation,number,0.22529376539750956,False,True
3755389,0100 - Laparoscopic Cholecystectomy.mp4,False,False,object_aggregation,number,0.22529376539750956,False,False
3755403,0100 - Laparoscopic Cholecystectomy.mp4,False,False,object_aggregation,number,0.22529376539750956,False,False
3755423,0100 - Laparoscopic Cholecystectomy.mp4,False,False,object_aggregation,number,0.22529376539750956,False,False
3758013,0100 - Laparoscopic Cholecystectomy.mp4,False,False,object_aggregation,binary,0.22529376539750956,False,True
3758169,0100 - Laparoscopic Cholecystectomy.mp4,False,False,object_aggregation,binary,0.22529376539750956,False,False
3765374,0100 - Laparoscopic Cholecystectomy.mp4,False,False,object_aggregation,binary,0.22529376539750956,False,False
3765322,0100 - Laparoscopic Cholecystectomy.mp4,False,False,object_aggregation,binary,0.22491076425649226,False,True
3744668,0100 - Laparoscopic Cholecystectomy.mp4,False,False,object_identification,fo_class,0.22491076425649226,False,False
3750256,0100 - Laparoscopic Cholecystectomy.mp4,False,False,object_identification,fo_class,0.22491076425649226,False,False
3750357,0100 - Laparoscopic Cholecystectomy.mp4,False,False,object_identification,fo_class,0.22491076425649226,False,False
3751675,0100 - Laparoscopic Cholecystectomy.mp4,False,False,object_identification,fo_class,0.22491076425649226,False,False
3751746,0100 - Laparoscopic Cholecystectomy.mp4,False,False,object_identification,fo_class,0.22491076425649226,False,False
3751838,0100 - Laparoscopic Cholecystectomy.mp4,False,False,object_identification,fo_class,0.22491076425649226,False,False
3768124,0100 - Laparoscopic Cholecystectomy.mp4,False,False,object_identification,fo_class,0.22491076425649226,False,False
3764203,0100 - Laparoscopic Cholecystectomy.mp4,False,False,spatial_localization_camera,open_ended,0.23056358273606747,False,False
3754015,0100 - Laparoscopic Cholecystectomy.mp4,False,False,object_aggregation,number,0.23056358273606747,False,False
3754040,0100 - Laparoscopic Cholecystectomy.mp4,False,False,object_aggregation,number,0.23056358273606747,False,False
3753981,0100 - Laparoscopic Cholecystectomy.mp4,False,False,object_aggregation,number,0.23056358273606747,False,False
3753998,0100 - Laparoscopic Cholecystectomy.mp4,False,False,object_aggregation,number,0.23056358273606747,False,False
3753993,0100 - Laparoscopic Cholecystectomy.mp4,False,False,object_aggregation,number,0.23056358273606747,False,False
3754454,0100 - Laparoscopic Cholecystectomy.mp4,False,False,object_aggregation,number,0.23056358273606747,False,False
3754508,0100 - Laparoscopic Cholecystectomy.mp4,False,False,object_aggregation,number,0.23056358273606747,False,False
3755432,0100 - Laparoscopic Cholecystectomy.mp4,False,False,object_aggregation,number,0.22508291425765492,False,False
3755411,0100 - Laparoscopic Cholecystectomy.mp4,False,False,object_aggregation,number,0.22508291425765492,False,False
3755427,0100 - Laparoscopic Cholecystectomy.mp4,False,False,object_aggregation,number,0.22508291425765492,False,False
3755425,0100 - Laparoscopic Cholecystectomy.mp4,False,False,object_aggregation,number,0.22508291425765492,False,False
3755417,0100 - Laparoscopic Cholecystectomy.mp4,False,False,object_aggregation,number,0.22508291425765492,False,False
3758112,0100 - Laparoscopic Cholecystectomy.mp4,False,False,object_aggregation,binary,0.22508291425765492,False,True
3758163,0100 - Laparoscopic Cholecystectomy.mp4,False,False,object_aggregation,binary,0.22508291425765492,False,True
3765373,0100 - Laparoscopic Cholecystectomy.mp4,False,False,object_aggregation,binary,0.22508291425765492,False,False
3765358,0100 - Laparoscopic Cholecystectomy.mp4,False,False,object_aggregation,binary,0.23019918412319385,False,True
3744678,0100 - Laparoscopic Cholecystectomy.mp4,False,False,object_identification,fo_class,0.23019918412319385,False,False
3750284,0100 - Laparoscopic Cholecystectomy.mp4,False,False,object_identification,fo_class,0.23019918412319385,False,False
3750317,0100 - Laparoscopic Cholecystectomy.mp4,False,False,object_identification,fo_class,0.23019918412319385,False,True
3751705,0100 - Laparoscopic Cholecystectomy.mp4,False,False,object_identification,fo_class,0.23019918412319385,False,False
3751750,0100 - Laparoscopic Cholecystectomy.mp4,False,False,object_identification,fo_class,0.23019918412319385,False,False
3751756,0100 - Laparoscopic Cholecystectomy.mp4,False,False,object_identification,fo_class,0.23019918412319385,False,False
3768153,0100 - Laparoscopic Cholecystectomy.mp4,False,False,object_identification,fo_class,0.23019918412319385,False,False
3764232,0100 - Laparoscopic Cholecystectomy.mp4,False,False,spatial_localization_camera,open_ended,0.23048040273715742,False,False
3754048,0100 - Laparoscopic Cholecystectomy.mp4,False,False,object_aggregation,number,0.23048040273715742,False,False
3754080,0100 - Laparoscopic Cholecystectomy.mp4,False,False,object_aggregation,number,0.23048040273715742,False,False
3754088,0100 - Laparoscopic Cholecystectomy.mp4,False,False,object_aggregation,number,0.23048040273715742,False,False
3754214,0100 - Laparoscopic Cholecystectomy.mp4,False,False,object_aggregation,number,0.23048040273715742,False,False
3753992,0100 - Laparoscopic Cholecystectomy.mp4,False,False,object_aggregation,number,0.23048040273715742,False,False
3754500,0100 - Laparoscopic Cholecystectomy.mp4,False,False,object_aggregation,number,0.23048040273715742,False,False
3754512,0100 - Laparoscopic Cholecystectomy.mp4,False,False,object_aggregation,number,0.23048040273715742,False,False
3755653,0100 - Laparoscopic Cholecystectomy.mp4,False,False,object_aggregation,number,0.22538708802312613,False,False
3755507,0100 - Laparoscopic Cholecystectomy.mp4,False,False,object_aggregation,number,0.22538708802312613,False,True
3755474,0100 - Laparoscopic Cholecystectomy.mp4,False,False,object_aggregation,number,0.22538708802312613,False,False
3755542,0100 - Laparoscopic Cholecystectomy.mp4,False,False,object_aggregation,number,0.22538708802312613,False,False
3755415,0100 - Laparoscopic Cholecystectomy.mp4,False,False,object_aggregation,number,0.22538708802312613,False,False
3758132,0100 - Laparoscopic Cholecystectomy.mp4,False,False,object_aggregation,binary,0.22538708802312613,False,True
3758156,0100 - Laparoscopic Cholecystectomy.mp4,False,False,object_aggregation,binary,0.22538708802312613,False,False
3765376,0100 - Laparoscopic Cholecystectomy.mp4,False,False,object_aggregation,binary,0.22538708802312613,False,False
3765372,0100 - Laparoscopic Cholecystectomy.mp4,False,False,object_aggregation,binary,0.2297261015046388,False,True
3744671,0100 - Laparoscopic Cholecystectomy.mp4,False,False,object_identification,fo_class,0.2297261015046388,False,False
3750439,0100 - Laparoscopic Cholecystectomy.mp4,False,False,object_identification,fo_class,0.2297261015046388,False,True
3750353,0100 - Laparoscopic Cholecystectomy.mp4,False,False,object_identification,fo_class,0.2297261015046388,False,False
3751871,0100 - Laparoscopic Cholecystectomy.mp4,False,False,object_identification,fo_class,0.2297261015046388,False,False
3751744,0100 - Laparoscopic Cholecystectomy.mp4,False,False,object_identification,fo_class,0.2297261015046388,False,False
4649503,0149 - Laparoscopic Cholecystectomy.mp4,False,False,object_identification,fo_class,0.2297261015046388,False,False
4649549,0149 - Laparoscopic Cholecystectomy.mp4,False,False,object_identification,fo_class,0.2297261015046388,False,False
4649551,0149 - Laparoscopic Cholecystectomy.mp4,False,False,object_identification,fo_class,0.2272571853827685,False,False
4654650,0149 - Laparoscopic Cholecystectomy.mp4,False,False,object_identification,fo_class,0.2272571853827685,False,False
4654905,0149 - Laparoscopic Cholecystectomy.mp4,False,False,object_identification,fo_class,0.2272571853827685,False,True
4654898,0149 - Laparoscopic Cholecystectomy.mp4,False,False,object_identification,fo_class,0.2272571853827685,False,True
4655586,0149 - Laparoscopic Cholecystectomy.mp4,False,False,object_identification,fo_class,0.2272571853827685,False,True
4655774,0149 - Laparoscopic Cholecystectomy.mp4,False,False,object_identification,fo_class,0.2272571853827685,False,False
4655806,0149 - Laparoscopic Cholecystectomy.mp4,False,False,object_identification,fo_class,0.2272571853827685,False,False
4656046,0149 - Laparoscopic Cholecystectomy.mp4,False,False,object_identification,fo_class,0.2272571853827685,False,True
4655580,0149 - Laparoscopic Cholecystectomy.mp4,False,False,object_identification,fo_class,0.23368260526331142,False,False
4655647,0149 - Laparoscopic Cholecystectomy.mp4,False,False,object_identification,fo_class,0.23368260526331142,False,False
4674040,0149 - Laparoscopic Cholecystectomy.mp4,False,False,object_identification,fo_class,0.23368260526331142,False,False
5022627,0149 - Laparoscopic Cholecystectomy.mp4,False,False,object_attributes,open_ended,0.23368260526331142,False,True
5022634,0149 - Laparoscopic Cholecystectomy.mp4,False,False,object_attributes,open_ended,0.23368260526331142,False,True
5022629,0149 - Laparoscopic Cholecystectomy.mp4,False,False,object_attributes,open_ended,0.23368260526331142,False,True
4669577,0149 - Laparoscopic Cholecystectomy.mp4,False,False,spatial_localization_camera,open_ended,0.23368260526331142,False,False
4681373,0149 - Laparoscopic Cholecystectomy.mp4,False,False,spatial_localization_camera,fo_class,0.23368260526331142,False,False
4681380,0149 - Laparoscopic Cholecystectomy.mp4,False,False,spatial_localization_camera,fo_class,0.22802391787990928,False,False
4684998,0149 - Laparoscopic Cholecystectomy.mp4,False,False,spatial_localization_camera,multiple_choice,0.22802391787990928,False,True
4684996,0149 - Laparoscopic Cholecystectomy.mp4,False,False,spatial_localization_camera,multiple_choice,0.22802391787990928,False,True
4658475,0149 - Laparoscopic Cholecystectomy.mp4,False,False,object_aggregation,number,0.22802391787990928,False,True
4658497,0149 - Laparoscopic Cholecystectomy.mp4,False,False,object_aggregation,number,0.22802391787990928,False,True
4658575,0149 - Laparoscopic Cholecystectomy.mp4,False,False,object_aggregation,number,0.22802391787990928,False,False
4658548,0149 - Laparoscopic Cholecystectomy.mp4,False,False,object_aggregation,number,0.22802391787990928,False,False
4658629,0149 - Laparoscopic Cholecystectomy.mp4,False,False,object_aggregation,number,0.22802391787990928,False,False
4658665,0149 - Laparoscopic Cholecystectomy.mp4,False,False,object_aggregation,number,0.22230635685264133,False,False
4658993,0149 - Laparoscopic Cholecystectomy.mp4,False,False,object_aggregation,number,0.22230635685264133,False,True
4659449,0149 - Laparoscopic Cholecystectomy.mp4,False,False,object_aggregation,number,0.22230635685264133,False,False
4659358,0149 - Laparoscopic Cholecystectomy.mp4,False,False,object_aggregation,number,0.22230635685264133,False,False
4660107,0149 - Laparoscopic Cholecystectomy.mp4,False,False,object_aggregation,number,0.22230635685264133,False,True
4660120,0149 - Laparoscopic Cholecystectomy.mp4,False,False,object_aggregation,number,0.22230635685264133,False,True
4660159,0149 - Laparoscopic Cholecystectomy.mp4,False,False,object_aggregation,number,0.22230635685264133,False,False
4660202,0149 - Laparoscopic Cholecystectomy.mp4,False,False,object_aggregation,number,0.22230635685264133,False,False
4660233,0149 - Laparoscopic Cholecystectomy.mp4,False,False,object_aggregation,number,0.22159780937363394,False,False
4660288,0149 - Laparoscopic Cholecystectomy.mp4,False,False,object_aggregation,number,0.22159780937363394,False,False
4663528,0149 - Laparoscopic Cholecystectomy.mp4,False,False,object_aggregation,binary,0.22159780937363394,False,True
4663186,0149 - Laparoscopic Cholecystectomy.mp4,False,False,object_aggregation,binary,0.22159780937363394,False,False
4671064,0149 - Laparoscopic Cholecystectomy.mp4,False,False,object_aggregation,binary,0.22159780937363394,False,True
4670706,0149 - Laparoscopic Cholecystectomy.mp4,False,False,object_aggregation,binary,0.22159780937363394,False,True
4649477,0149 - Laparoscopic Cholecystectomy.mp4,False,False,object_identification,fo_class,0.22159780937363394,False,False
4649546,0149 - Laparoscopic Cholecystectomy.mp4,False,False,object_identification,fo_class,0.22159780937363394,False,False
4649552,0149 - Laparoscopic Cholecystectomy.mp4,False,False,object_identification,fo_class,0.22738481662236154,False,False
4654666,0149 - Laparoscopic Cholecystectomy.mp4,False,False,object_identification,fo_class,0.22738481662236154,False,True
4654920,0149 - Laparoscopic Cholecystectomy.mp4,False,False,object_identification,fo_class,0.22738481662236154,False,True
4654897,0149 - Laparoscopic Cholecystectomy.mp4,False,False,object_identification,fo_class,0.22738481662236154,False,True
4655720,0149 - Laparoscopic Cholecystectomy.mp4,False,False,object_identification,fo_class,0.22738481662236154,False,True
4655618,0149 - Laparoscopic Cholecystectomy.mp4,False,False,object_identification,fo_class,0.22738481662236154,False,False
4655746,0149 - Laparoscopic Cholecystectomy.mp4,False,False,object_identification,fo_class,0.22738481662236154,False,False
4655876,0149 - Laparoscopic Cholecystectomy.mp4,False,False,object_identification,fo_class,0.22738481662236154,False,True
4655924,0149 - Laparoscopic Cholecystectomy.mp4,False,False,object_identification,fo_class,0.23466576263308525,False,False
4674044,0149 - Laparoscopic Cholecystectomy.mp4,False,False,object_identification,fo_class,0.23466576263308525,False,False
5022630,0149 - Laparoscopic Cholecystectomy.mp4,False,False,object_attributes,open_ended,0.23466576263308525,False,False
5022633,0149 - Laparoscopic Cholecystectomy.mp4,False,False,object_attributes,open_ended,0.23466576263308525,False,True
4669589,0149 - Laparoscopic Cholecystectomy.mp4,False,False,spatial_localization_camera,open_ended,0.23466576263308525,False,False
4681374,0149 - Laparoscopic Cholecystectomy.mp4,False,False,spatial_localization_camera,fo_class,0.23466576263308525,False,False
4684997,0149 - Laparoscopic Cholecystectomy.mp4,False,False,spatial_localization_camera,multiple_choice,0.23466576263308525,False,False
4684995,0149 - Laparoscopic Cholecystectomy.mp4,False,False,spatial_localization_camera,multiple_choice,0.23466576263308525,False,True
4658516,0149 - Laparoscopic Cholecystectomy.mp4,False,False,object_aggregation,number,0.21589145212783478,False,True
4658538,0149 - Laparoscopic Cholecystectomy.mp4,False,False,object_aggregation,number,0.21589145212783478,False,False
4658716,0149 - Laparoscopic Cholecystectomy.mp4,False,False,object_aggregation,number,0.21589145212783478,False,False
4658739,0149 - Laparoscopic Cholecystectomy.mp4,False,False,object_aggregation,number,0.21589145212783478,False,False
4658725,0149 - Laparoscopic Cholecystectomy.mp4,False,False,object_aggregation,number,0.21589145212783478,False,False
4658705,0149 - Laparoscopic Cholecystectomy.mp4,False,False,object_aggregation,number,0.21589145212783478,False,False
4659135,0149 - Laparoscopic Cholecystectomy.mp4,False,False,object_aggregation,number,0.21589145212783478,False,True
4659212,0149 - Laparoscopic Cholecystectomy.mp4,False,False,object_aggregation,number,0.21589145212783478,False,False
4659145,0149 - Laparoscopic Cholecystectomy.mp4,False,False,object_aggregation,number,0.22154227324062958,False,False
4660136,0149 - Laparoscopic Cholecystectomy.mp4,False,False,object_aggregation,number,0.22154227324062958,False,True
4660130,0149 - Laparoscopic Cholecystectomy.mp4,False,False,object_aggregation,number,0.22154227324062958,False,False
4660382,0149 - Laparoscopic Cholecystectomy.mp4,False,False,object_aggregation,number,0.22154227324062958,False,False
4660381,0149 - Laparoscopic Cholecystectomy.mp4,False,False,object_aggregation,number,0.22154227324062958,False,False
4660398,0149 - Laparoscopic Cholecystectomy.mp4,False,False,object_aggregation,number,0.22154227324062958,False,False
4660308,0149 - Laparoscopic Cholecystectomy.mp4,False,False,object_aggregation,number,0.22154227324062958,False,False
4663295,0149 - Laparoscopic Cholecystectomy.mp4,False,False,object_aggregation,binary,0.22154227324062958,False,True
4663081,0149 - Laparoscopic Cholecystectomy.mp4,False,False,object_aggregation,binary,0.22753854424809106,False,False
4671032,0149 - Laparoscopic Cholecystectomy.mp4,False,False,object_aggregation,binary,0.22753854424809106,False,False
4670802,0149 - Laparoscopic Cholecystectomy.mp4,False,False,object_aggregation,binary,0.22753854424809106,False,True
4649544,0149 - Laparoscopic Cholecystectomy.mp4,False,False,object_identification,fo_class,0.22753854424809106,False,False
4691290,0158 - Laparoscopic Cholecystectomy.mp4,False,False,object_identification,fo_class,0.22753854424809106,False,False
4691528,0158 - Laparoscopic Cholecystectomy.mp4,False,False,object_identification,fo_class,0.22753854424809106,False,False
4698718,0158 - Laparoscopic Cholecystectomy.mp4,False,False,object_identification,fo_class,0.22753854424809106,False,False
4698961,0158 - Laparoscopic Cholecystectomy.mp4,False,False,object_identification,fo_class,0.22753854424809106,False,True
4698656,0158 - Laparoscopic Cholecystectomy.mp4,False,False,object_identification,fo_class,0.22843502924661152,False,False
4700499,0158 - Laparoscopic Cholecystectomy.mp4,False,False,object_identification,fo_class,0.22843502924661152,False,False
4700477,0158 - Laparoscopic Cholecystectomy.mp4,False,False,object_identification,fo_class,0.22843502924661152,False,False
4700363,0158 - Laparoscopic Cholecystectomy.mp4,False,False,object_identification,fo_class,0.22843502924661152,False,False
4700677,0158 - Laparoscopic Cholecystectomy.mp4,False,False,object_identification,fo_class,0.22843502924661152,False,False
4700374,0158 - Laparoscopic Cholecystectomy.mp4,False,False,object_identification,fo_class,0.22843502924661152,False,False
4726313,0158 - Laparoscopic Cholecystectomy.mp4,False,False,object_identification,fo_class,0.22843502924661152,False,False
4726279,0158 - Laparoscopic Cholecystectomy.mp4,False,False,object_identification,fo_class,0.22843502924661152,False,True
5022591,0158 - Laparoscopic Cholecystectomy.mp4,False,False,object_attributes,open_ended,0.25839748937869444,False,True
5022582,0158 - Laparoscopic Cholecystectomy.mp4,False,False,object_attributes,open_ended,0.25839748937869444,False,True
5022580,0158 - Laparoscopic Cholecystectomy.mp4,False,False,object_attributes,open_ended,0.25839748937869444,False,False
4720247,0158 - Laparoscopic Cholecystectomy.mp4,False,False,spatial_localization_camera,open_ended,0.25839748937869444,False,True
4736340,0158 - Laparoscopic Cholecystectomy.mp4,False,False,spatial_localization_camera,fo_class,0.25839748937869444,False,False
4736382,0158 - Laparoscopic Cholecystectomy.mp4,False,False,spatial_localization_camera,fo_class,0.25839748937869444,False,True
4736356,0158 - Laparoscopic Cholecystectomy.mp4,False,False,spatial_localization_camera,fo_class,0.25839748937869444,False,False
5024059,0158 - Laparoscopic Cholecystectomy.mp4,False,False,spatial_localization_situs,open_ended,0.25839748937869444,False,True
4704430,0158 - Laparoscopic Cholecystectomy.mp4,False,False,object_aggregation,number,0.22765862802043557,False,True
4704552,0158 - Laparoscopic Cholecystectomy.mp4,False,False,object_aggregation,number,0.22765862802043557,False,False
4704721,0158 - Laparoscopic Cholecystectomy.mp4,False,False,object_aggregation,number,0.22765862802043557,False,False
4704677,0158 - Laparoscopic Cholecystectomy.mp4,False,False,object_aggregation,number,0.22765862802043557,False,False
4704695,0158 - Laparoscopic Cholecystectomy.mp4,False,False,object_aggregation,number,0.22765862802043557,False,False
4704966,0158 - Laparoscopic Cholecystectomy.mp4,False,False,object_aggregation,number,0.22765862802043557,False,True
4705049,0158 - Laparoscopic Cholecystectomy.mp4,False,False,object_aggregation,number,0.22765862802043557,False,False
4706059,0158 - Laparoscopic Cholecystectomy.mp4,False,False,object_aggregation,number,0.22765862802043557,False,False
4706749,0158 - Laparoscopic Cholecystectomy.mp4,False,False,object_aggregation,number,0.25105403712950647,False,False
4706657,0158 - Laparoscopic Cholecystectomy.mp4,False,False,object_aggregation,number,0.25105403712950647,False,False
4706677,0158 - Laparoscopic Cholecystectomy.mp4,False,False,object_aggregation,number,0.25105403712950647,False,False
4710399,0158 - Laparoscopic Cholecystectomy.mp4,False,False,object_aggregation,binary,0.25105403712950647,False,True
4710446,0158 - Laparoscopic Cholecystectomy.mp4,False,False,object_aggregation,binary,0.25105403712950647,False,False
4721424,0158 - Laparoscopic Cholecystectomy.mp4,False,False,object_aggregation,binary,0.25105403712950647,False,False
4721425,0158 - Laparoscopic Cholecystectomy.mp4,False,False,object_aggregation,binary,0.25105403712950647,False,True
4691439,0158 - Laparoscopic Cholecystectomy.mp4,False,False,object_identification,fo_class,0.25105403712950647,False,False
4691526,0158 - Laparoscopic Cholecystectomy.mp4,False,False,object_identification,fo_class,0.22821780174854212,False,False
4698742,0158 - Laparoscopic Cholecystectomy.mp4,False,False,object_identification,fo_class,0.22821780174854212,False,False
4698966,0158 - Laparoscopic Cholecystectomy.mp4,False,False,object_identification,fo_class,0.22821780174854212,False,True
4698732,0158 - Laparoscopic Cholecystectomy.mp4,False,False,object_identification,fo_class,0.22821780174854212,False,False
4700673,0158 - Laparoscopic Cholecystectomy.mp4,False,False,object_identification,fo_class,0.22821780174854212,False,False
4700616,0158 - Laparoscopic Cholecystectomy.mp4,False,False,object_identification,fo_class,0.22821780174854212,False,False
4700731,0158 - Laparoscopic Cholecystectomy.mp4,False,False,object_identification,fo_class,0.22821780174854212,False,False
4700433,0158 - Laparoscopic Cholecystectomy.mp4,False,False,object_identification,fo_class,0.22821780174854212,False,False
4700554,0158 - Laparoscopic Cholecystectomy.mp4,False,False,object_identification,fo_class,0.23497866149409674,False,False
4726369,0158 - Laparoscopic Cholecystectomy.mp4,False,False,object_identification,fo_class,0.23497866149409674,False,False
4726318,0158 - Laparoscopic Cholecystectomy.mp4,False,False,object_identification,fo_class,0.23497866149409674,False,False
5022588,0158 - Laparoscopic Cholecystectomy.mp4,False,False,object_attributes,open_ended,0.23497866149409674,False,True
5022589,0158 - Laparoscopic Cholecystectomy.mp4,False,False,object_attributes,open_ended,0.23497866149409674,False,False
4720283,0158 - Laparoscopic Cholecystectomy.mp4,False,False,spatial_localization_camera,open_ended,0.23497866149409674,False,False
4736361,0158 - Laparoscopic Cholecystectomy.mp4,False,False,spatial_localization_camera,fo_class,0.23497866149409674,False,False
4704475,0158 - Laparoscopic Cholecystectomy.mp4,False,False,object_aggregation,number,0.23497866149409674,False,False
4704635,0158 - Laparoscopic Cholecystectomy.mp4,False,False,object_aggregation,number,0.22625688562402502,False,False
4704580,0158 - Laparoscopic Cholecystectomy.mp4,False,False,object_aggregation,number,0.22625688562402502,False,False
4704857,0158 - Laparoscopic Cholecystectomy.mp4,False,False,object_aggregation,number,0.22625688562402502,False,False
4704698,0158 - Laparoscopic Cholecystectomy.mp4,False,False,object_aggregation,number,0.22625688562402502,False,False
4705140,0158 - Laparoscopic Cholecystectomy.mp4,False,False,object_aggregation,number,0.22625688562402502,False,True
4705109,0158 - Laparoscopic Cholecystectomy.mp4,False,False,object_aggregation,number,0.22625688562402502,False,False
4706622,0158 - Laparoscopic Cholecystectomy.mp4,False,False,object_aggregation,number,0.22625688562402502,False,False
4706798,0158 - Laparoscopic Cholecystectomy.mp4,False,False,object_aggregation,number,0.22625688562402502,False,False
4706829,0158 - Laparoscopic Cholecystectomy.mp4,False,False,object_aggregation,number,0.2248504493618384,False,False
4706681,0158 - Laparoscopic Cholecystectomy.mp4,False,False,object_aggregation,number,0.2248504493618384,False,False
4710740,0158 - Laparoscopic Cholecystectomy.mp4,False,False,object_aggregation,binary,0.2248504493618384,False,True
4710599,0158 - Laparoscopic Cholecystectomy.mp4,False,False,object_aggregation,binary,0.2248504493618384,False,False
4721534,0158 - Laparoscopic Cholecystectomy.mp4,False,False,object_aggregation,binary,0.2248504493618384,False,False
4721533,0158 - Laparoscopic Cholecystectomy.mp4,False,False,object_aggregation,binary,0.2248504493618384,False,True
4691494,0158 - Laparoscopic Cholecystectomy.mp4,False,False,object_identification,fo_class,0.2248504493618384,False,False
4691531,0158 - Laparoscopic Cholecystectomy.mp4,False,False,object_identification,fo_class,0.2248504493618384,False,False
4698851,0158 - Laparoscopic Cholecystectomy.mp4,False,False,object_identification,fo_class,0.22770476175355725,False,False
4698962,0158 - Laparoscopic Cholecystectomy.mp4,False,False,object_identification,fo_class,0.22770476175355725,False,True
4698805,0158 - Laparoscopic Cholecystectomy.mp4,False,False,object_identification,fo_class,0.22770476175355725,False,False
4700823,0158 - Laparoscopic Cholecystectomy.mp4,False,False,object_identification,fo_class,0.22770476175355725,False,False
4700699,0158 - Laparoscopic Cholecystectomy.mp4,False,False,object_identification,fo_class,0.22770476175355725,False,False
4700609,0158 - Laparoscopic Cholecystectomy.mp4,False,False,object_identification,fo_class,0.22770476175355725,False,False
4700784,0158 - Laparoscopic Cholecystectomy.mp4,False,False,object_identification,fo_class,0.22770476175355725,False,False
4700738,0158 - Laparoscopic Cholecystectomy.mp4,False,False,object_identification,fo_class,0.22770476175355725,False,False
4726298,0158 - Laparoscopic Cholecystectomy.mp4,False,False,object_identification,fo_class,0.23035760174388997,False,False
4726337,0158 - Laparoscopic Cholecystectomy.mp4,False,False,object_identification,fo_class,0.23035760174388997,False,True
5022590,0158 - Laparoscopic Cholecystectomy.mp4,False,False,object_attributes,open_ended,0.23035760174388997,False,True
5022579,0158 - Laparoscopic Cholecystectomy.mp4,False,False,object_attributes,open_ended,0.23035760174388997,False,False
4912345,0183 - Laparoscopic Cholecystectomy.mp4,False,False,object_identification,fo_class,0.23035760174388997,False,False
4912580,0183 - Laparoscopic Cholecystectomy.mp4,False,False,object_identification,fo_class,0.23035760174388997,False,False
4912519,0183 - Laparoscopic Cholecystectomy.mp4,False,False,object_identification,fo_class,0.23035760174388997,False,False
4920884,0183 - Laparoscopic Cholecystectomy.mp4,False,False,object_identification,fo_class,0.23035760174388997,False,False
4921042,0183 - Laparoscopic Cholecystectomy.mp4,False,False,object_identification,fo_class,0.24099086373462342,False,True
4920987,0183 - Laparoscopic Cholecystectomy.mp4,False,False,object_identification,fo_class,0.24099086373462342,False,True
4920741,0183 - Laparoscopic Cholecystectomy.mp4,False,False,object_identification,fo_class,0.24099086373462342,False,False
4923716,0183 - Laparoscopic Cholecystectomy.mp4,False,False,object_identification,fo_class,0.24099086373462342,False,False
4923660,0183 - Laparoscopic Cholecystectomy.mp4,False,False,object_identification,fo_class,0.24099086373462342,False,False
4923574,0183 - Laparoscopic Cholecystectomy.mp4,False,False,object_identification,fo_class,0.24099086373462342,False,False
4923486,0183 - Laparoscopic Cholecystectomy.mp4,False,False,object_identification,fo_class,0.24099086373462342,False,False
4923630,0183 - Laparoscopic Cholecystectomy.mp4,False,False,object_identification,fo_class,0.24099086373462342,False,False
4923563,0183 - Laparoscopic Cholecystectomy.mp4,False,False,object_identification,fo_class,0.23163447162369266,False,False
4923456,0183 - Laparoscopic Cholecystectomy.mp4,False,False,object_identification,fo_class,0.23163447162369266,False,False
4950885,0183 - Laparoscopic Cholecystectomy.mp4,False,False,object_identification,fo_class,0.23163447162369266,False,False
4950908,0183 - Laparoscopic Cholecystectomy.mp4,False,False,object_identification,fo_class,0.23163447162369266,False,True
4950776,0183 - Laparoscopic Cholecystectomy.mp4,False,False,object_identification,fo_class,0.23163447162369266,False,False
5022543,0183 - Laparoscopic Cholecystectomy.mp4,False,False,object_attributes,open_ended,0.23163447162369266,False,True
5022541,0183 - Laparoscopic Cholecystectomy.mp4,False,False,object_attributes,open_ended,0.23163447162369266,False,False
5022545,0183 - Laparoscopic Cholecystectomy.mp4,False,False,object_attributes,open_ended,0.23163447162369266,False,True
5022546,0183 - Laparoscopic Cholecystectomy.mp4,False,False,object_attributes,open_ended,0.2352739814959932,False,False
4944843,0183 - Laparoscopic Cholecystectomy.mp4,False,False,spatial_localization_camera,open_ended,0.2352739814959932,False,False
4962712,0183 - Laparoscopic Cholecystectomy.mp4,False,False,spatial_localization_camera,fo_class,0.2352739814959932,False,False
4962749,0183 - Laparoscopic Cholecystectomy.mp4,False,False,spatial_localization_camera,fo_class,0.2352739814959932,False,True
4962747,0183 - Laparoscopic Cholecystectomy.mp4,False,False,spatial_localization_camera,fo_class,0.2352739814959932,False,True
4962744,0183 - Laparoscopic Cholecystectomy.mp4,False,False,spatial_localization_camera,fo_class,0.2352739814959932,False,False
4968861,0183 - Laparoscopic Cholecystectomy.mp4,False,False,spatial_localization_camera,multiple_choice,0.2352739814959932,False,False
4968972,0183 - Laparoscopic Cholecystectomy.mp4,False,False,spatial_localization_camera,multiple_choice,0.2352739814959932,False,True
4968982,0183 - Laparoscopic Cholecystectomy.mp4,False,False,spatial_localization_camera,multiple_choice,0.2286935455049388,False,False
4968980,0183 - Laparoscopic Cholecystectomy.mp4,False,False,spatial_localization_camera,multiple_choice,0.2286935455049388,False,True
4927561,0183 - Laparoscopic Cholecystectomy.mp4,False,False,object_aggregation,number,0.2286935455049388,False,True
4927658,0183 - Laparoscopic Cholecystectomy.mp4,False,False,object_aggregation,number,0.2286935455049388,False,False
4927755,0183 - Laparoscopic Cholecystectomy.mp4,False,False,object_aggregation,number,0.2286935455049388,False,False
4927767,0183 - Laparoscopic Cholecystectomy.mp4,False,False,object_aggregation,number,0.2286935455049388,False,False
4927713,0183 - Laparoscopic Cholecystectomy.mp4,False,False,object_aggregation,number,0.2286935455049388,False,False
4928004,0183 - Laparoscopic Cholecystectomy.mp4,False,False,object_aggregation,number,0.2286935455049388,False,True
4928164,0183 - Laparoscopic Cholecystectomy.mp4,False,False,object_aggregation,number,0.22651413187850267,False,False
4929146,0183 - Laparoscopic Cholecystectomy.mp4,False,False,object_aggregation,number,0.22651413187850267,False,True
4929586,0183 - Laparoscopic Cholecystectomy.mp4,False,False,object_aggregation,number,0.22651413187850267,False,False
4929606,0183 - Laparoscopic Cholecystectomy.mp4,False,False,object_aggregation,number,0.22651413187850267,False,False
4929625,0183 - Laparoscopic Cholecystectomy.mp4,False,False,object_aggregation,number,0.22651413187850267,False,False
4934345,0183 - Laparoscopic Cholecystectomy.mp4,False,False,object_aggregation,binary,0.22651413187850267,False,True
4934022,0183 - Laparoscopic Cholecystectomy.mp4,False,False,object_aggregation,binary,0.22651413187850267,False,True
4946012,0183 - Laparoscopic Cholecystectomy.mp4,False,False,object_aggregation,binary,0.22651413187850267,False,True
4946055,0183 - Laparoscopic Cholecystectomy.mp4,False,False,object_aggregation,binary,0.23070004035253078,False,True
4912375,0183 - Laparoscopic Cholecystectomy.mp4,False,False,object_identification,fo_class,0.23070004035253078,False,False
4912546,0183 - Laparoscopic Cholecystectomy.mp4,False,False,object_identification,fo_class,0.23070004035253078,False,False
4912530,0183 - Laparoscopic Cholecystectomy.mp4,False,False,object_identification,fo_class,0.23070004035253078,False,False
4920907,0183 - Laparoscopic Cholecystectomy.mp4,False,False,object_identification,fo_class,0.23070004035253078,False,False
4921008,0183 - Laparoscopic Cholecystectomy.mp4,False,False,object_identification,fo_class,0.23070004035253078,False,True
4920977,0183 - Laparoscopic Cholecystectomy.mp4,False,False,object_identification,fo_class,0.23070004035253078,False,False
4920833,0183 - Laparoscopic Cholecystectomy.mp4,False,False,object_identification,fo_class,0.23070004035253078,False,True
4923841,0183 - Laparoscopic Cholecystectomy.mp4,False,False,object_identification,fo_class,0.2318010066228453,False,False
4923864,0183 - Laparoscopic Cholecystectomy.mp4,False,False,object_identification,fo_class,0.2318010066228453,False,False
4923913,0183 - Laparoscopic Cholecystectomy.mp4,False,False,object_identification,fo_class,0.2318010066228453,False,False
4923506,0183 - Laparoscopic Cholecystectomy.mp4,False,False,object_identification,fo_class,0.2318010066228453,False,False
4923914,0183 - Laparoscopic Cholecystectomy.mp4,False,False,object_identification,fo_class,0.2318010066228453,False,False
4923921,0183 - Laparoscopic Cholecystectomy.mp4,False,False,object_identification,fo_class,0.2318010066228453,False,False
4923596,0183 - Laparoscopic Cholecystectomy.mp4,False,False,object_identification,fo_class,0.2318010066228453,False,False
4950889,0183 - Laparoscopic Cholecystectomy.mp4,False,False,object_identification,fo_class,0.2318010066228453,False,True
4950901,0183 - Laparoscopic Cholecystectomy.mp4,False,False,object_identification,fo_class,0.235177238995675,False,True
4950810,0183 - Laparoscopic Cholecystectomy.mp4,False,False,object_identification,fo_class,0.235177238995675,False,True
5022550,0183 - Laparoscopic Cholecystectomy.mp4,False,False,object_attributes,open_ended,0.235177238995675,False,True
5022549,0183 - Laparoscopic Cholecystectomy.mp4,False,False,object_attributes,open_ended,0.235177238995675,False,False
5022554,0183 - Laparoscopic Cholecystectomy.mp4,False,False,object_attributes,open_ended,0.235177238995675,False,False
5022551,0183 - Laparoscopic Cholecystectomy.mp4,False,False,object_attributes,open_ended,0.235177238995675,False,False
4944879,0183 - Laparoscopic Cholecystectomy.mp4,False,False,spatial_localization_camera,open_ended,0.235177238995675,False,False
4962738,0183 - Laparoscopic Cholecystectomy.mp4,False,False,spatial_localization_camera,fo_class,0.235177238995675,False,False
4962748,0183 - Laparoscopic Cholecystectomy.mp4,False,False,spatial_localization_camera,fo_class,0.22914589426363818,False,True
4968873,0183 - Laparoscopic Cholecystectomy.mp4,False,False,spatial_localization_camera,multiple_choice,0.22914589426363818,False,True
4968974,0183 - Laparoscopic Cholecystectomy.mp4,False,False,spatial_localization_camera,multiple_choice,0.22914589426363818,False,True
4968981,0183 - Laparoscopic Cholecystectomy.mp4,False,False,spatial_localization_camera,multiple_choice,0.22914589426363818,False,True
4927601,0183 - Laparoscopic Cholecystectomy.mp4,False,False,object_aggregation,number,0.22914589426363818,False,False
5025117,0004 - Laparoscopic Cholecystectomy.mp4,False,False,object_attributes,open_ended,0.22914589426363818,False,False
5025118,0004 - Laparoscopic Cholecystectomy.mp4,False,False,object_attributes,open_ended,0.22914589426363818,False,True
5025119,0004 - Laparoscopic Cholecystectomy.mp4,False,False,object_attributes,open_ended,0.22914589426363818,False,False
5025120,0004 - Laparoscopic Cholecystectomy.mp4,False,False,object_attributes,open_ended,0.2314814692363143,False,False
5025121,0004 - Laparoscopic Cholecystectomy.mp4,False,False,object_attributes,open_ended,0.2314814692363143,False,False
5025122,0004 - Laparoscopic Cholecystectomy.mp4,False,False,object_attributes,open_ended,0.2314814692363143,False,False
5025123,0004 - Laparoscopic Cholecystectomy.mp4,False,False,object_attributes,open_ended,0.2314814692363143,False,True
5025124,0004 - Laparoscopic Cholecystectomy.mp4,False,False,object_attributes,open_ended,0.2314814692363143,False,True
5025134,0017 - Laparoscopic Cholecystectomy.mp4,False,False,object_attributes,open_ended,0.2314814692363143,False,False
5025135,0017 - Laparoscopic Cholecystectomy.mp4,False,False,object_attributes,open_ended,0.2314814692363143,False,True
5025136,0017 - Laparoscopic Cholecystectomy.mp4,False,False,object_attributes,open_ended,0.2314814692363143,False,False
5025137,0017 - Laparoscopic Cholecystectomy.mp4,False,False,object_attributes,open_ended,0.23342448537005112,False,False
5025138,0017 - Laparoscopic Cholecystectomy.mp4,False,False,object_attributes,open_ended,0.23342448537005112,False,True
5025139,0017 - Laparoscopic Cholecystectomy.mp4,False,False,object_attributes,open_ended,0.23342448537005112,False,True
5025140,0017 - Laparoscopic Cholecystectomy.mp4,False,False,object_attributes,open_ended,0.23342448537005112,False,False
5025141,0017 - Laparoscopic Cholecystectomy.mp4,False,False,object_attributes,open_ended,0.23342448537005112,False,True
5025142,0017 - Laparoscopic Cholecystectomy.mp4,False,False,object_attributes,open_ended,0.23342448537005112,False,True
5025143,0017 - Laparoscopic Cholecystectomy.mp4,False,False,object_attributes,open_ended,0.23342448537005112,False,False
5025144,0017 - Laparoscopic Cholecystectomy.mp4,False,False,object_attributes,open_ended,0.23342448537005112,False,True
5025145,0017 - Laparoscopic Cholecystectomy.mp4,False,False,object_attributes,open_ended,0.24397629126906395,False,True
5025146,0019 - Laparoscopic Cholecystectomy.mp4,False,False,object_attributes,open_ended,0.24397629126906395,False,True
5025147,0019 - Laparoscopic Cholecystectomy.mp4,False,False,object_attributes,open_ended,0.24397629126906395,False,True
5025148,0019 - Laparoscopic Cholecystectomy.mp4,False,False,object_attributes,open_ended,0.24397629126906395,False,True
5025149,0019 - Laparoscopic Cholecystectomy.mp4,False,False,spatial_localization_situs,open_ended,0.24397629126906395,False,False
5025150,0019 - Laparoscopic Cholecystectomy.mp4,False,False,object_attributes,open_ended,0.24397629126906395,False,False
5025155,0026 - Laparoscopic Cholecystectomy.mp4,False,False,object_attributes,open_ended,0.24397629126906395,False,True
5025156,0027 - Laparoscopic Cholecystectomy.mp4,False,False,object_aggregation,open_ended,0.24397629126906395,False,False
5025157,0027 - Laparoscopic Cholecystectomy.mp4,False,False,object_attributes,open_ended,0.23319567664293572,False,False
5025158,0027 - Laparoscopic Cholecystectomy.mp4,False,False,object_attributes,open_ended,0.23319567664293572,False,False
5025159,0027 - Laparoscopic Cholecystectomy.mp4,False,False,object_attributes,open_ended,0.23319567664293572,False,False
5025160,0027 - Laparoscopic Cholecystectomy.mp4,False,False,object_attributes,open_ended,0.23319567664293572,False,True
5025161,0027 - Laparoscopic Cholecystectomy.mp4,False,False,object_attributes,open_ended,0.23319567664293572,False,False
5025162,0027 - Laparoscopic Cholecystectomy.mp4,False,False,object_attributes,open_ended,0.23319567664293572,False,True
5025163,0027 - Laparoscopic Cholecystectomy.mp4,False,False,object_attributes,open_ended,0.23319567664293572,False,True
5025164,0027 - Laparoscopic Cholecystectomy.mp4,False,False,object_attributes,open_ended,0.23319567664293572,False,False
5025165,0027 - Laparoscopic Cholecystectomy.mp4,False,False,object_attributes,open_ended,0.25045300225610845,False,True
5025166,0027 - Laparoscopic Cholecystectomy.mp4,False,False,object_attributes,open_ended,0.25045300225610845,False,False
5025167,0028 - Laparoscopic Cholecystectomy.mp4,False,False,spatial_localization_situs,open_ended,0.25045300225610845,False,True
5025168,0028 - Laparoscopic Cholecystectomy.mp4,False,False,object_aggregation,open_ended,0.25045300225610845,False,False
5025169,0028 - Laparoscopic Cholecystectomy.mp4,False,False,object_aggregation,open_ended,0.25045300225610845,False,False
5025170,0028 - Laparoscopic Cholecystectomy.mp4,False,False,object_attributes,open_ended,0.25045300225610845,False,False
5025171,0028 - Laparoscopic Cholecystectomy.mp4,False,False,spatial_localization_situs,open_ended,0.25045300225610845,False,False
5025172,0028 - Laparoscopic Cholecystectomy.mp4,False,False,object_attributes,open_ended,0.25045300225610845,False,True
5025173,0028 - Laparoscopic Cholecystectomy.mp4,False,False,object_attributes,open_ended,0.22991437301971018,False,False
5025200,0048 - Laparoscopic Cholecystectomy.mp4,False,False,object_attributes,open_ended,0.22991437301971018,False,True
5025201,0048 - Laparoscopic Cholecystectomy.mp4,False,False,object_attributes,open_ended,0.22991437301971018,False,False
5025202,0048 - Laparoscopic Cholecystectomy.mp4,False,False,object_attributes,open_ended,0.22991437301971018,False,True
5025225,0060 - Laparoscopic Cholecystectomy.mp4,False,False,object_attributes,open_ended,0.22991437301971018,False,False
5025226,0061 - Laparoscopic Cholecystectomy.mp4,False,False,object_attributes,open_ended,0.22991437301971018,False,True
5025227,0061 - Laparoscopic Cholecystectomy.mp4,False,False,object_attributes,open_ended,0.22991437301971018,False,False
5025228,0061 - Laparoscopic Cholecystectomy.mp4,False,False,object_attributes,open_ended,0.22991437301971018,False,True
5025229,0061 - Laparoscopic Cholecystectomy.mp4,False,False,object_attributes,open_ended,0.23186299551161937,False,False
5025236,0065 - Laparoscopic Cholecystectomy.mp4,False,False,object_attributes,open_ended,0.23186299551161937,False,True
5025237,0065 - Laparoscopic Cholecystectomy.mp4,False,False,object_aggregation,number,0.23186299551161937,False,False
5025238,0065 - Laparoscopic Cholecystectomy.mp4,False,False,object_identification,fo_class,0.23186299551161937,False,False
5025239,0066 - Laparoscopic Cholecystectomy.mp4,False,False,object_aggregation,open_ended,0.23186299551161937,False,False
5025245,0072 - Laparoscopic Cholecystectomy.mp4,False,False,object_attributes,open_ended,0.23186299551161937,False,True
5025253,0074 - Laparoscopic Cholecystectomy.mp4,False,False,object_attributes,open_ended,0.23186299551161937,False,True
5025254,0074 - Laparoscopic Cholecystectomy.mp4,False,False,object_attributes,open_ended,0.23186299551161937,False,True
5025255,0074 - Laparoscopic Cholecystectomy.mp4,False,False,object_attributes,open_ended,0.22689962064032443,False,False
5025256,0074 - Laparoscopic Cholecystectomy.mp4,False,False,object_attributes,open_ended,0.22689962064032443,False,True
5025257,0074 - Laparoscopic Cholecystectomy.mp4,False,False,object_attributes,open_ended,0.22689962064032443,False,False
5025258,0074 - Laparoscopic Cholecystectomy.mp4,False,False,object_attributes,open_ended,0.22689962064032443,False,False
5025259,0074 - Laparoscopic Cholecystectomy.mp4,False,False,object_attributes,open_ended,0.22689962064032443,False,False
5025260,0074 - Laparoscopic Cholecystectomy.mp4,False,False,object_attributes,open_ended,0.22689962064032443,False,False
5025261,0074 - Laparoscopic Cholecystectomy.mp4,False,False,object_attributes,open_ended,0.22689962064032443,False,False
5025262,0074 - Laparoscopic Cholecystectomy.mp4,False,False,object_attributes,open_ended,0.22689962064032443,False,True
5025264,0078 - Laparoscopic Cholecystectomy.mp4,False,False,object_attributes,open_ended,0.23381999050616287,False,True
5025265,0079 - Laparoscopic Cholecystectomy.mp4,False,False,spatial_localization_situs,open_ended,0.23381999050616287,False,False
5025266,0079 - Laparoscopic Cholecystectomy.mp4,False,False,object_aggregation,open_ended,0.23381999050616287,False,False
5025267,0079 - Laparoscopic Cholecystectomy.mp4,False,False,object_attributes,open_ended,0.23381999050616287,False,False
5025268,0079 - Laparoscopic Cholecystectomy.mp4,False,False,object_attributes,open_ended,0.23381999050616287,False,False
5025319,0149 - Laparoscopic Cholecystectomy.mp4,False,False,object_attributes,open_ended,0.23381999050616287,False,True
5025320,0149 - Laparoscopic Cholecystectomy.mp4,False,False,object_attributes,open_ended,0.23381999050616287,False,False
5025336,0183 - Laparoscopic Cholecystectomy.mp4,False,False,object_attributes,open_ended,0.23381999050616287,False,True
5025337,0183 - Laparoscopic Cholecystectomy.mp4,False,False,object_attributes,open_ended,0.22907889436464757,False,False
5025338,0183 - Laparoscopic Cholecystectomy.mp4,False,False,object_attributes,open_ended,0.22907889436464757,False,True
5025339,0183 - Laparoscopic Cholecystectomy.mp4,False,False,object_attributes,open_ended,0.22907889436464757,False,True
5025340,0183 - Laparoscopic Cholecystectomy.mp4,False,False,object_attributes,open_ended,0.22907889436464757,False,True
5025341,0183 - Laparoscopic Cholecystectomy.mp4,False,False,object_attributes,open_ended,0.22907889436464757,False,False
5025342,0183 - Laparoscopic Cholecystectomy.mp4,False,False,object_attributes,open_ended,0.22907889436464757,False,True
5026641,0016 - Laparoscopic Cholecystectomy.mp4,False,False,object_identification,fo_class,0.22907889436464757,False,False
5026642,0019 - Laparoscopic Cholecystectomy.mp4,False,False,object_identification,fo_class,0.22907889436464757,False,False
5026643,0019 - Laparoscopic Cholecystectomy.mp4,False,False,object_identification,fo_class,0.22017793590202928,False,False
5026644,0019 - Laparoscopic Cholecystectomy.mp4,False,False,object_identification,fo_class,0.22017793590202928,False,False
5026645,0019 - Laparoscopic Cholecystectomy.mp4,False,False,object_identification,fo_class,0.22017793590202928,False,False
5026646,0019 - Laparoscopic Cholecystectomy.mp4,False,False,object_identification,fo_class,0.22017793590202928,False,False
5026648,0070 - Laparoscopic Cholecystectomy.mp4,False,False,object_identification,fo_class,0.22017793590202928,False,False
5026650,0078 - Laparoscopic Cholecystectomy.mp4,False,False,object_identification,fo_class,0.22017793590202928,False,False
5026651,0078 - Laparoscopic Cholecystectomy.mp4,False,False,object_identification,fo_class,0.22017793590202928,False,False
5026653,0089 - Laparoscopic Cholecystectomy.mp4,False,False,object_identification,fo_class,0.22017793590202928,False,False
5026800,0004 - Laparoscopic Cholecystectomy.mp4,False,False,spatial_localization_camera,open_ended,0.2419602852605749,False,False
5026805,0019 - Laparoscopic Cholecystectomy.mp4,False,False,spatial_localization_camera,open_ended,0.2419602852605749,False,False
5026807,0100 - Laparoscopic Cholecystectomy.mp4,False,False,spatial_localization_camera,open_ended,0.2419602852605749,False,False
5026812,0026 - Laparoscopic Cholecystectomy.mp4,False,False,spatial_localization_camera,open_ended,0.2419602852605749,False,False
5026815,0032 - Laparoscopic Cholecystectomy.mp4,False,False,spatial_localization_camera,open_ended,0.2419602852605749,False,False
5026822,0089 - Laparoscopic Cholecystectomy.mp4,False,False,object_aggregation,number,0.2419602852605749,False,True
5026824,0074 - Laparoscopic Cholecystectomy.mp4,False,False,object_aggregation,binary,0.2419602852605749,False,True
5026828,0065 - Laparoscopic Cholecystectomy.mp4,False,False,object_aggregation,number,0.2419602852605749,False,False
5026834,0060 - Laparoscopic Cholecystectomy.mp4,False,False,object_identification,fo_class,0.27836957247927785,False,False
5026835,0033 - Laparoscopic Cholecystectomy.mp4,False,False,object_identification,fo_class,0.27836957247927785,False,False
5026837,0061 - Laparoscopic Cholecystectomy.mp4,False,False,object_identification,fo_class,0.27836957247927785,False,False
5026839,0070 - Laparoscopic Cholecystectomy.mp4,False,False,object_identification,fo_class,0.27836957247927785,False,False
