qID,video,ood,clinical,primary,answer_format,latency,timed_out,correctness
1964606,0029 - Heico - Sigma - 10.avi,False,False,object_identification,fo_class,0.19126189887538203,False,True
1973871,0029 - Heico - Sigma - 10.avi,False,False,object_identification,fo_class,0.19126189887538203,False,True
1973545,0029 - Heico - Sigma - 10.avi,False,False,object_identification,fo_class,0.19126189887538203,False,True
1973607,0029 - Heico - Sigma - 10.avi,False,False,object_identification,fo_class,0.19126189887538203,False,True
1975874,0029 - Heico - Sigma - 10.avi,False,False,object_identification,fo_class,0.19126189887538203,False,True
1975994,0029 - Heico - Sigma - 10.avi,False,False,object_identification,fo_class,0.19126189887538203,False,True
1975652,0029 - Heico - Sigma - 10.avi,False,False,object_identification,fo_class,0.19126189887538203,False,True
1975540,0029 - Heico - Sigma - 10.avi,False,False,object_identification,fo_class,0.19126189887538203,False,True
2004363,0029 - Heico - Sigma - 10.avi,False,False,object_identification,fo_class,0.19126189887538203,False,True
2004464,0029 - Heico - Sigma - 10.avi,False,False,object_identification,fo_class,0.19126189887538203,False,True
2004267,0029 - Heico - Sigma - 10.avi,False,False,object_identification,fo_class,0.19126189887538203,False,True
2681395,0029 - Heico - Sigma - 10.avi,False,False,object_attributes,open_ended,0.19126189887538203,False,True
2681396,0029 - Heico - Sigma - 10.avi,False,False,object_attributes,open_ended,0.19126189887538203,False,True
2681399,0029 - Heico - Sigma - 10.avi,False,False,object_attributes,open_ended,0.19126189887538203,False,True
1998387,0029 - Heico - Sigma - 10.avi,False,False,spatial_localization_camera,open_ended,0.19126189887538203,False,True
2015573,0029 - Heico - Sigma - 10.avi,False,False,spatial_localization_camera,fo_class,0.19126189887538203,False,True
2015583,0029 - Heico - Sigma - 10.avi,False,False,spatial_localization_camera,fo_class,0.19126189887538203,False,False
2021885,0029 - Heico - Sigma - 10.avi,False,False,spatial_localization_camera,multiple_choice,0.19126189887538203,False,True
2022069,0029 - Heico - Sigma - 10.avi,False,False,spatial_localization_camera,multiple_choice,0.19126189887538203,False,True
2022055,0029 - Heico - Sigma - 10.avi,False,False,spatial_localization_camera,multiple_choice,0.19126189887538203,False,False
2681910,0029 - Heico - Sigma - 10.avi,False,False,spatial_localization_situs,open_ended,0.19126189887538203,False,True
1980268,0029 - Heico - Sigma - 10.avi,False,False,object_aggregation,number,0.19126189887538203,False,True
1980186,0029 - Heico - Sigma - 10.avi,False,False,object_aggregation,number,0.19126189887538203,False,True
1980355,0029 - Heico - Sigma - 10.avi,False,False,object_aggregation,number,0.19126189887538203,False,False
1980401,0029 - Heico - Sigma - 10.avi,False,False,object_aggregation,number,0.19126189887538203,False,False
1980141,0029 - Heico - Sigma - 10.avi,False,False,object_aggregation,number,0.19126189887538203,False,False
1980807,0029 - Heico - Sigma - 10.avi,False,False,object_aggregation,number,0.19126189887538203,False,True
1980740,0029 - Heico - Sigma - 10.avi,False,False,object_aggregation,number,0.19126189887538203,False,False
1982214,0029 - Heico - Sigma - 10.avi,False,False,object_aggregation,number,0.19126189887538203,False,True
1982884,0029 - Heico - Sigma - 10.avi,False,False,object_aggregation,number,0.19126189887538203,False,True
1982892,0029 - Heico - Sigma - 10.avi,False,False,object_aggregation,number,0.19126189887538203,False,False
1982902,0029 - Heico - Sigma - 10.avi,False,False,object_aggregation,number,0.19126189887538203,False,False
1982896,0029 - Heico - Sigma - 10.avi,False,False,object_aggregation,number,0.18765280184379662,False,False
1987227,0029 - Heico - Sigma - 10.avi,False,False,object_aggregation,binary,0.18765280184379662,False,True
1988045,0029 - Heico - Sigma - 10.avi,False,False,object_aggregation,binary,0.18765280184379662,False,True
1999739,0029 - Heico - Sigma - 10.avi,False,False,object_aggregation,binary,0.18765280184379662,False,True
1999788,0029 - Heico - Sigma - 10.avi,False,False,object_aggregation,binary,0.18765280184379662,False,True
2682182,0029 - Heico - Sigma - 10.avi,False,False,object_aggregation,open_ended,0.18765280184379662,False,True
1964586,0029 - Heico - Sigma - 10.avi,False,False,object_identification,fo_class,0.18765280184379662,False,True
1973933,0029 - Heico - Sigma - 10.avi,False,False,object_identification,fo_class,0.18765280184379662,False,True
1973736,0029 - Heico - Sigma - 10.avi,False,False,object_identification,fo_class,0.18765280184379662,False,True
1973770,0029 - Heico - Sigma - 10.avi,False,False,object_identification,fo_class,0.18765280184379662,False,True
1975792,0029 - Heico - Sigma - 10.avi,False,False,object_identification,fo_class,0.18765280184379662,False,True
1975974,0029 - Heico - Sigma - 10.avi,False,False,object_identification,fo_class,0.18765280184379662,False,True
1975576,0029 - Heico - Sigma - 10.avi,False,False,object_identification,fo_class,0.18765280184379662,False,True
1975939,0029 - Heico - Sigma - 10.avi,False,False,object_identification,fo_class,0.18765280184379662,False,False
2004442,0029 - Heico - Sigma - 10.avi,False,False,object_identification,fo_class,0.18765280184379662,False,True
2004438,0029 - Heico - Sigma - 10.avi,False,False,object_identification,fo_class,0.18765280184379662,False,True
2681400,0029 - Heico - Sigma - 10.avi,False,False,object_attributes,open_ended,0.18765280184379662,False,True
2681401,0029 - Heico - Sigma - 10.avi,False,False,object_attributes,open_ended,0.18765280184379662,False,True
1998463,0029 - Heico - Sigma - 10.avi,False,False,spatial_localization_camera,open_ended,0.18765280184379662,False,True
2015591,0029 - Heico - Sigma - 10.avi,False,False,spatial_localization_camera,fo_class,0.18765280184379662,False,True
2015580,0029 - Heico - Sigma - 10.avi,False,False,spatial_localization_camera,fo_class,0.18765280184379662,False,False
2022027,0029 - Heico - Sigma - 10.avi,False,False,spatial_localization_camera,multiple_choice,0.18765280184379662,False,True
2022077,0029 - Heico - Sigma - 10.avi,False,False,spatial_localization_camera,multiple_choice,0.18765280184379662,False,True
1980446,0029 - Heico - Sigma - 10.avi,False,False,object_aggregation,number,0.18765280184379662,False,True
1980552,0029 - Heico - Sigma - 10.avi,False,False,object_aggregation,number,0.18765280184379662,False,False
1980411,0029 - Heico - Sigma - 10.avi,False,False,object_aggregation,number,0.18765280184379662,False,False
1980202,0029 - Heico - Sigma - 10.avi,False,False,object_aggregation,number,0.18765280184379662,False,False
1980491,0029 - Heico - Sigma - 10.avi,False,False,object_aggregation,number,0.18765280184379662,False,False
1980572,0029 - Heico - Sigma - 10.avi,False,False,object_aggregation,number,0.18765280184379662,False,True
1981051,0029 - Heico - Sigma - 10.avi,False,False,object_aggregation,number,0.18765280184379662,False,True
1982472,0029 - Heico - Sigma - 10.avi,False,False,object_aggregation,number,0.18765280184379662,False,True
1982916,0029 - Heico - Sigma - 10.avi,False,False,object_aggregation,number,0.18765280184379662,False,True
1982903,0029 - Heico - Sigma - 10.avi,False,False,object_aggregation,number,0.20967474962526467,False,False
1982890,0029 - Heico - Sigma - 10.avi,False,False,object_aggregation,number,0.20967474962526467,False,False
1982897,0029 - Heico - Sigma - 10.avi,False,False,object_aggregation,number,0.20967474962526467,False,False
1987677,0029 - Heico - Sigma - 10.avi,False,False,object_aggregation,binary,0.20967474962526467,False,True
1988114,0029 - Heico - Sigma - 10.avi,False,False,object_aggregation,binary,0.20967474962526467,False,True
1999717,0029 - Heico - Sigma - 10.avi,False,False,object_aggregation,binary,0.20967474962526467,False,True
1999792,0029 - Heico - Sigma - 10.avi,False,False,object_aggregation,binary,0.20967474962526467,False,True
1964559,0029 - Heico - Sigma - 10.avi,False,False,object_identification,fo_class,0.20967474962526467,False,True
1973691,0029 - Heico - Sigma - 10.avi,False,False,object_identification,fo_class,0.20967474962526467,False,True
1973716,0029 - Heico - Sigma - 10.avi,False,False,object_identification,fo_class,0.20967474962526467,False,False
1973757,0029 - Heico - Sigma - 10.avi,False,False,object_identification,fo_class,0.20967474962526467,False,True
1975820,0029 - Heico - Sigma - 10.avi,False,False,object_identification,fo_class,0.20967474962526467,False,True
1975846,0029 - Heico - Sigma - 10.avi,False,False,object_identification,fo_class,0.20967474962526467,False,False
1975757,0029 - Heico - Sigma - 10.avi,False,False,object_identification,fo_class,0.20967474962526467,False,False
1975697,0029 - Heico - Sigma - 10.avi,False,False,object_identification,fo_class,0.20967474962526467,False,False
2004175,0029 - Heico - Sigma - 10.avi,False,False,object_identification,fo_class,0.20967474962526467,False,True
2004463,0029 - Heico - Sigma - 10.avi,False,False,object_identification,fo_class,0.20967474962526467,False,True
2681404,0029 - Heico - Sigma - 10.avi,False,False,object_attributes,open_ended,0.20967474962526467,False,True
2681402,0029 - Heico - Sigma - 10.avi,False,False,object_attributes,open_ended,0.20967474962526467,False,True
1998536,0029 - Heico - Sigma - 10.avi,False,False,spatial_localization_camera,open_ended,0.20967474962526467,False,False
2015537,0029 - Heico - Sigma - 10.avi,False,False,spatial_localization_camera,fo_class,0.20967474962526467,False,True
2015585,0029 - Heico - Sigma - 10.avi,False,False,spatial_localization_camera,fo_class,0.20967474962526467,False,False
2021925,0029 - Heico - Sigma - 10.avi,False,False,spatial_localization_camera,multiple_choice,0.20967474962526467,False,True
2022078,0029 - Heico - Sigma - 10.avi,False,False,spatial_localization_camera,multiple_choice,0.20967474962526467,False,True
1980372,0029 - Heico - Sigma - 10.avi,False,False,object_aggregation,number,0.20967474962526467,False,True
1980498,0029 - Heico - Sigma - 10.avi,False,False,object_aggregation,number,0.20967474962526467,False,False
1980233,0029 - Heico - Sigma - 10.avi,False,False,object_aggregation,number,0.20967474962526467,False,False
1980310,0029 - Heico - Sigma - 10.avi,False,False,object_aggregation,number,0.20967474962526467,False,True
1980508,0029 - Heico - Sigma - 10.avi,False,False,object_aggregation,number,0.20967474962526467,False,False
1980588,0029 - Heico - Sigma - 10.avi,False,False,object_aggregation,number,0.20967474962526467,False,True
1981017,0029 - Heico - Sigma - 10.avi,False,False,object_aggregation,number,0.20967474962526467,False,True
1982412,0029 - Heico - Sigma - 10.avi,False,False,object_aggregation,number,0.20967474962526467,False,True
1982878,0029 - Heico - Sigma - 10.avi,False,False,object_aggregation,number,0.17760469481072505,False,True
1982905,0029 - Heico - Sigma - 10.avi,False,False,object_aggregation,number,0.17760469481072505,False,False
1982887,0029 - Heico - Sigma - 10.avi,False,False,object_aggregation,number,0.17760469481072505,False,False
1982900,0029 - Heico - Sigma - 10.avi,False,False,object_aggregation,number,0.17760469481072505,False,False
1987552,0029 - Heico - Sigma - 10.avi,False,False,object_aggregation,binary,0.17760469481072505,False,True
1988136,0029 - Heico - Sigma - 10.avi,False,False,object_aggregation,binary,0.17760469481072505,False,True
1999672,0029 - Heico - Sigma - 10.avi,False,False,object_aggregation,binary,0.17760469481072505,False,True
1999766,0029 - Heico - Sigma - 10.avi,False,False,object_aggregation,binary,0.17760469481072505,False,True
1964507,0029 - Heico - Sigma - 10.avi,False,False,object_identification,fo_class,0.17760469481072505,False,True
1973809,0029 - Heico - Sigma - 10.avi,False,False,object_identification,fo_class,0.17760469481072505,False,True
1973662,0029 - Heico - Sigma - 10.avi,False,False,object_identification,fo_class,0.17760469481072505,False,False
1973667,0029 - Heico - Sigma - 10.avi,False,False,object_identification,fo_class,0.17760469481072505,False,True
1976001,0029 - Heico - Sigma - 10.avi,False,False,object_identification,fo_class,0.17760469481072505,False,True
1975953,0029 - Heico - Sigma - 10.avi,False,False,object_identification,fo_class,0.17760469481072505,False,True
1975746,0029 - Heico - Sigma - 10.avi,False,False,object_identification,fo_class,0.17760469481072505,False,True
1975708,0029 - Heico - Sigma - 10.avi,False,False,object_identification,fo_class,0.17760469481072505,False,False
2004445,0029 - Heico - Sigma - 10.avi,False,False,object_identification,fo_class,0.17760469481072505,False,True
2004330,0029 - Heico - Sigma - 10.avi,False,False,object_identification,fo_class,0.17760469481072505,False,True
2681394,0029 - Heico - Sigma - 10.avi,False,False,object_attributes,open_ended,0.17760469481072505,False,False
1998538,0029 - Heico - Sigma - 10.avi,False,False,spatial_localization_camera,open_ended,0.17760469481072505,False,True
2015523,0029 - Heico - Sigma - 10.avi,False,False,spatial_localization_camera,fo_class,0.17760469481072505,False,True
2015582,0029 - Heico - Sigma - 10.avi,False,False,spatial_localization_camera,fo_class,0.17760469481072505,False,False
2022030,0029 - Heico - Sigma - 10.avi,False,False,spatial_localization_camera,multiple_choice,0.17760469481072505,False,True
2022070,0029 - Heico - Sigma - 10.avi,False,False,spatial_localization_camera,multiple_choice,0.17760469481072505,False,True
1980083,0029 - Heico - Sigma - 10.avi,False,False,object_aggregation,number,0.17760469481072505,False,True
1980539,0029 - Heico - Sigma - 10.avi,False,False,object_aggregation,number,0.17760469481072505,False,False
1980514,0029 - Heico - Sigma - 10.avi,False,False,object_aggregation,number,0.17760469481072505,False,False
1980385,0029 - Heico - Sigma - 10.avi,False,False,object_aggregation,number,0.17760469481072505,False,False
1980519,0029 - Heico - Sigma - 10.avi,False,False,object_aggregation,number,0.17760469481072505,False,False
1980705,0029 - Heico - Sigma - 10.avi,False,False,object_aggregation,number,0.17760469481072505,False,False
1980571,0029 - Heico - Sigma - 10.avi,False,False,object_aggregation,number,0.17760469481072505,False,True
1982928,0029 - Heico - Sigma - 10.avi,False,False,object_aggregation,number,0.17760469481072505,False,True
1982908,0029 - Heico - Sigma - 10.avi,False,False,object_aggregation,number,0.17903213759564096,False,True
1982879,0029 - Heico - Sigma - 10.avi,False,False,object_aggregation,number,0.17903213759564096,False,False
1982886,0029 - Heico - Sigma - 10.avi,False,False,object_aggregation,number,0.17903213759564096,False,False
1982899,0029 - Heico - Sigma - 10.avi,False,False,object_aggregation,number,0.17903213759564096,False,False
1987875,0029 - Heico - Sigma - 10.avi,False,False,object_aggregation,binary,0.17903213759564096,False,True
1987874,0029 - Heico - Sigma - 10.avi,False,False,object_aggregation,binary,0.17903213759564096,False,False
1999638,0029 - Heico - Sigma - 10.avi,False,False,object_aggregation,binary,0.17903213759564096,False,False
1999775,0029 - Heico - Sigma - 10.avi,False,False,object_aggregation,binary,0.17903213759564096,False,True
1964690,0029 - Heico - Sigma - 10.avi,False,False,object_identification,fo_class,0.17903213759564096,False,False
1973503,0029 - Heico - Sigma - 10.avi,False,False,object_identification,fo_class,0.17903213759564096,False,True
1973534,0029 - Heico - Sigma - 10.avi,False,False,object_identification,fo_class,0.17903213759564096,False,False
1973798,0029 - Heico - Sigma - 10.avi,False,False,object_identification,fo_class,0.17903213759564096,False,True
1975772,0029 - Heico - Sigma - 10.avi,False,False,object_identification,fo_class,0.17903213759564096,False,True
1975957,0029 - Heico - Sigma - 10.avi,False,False,object_identification,fo_class,0.17903213759564096,False,True
1975677,0029 - Heico - Sigma - 10.avi,False,False,object_identification,fo_class,0.17903213759564096,False,False
1975780,0029 - Heico - Sigma - 10.avi,False,False,object_identification,fo_class,0.17903213759564096,False,True
2004415,0029 - Heico - Sigma - 10.avi,False,False,object_identification,fo_class,0.17903213759564096,False,True
2004436,0029 - Heico - Sigma - 10.avi,False,False,object_identification,fo_class,0.17903213759564096,False,True
1998547,0029 - Heico - Sigma - 10.avi,False,False,spatial_localization_camera,open_ended,0.17903213759564096,False,True
2015553,0029 - Heico - Sigma - 10.avi,False,False,spatial_localization_camera,fo_class,0.17903213759564096,False,True
2015524,0029 - Heico - Sigma - 10.avi,False,False,spatial_localization_camera,fo_class,0.17903213759564096,False,False
2021955,0029 - Heico - Sigma - 10.avi,False,False,spatial_localization_camera,multiple_choice,0.17903213759564096,False,True
2022076,0029 - Heico - Sigma - 10.avi,False,False,spatial_localization_camera,multiple_choice,0.17903213759564096,False,False
1980497,0029 - Heico - Sigma - 10.avi,False,False,object_aggregation,number,0.17903213759564096,False,True
1980405,0029 - Heico - Sigma - 10.avi,False,False,object_aggregation,number,0.17903213759564096,False,True
1980260,0029 - Heico - Sigma - 10.avi,False,False,object_aggregation,number,0.17903213759564096,False,False
1980412,0029 - Heico - Sigma - 10.avi,False,False,object_aggregation,number,0.17903213759564096,False,False
1980836,0029 - Heico - Sigma - 10.avi,False,False,object_aggregation,number,0.17903213759564096,False,True
1981020,0029 - Heico - Sigma - 10.avi,False,False,object_aggregation,number,0.17903213759564096,False,True
1982567,0029 - Heico - Sigma - 10.avi,False,False,object_aggregation,number,0.17903213759564096,False,True
1982906,0029 - Heico - Sigma - 10.avi,False,False,object_aggregation,number,0.17903213759564096,False,False
1982888,0029 - Heico - Sigma - 10.avi,False,False,object_aggregation,number,0.17903213759564096,False,False
1982901,0029 - Heico - Sigma - 10.avi,False,False,object_aggregation,number,0.17770698484309833,False,False
1987502,0029 - Heico - Sigma - 10.avi,False,False,object_aggregation,binary,0.17770698484309833,False,True
1988138,0029 - Heico - Sigma - 10.avi,False,False,object_aggregation,binary,0.17770698484309833,False,True
1999642,0029 - Heico - Sigma - 10.avi,False,False,object_aggregation,binary,0.17770698484309833,False,True
1999779,0029 - Heico - Sigma - 10.avi,False,False,object_aggregation,binary,0.17770698484309833,False,True
1964598,0029 - Heico - Sigma - 10.avi,False,False,object_identification,fo_class,0.17770698484309833,False,True
1973606,0029 - Heico - Sigma - 10.avi,False,False,object_identification,fo_class,0.17770698484309833,False,True
1973657,0029 - Heico - Sigma - 10.avi,False,False,object_identification,fo_class,0.17770698484309833,False,True
1973780,0029 - Heico - Sigma - 10.avi,False,False,object_identification,fo_class,0.17770698484309833,False,True
1975779,0029 - Heico - Sigma - 10.avi,False,False,object_identification,fo_class,0.17770698484309833,False,True
1975922,0029 - Heico - Sigma - 10.avi,False,False,object_identification,fo_class,0.17770698484309833,False,True
1975835,0029 - Heico - Sigma - 10.avi,False,False,object_identification,fo_class,0.17770698484309833,False,True
1975530,0029 - Heico - Sigma - 10.avi,False,False,object_identification,fo_class,0.17770698484309833,False,False
2004441,0029 - Heico - Sigma - 10.avi,False,False,object_identification,fo_class,0.17770698484309833,False,True
2004462,0029 - Heico - Sigma - 10.avi,False,False,object_identification,fo_class,0.17770698484309833,False,False
1998272,0029 - Heico - Sigma - 10.avi,False,False,spatial_localization_camera,open_ended,0.17770698484309833,False,True
2015546,0029 - Heico - Sigma - 10.avi,False,False,spatial_localization_camera,fo_class,0.17770698484309833,False,True
2015584,0029 - Heico - Sigma - 10.avi,False,False,spatial_localization_camera,fo_class,0.17770698484309833,False,False
2022049,0029 - Heico - Sigma - 10.avi,False,False,spatial_localization_camera,multiple_choice,0.17770698484309833,False,False
2022067,0029 - Heico - Sigma - 10.avi,False,False,spatial_localization_camera,multiple_choice,0.17770698484309833,False,True
1980249,0029 - Heico - Sigma - 10.avi,False,False,object_aggregation,number,0.17770698484309833,False,True
1980433,0029 - Heico - Sigma - 10.avi,False,False,object_aggregation,number,0.17770698484309833,False,True
1980855,0029 - Heico - Sigma - 10.avi,False,False,object_aggregation,number,0.17770698484309833,False,False
1981053,0029 - Heico - Sigma - 10.avi,False,False,object_aggregation,number,0.17770698484309833,False,True
1982273,0029 - Heico - Sigma - 10.avi,False,False,object_aggregation,number,0.17770698484309833,False,True
1982907,0029 - Heico - Sigma - 10.avi,False,False,object_aggregation,number,0.17770698484309833,False,False
1982894,0029 - Heico - Sigma - 10.avi,False,False,object_aggregation,number,0.17770698484309833,False,False
1982898,0029 - Heico - Sigma - 10.avi,False,False,object_aggregation,number,0.17770698484309833,False,False
1987223,0029 - Heico - Sigma - 10.avi,False,False,object_aggregation,binary,0.17770698484309833,False,True
1988017,0029 - Heico - Sigma - 10.avi,False,False,object_aggregation,binary,0.17770698484309833,False,True
1999654,0029 - Heico - Sigma - 10.avi,False,False,object_aggregation,binary,0.17770698484309833,False,False
1999765,0029 - Heico - Sigma - 10.avi,False,False,object_aggregation,binary,0.17770698484309833,False,True
1964570,0029 - Heico - Sigma - 10.avi,False,False,object_identification,fo_class,0.17773564425078803,False,True
1973773,0029 - Heico - Sigma - 10.avi,False,False,object_identification,fo_class,0.17773564425078803,False,True
1973501,0029 - Heico - Sigma - 10.avi,False,False,object_identification,fo_class,0.17773564425078803,False,True
1973640,0029 - Heico - Sigma - 10.avi,False,False,object_identification,fo_class,0.17773564425078803,False,False
1975735,0029 - Heico - Sigma - 10.avi,False,False,object_identification,fo_class,0.17773564425078803,False,True
1975923,0029 - Heico - Sigma - 10.avi,False,False,object_identification,fo_class,0.17773564425078803,False,True
1975701,0029 - Heico - Sigma - 10.avi,False,False,object_identification,fo_class,0.17773564425078803,False,False
2004421,0029 - Heico - Sigma - 10.avi,False,False,object_identification,fo_class,0.17773564425078803,False,True
2004352,0029 - Heico - Sigma - 10.avi,False,False,object_identification,fo_class,0.17773564425078803,False,False
1998430,0029 - Heico - Sigma - 10.avi,False,False,spatial_localization_camera,open_ended,0.17773564425078803,False,True
2015551,0029 - Heico - Sigma - 10.avi,False,False,spatial_localization_camera,fo_class,0.17773564425078803,False,True
2015581,0029 - Heico - Sigma - 10.avi,False,False,spatial_localization_camera,fo_class,0.17773564425078803,False,False
2021967,0029 - Heico - Sigma - 10.avi,False,False,spatial_localization_camera,multiple_choice,0.17773564425078803,False,True
2022061,0029 - Heico - Sigma - 10.avi,False,False,spatial_localization_camera,multiple_choice,0.17773564425078803,False,True
1980337,0029 - Heico - Sigma - 10.avi,False,False,object_aggregation,number,0.17773564425078803,False,True
1980396,0029 - Heico - Sigma - 10.avi,False,False,object_aggregation,number,0.17773564425078803,False,False
1980875,0029 - Heico - Sigma - 10.avi,False,False,object_aggregation,number,0.17773564425078803,False,True
1980954,0029 - Heico - Sigma - 10.avi,False,False,object_aggregation,number,0.17773564425078803,False,True
1982425,0029 - Heico - Sigma - 10.avi,False,False,object_aggregation,number,0.17773564425078803,False,True
1982891,0029 - Heico - Sigma - 10.avi,False,False,object_aggregation,number,0.17773564425078803,False,False
1982895,0029 - Heico - Sigma - 10.avi,False,False,object_aggregation,number,0.17773564425078803,False,True
1987941,0029 - Heico - Sigma - 10.avi,False,False,object_aggregation,binary,0.17773564425078803,False,True
1988180,0029 - Heico - Sigma - 10.avi,False,False,object_aggregation,binary,0.17773564425078803,False,True
1999750,0029 - Heico - Sigma - 10.avi,False,False,object_aggregation,binary,0.17773564425078803,False,False
1999773,0029 - Heico - Sigma - 10.avi,False,False,object_aggregation,binary,0.17773564425078803,False,True
1964676,0029 - Heico - Sigma - 10.avi,False,False,object_identification,fo_class,0.17773564425078803,False,True
1973950,0029 - Heico - Sigma - 10.avi,False,False,object_identification,fo_class,0.17773564425078803,False,True
1973541,0029 - Heico - Sigma - 10.avi,False,False,object_identification,fo_class,0.17773564425078803,False,False
1973854,0029 - Heico - Sigma - 10.avi,False,False,object_identification,fo_class,0.17773564425078803,False,True
1975641,0029 - Heico - Sigma - 10.avi,False,False,object_identification,fo_class,0.17773564425078803,False,True
1975897,0029 - Heico - Sigma - 10.avi,False,False,object_identification,fo_class,0.17773564425078803,False,True
1975589,0029 - Heico - Sigma - 10.avi,False,False,object_identification,fo_class,0.17773564425078803,False,False
2004440,0029 - Heico - Sigma - 10.avi,False,False,object_identification,fo_class,0.17778527303016745,False,True
2004448,0029 - Heico - Sigma - 10.avi,False,False,object_identification,fo_class,0.17778527303016745,False,True
1998535,0029 - Heico - Sigma - 10.avi,False,False,spatial_localization_camera,open_ended,0.17778527303016745,False,False
2015538,0029 - Heico - Sigma - 10.avi,False,False,spatial_localization_camera,fo_class,0.17778527303016745,False,True
2022031,0029 - Heico - Sigma - 10.avi,False,False,spatial_localization_camera,multiple_choice,0.17778527303016745,False,True
2022072,0029 - Heico - Sigma - 10.avi,False,False,spatial_localization_camera,multiple_choice,0.17778527303016745,False,True
1980218,0029 - Heico - Sigma - 10.avi,False,False,object_aggregation,number,0.17778527303016745,False,True
1980482,0029 - Heico - Sigma - 10.avi,False,False,object_aggregation,number,0.17778527303016745,False,False
1980719,0029 - Heico - Sigma - 10.avi,False,False,object_aggregation,number,0.17778527303016745,False,True
1980600,0029 - Heico - Sigma - 10.avi,False,False,object_aggregation,number,0.17778527303016745,False,True
1982909,0029 - Heico - Sigma - 10.avi,False,False,object_aggregation,number,0.17778527303016745,False,True
1982880,0029 - Heico - Sigma - 10.avi,False,False,object_aggregation,number,0.17778527303016745,False,False
1982893,0029 - Heico - Sigma - 10.avi,False,False,object_aggregation,number,0.17778527303016745,False,True
1987845,0029 - Heico - Sigma - 10.avi,False,False,object_aggregation,binary,0.17778527303016745,False,False
1987698,0029 - Heico - Sigma - 10.avi,False,False,object_aggregation,binary,0.17778527303016745,False,True
1999716,0029 - Heico - Sigma - 10.avi,False,False,object_aggregation,binary,0.17778527303016745,False,True
1999786,0029 - Heico - Sigma - 10.avi,False,False,object_aggregation,binary,0.17778527303016745,False,True
1964597,0029 - Heico - Sigma - 10.avi,False,False,object_identification,fo_class,0.17778527303016745,False,True
1973741,0029 - Heico - Sigma - 10.avi,False,False,object_identification,fo_class,0.17778527303016745,False,True
1973775,0029 - Heico - Sigma - 10.avi,False,False,object_identification,fo_class,0.17778527303016745,False,False
1975917,0029 - Heico - Sigma - 10.avi,False,False,object_identification,fo_class,0.17778527303016745,False,True
1975919,0029 - Heico - Sigma - 10.avi,False,False,object_identification,fo_class,0.17778527303016745,False,True
1975900,0029 - Heico - Sigma - 10.avi,False,False,object_identification,fo_class,0.17778527303016745,False,False
2004364,0029 - Heico - Sigma - 10.avi,False,False,object_identification,fo_class,0.17778527303016745,False,True
2004314,0029 - Heico - Sigma - 10.avi,False,False,object_identification,fo_class,0.17778527303016745,False,True
1998543,0029 - Heico - Sigma - 10.avi,False,False,spatial_localization_camera,open_ended,0.17778527303016745,False,True
2015576,0029 - Heico - Sigma - 10.avi,False,False,spatial_localization_camera,fo_class,0.17778527303016745,False,True
2021892,0029 - Heico - Sigma - 10.avi,False,False,spatial_localization_camera,multiple_choice,0.17778527303016745,False,True
2022074,0029 - Heico - Sigma - 10.avi,False,False,spatial_localization_camera,multiple_choice,0.17778527303016745,False,False
1980111,0029 - Heico - Sigma - 10.avi,False,False,object_aggregation,number,0.17778527303016745,False,False
1980527,0029 - Heico - Sigma - 10.avi,False,False,object_aggregation,number,0.17778527303016745,False,False
1980622,0029 - Heico - Sigma - 10.avi,False,False,object_aggregation,number,0.17778527303016745,False,True
1981002,0029 - Heico - Sigma - 10.avi,False,False,object_aggregation,number,0.17921799578107311,False,True
1982923,0029 - Heico - Sigma - 10.avi,False,False,object_aggregation,number,0.17921799578107311,False,False
1982889,0029 - Heico - Sigma - 10.avi,False,False,object_aggregation,number,0.17921799578107311,False,False
1982885,0029 - Heico - Sigma - 10.avi,False,False,object_aggregation,number,0.17921799578107311,False,False
1987741,0029 - Heico - Sigma - 10.avi,False,False,object_aggregation,binary,0.17921799578107311,False,True
1988097,0029 - Heico - Sigma - 10.avi,False,False,object_aggregation,binary,0.17921799578107311,False,True
1999740,0029 - Heico - Sigma - 10.avi,False,False,object_aggregation,binary,0.17921799578107311,False,True
1999771,0029 - Heico - Sigma - 10.avi,False,False,object_aggregation,binary,0.17921799578107311,False,True
1964624,0029 - Heico - Sigma - 10.avi,False,False,object_identification,fo_class,0.17921799578107311,False,False
1973790,0029 - Heico - Sigma - 10.avi,False,False,object_identification,fo_class,0.17921799578107311,False,True
1973653,0029 - Heico - Sigma - 10.avi,False,False,object_identification,fo_class,0.17921799578107311,False,True
1975823,0029 - Heico - Sigma - 10.avi,False,False,object_identification,fo_class,0.17921799578107311,False,True
1975865,0029 - Heico - Sigma - 10.avi,False,False,object_identification,fo_class,0.17921799578107311,False,True
1975521,0029 - Heico - Sigma - 10.avi,False,False,object_identification,fo_class,0.17921799578107311,False,True
2004439,0029 - Heico - Sigma - 10.avi,False,False,object_identification,fo_class,0.17921799578107311,False,True
2004456,0029 - Heico - Sigma - 10.avi,False,False,object_identification,fo_class,0.17921799578107311,False,True
1998546,0029 - Heico - Sigma - 10.avi,False,False,spatial_localization_camera,open_ended,0.17921799578107311,False,False
2015593,0029 - Heico - Sigma - 10.avi,False,False,spatial_localization_camera,fo_class,0.17921799578107311,False,True
2022022,0029 - Heico - Sigma - 10.avi,False,False,spatial_localization_camera,multiple_choice,0.17921799578107311,False,True
2022073,0029 - Heico - Sigma - 10.avi,False,False,spatial_localization_camera,multiple_choice,0.17921799578107311,False,True
1980420,0029 - Heico - Sigma - 10.avi,False,False,object_aggregation,number,0.17921799578107311,False,True
1980473,0029 - Heico - Sigma - 10.avi,False,False,object_aggregation,number,0.17921799578107311,False,True
1980934,0029 - Heico - Sigma - 10.avi,False,False,object_aggregation,number,0.17921799578107311,False,True
1980980,0029 - Heico - Sigma - 10.avi,False,False,object_aggregation,number,0.17921799578107311,False,True
1982566,0029 - Heico - Sigma - 10.avi,False,False,object_aggregation,number,0.17921799578107311,False,True
1982904,0029 - Heico - Sigma - 10.avi,False,False,object_aggregation,number,0.17921799578107311,False,False
1987801,0029 - Heico - Sigma - 10.avi,False,False,object_aggregation,binary,0.17921799578107311,False,False
1988034,0029 - Heico - Sigma - 10.avi,False,False,object_aggregation,binary,0.17921799578107311,False,False
1999602,0029 - Heico - Sigma - 10.avi,False,False,object_aggregation,binary,0.17921799578107311,False,False
1999778,0029 - Heico - Sigma - 10.avi,False,False,object_aggregation,binary,0.17921799578107311,False,True
1964529,0029 - Heico - Sigma - 10.avi,False,False,object_identification,fo_class,0.17921799578107311,False,True
1973868,0029 - Heico - Sigma - 10.avi,False,False,object_identification,fo_class,0.17921799578107311,False,True
1973916,0029 - Heico - Sigma - 10.avi,False,False,object_identification,fo_class,0.17782953184723738,False,True
1975777,0029 - Heico - Sigma - 10.avi,False,False,object_identification,fo_class,0.17782953184723738,False,True
1975903,0029 - Heico - Sigma - 10.avi,False,False,object_identification,fo_class,0.17782953184723738,False,True
1975964,0029 - Heico - Sigma - 10.avi,False,False,object_identification,fo_class,0.17782953184723738,False,False
2004368,0029 - Heico - Sigma - 10.avi,False,False,object_identification,fo_class,0.17782953184723738,False,True
2004341,0029 - Heico - Sigma - 10.avi,False,False,object_identification,fo_class,0.17782953184723738,False,True
1998396,0029 - Heico - Sigma - 10.avi,False,False,spatial_localization_camera,open_ended,0.17782953184723738,False,True
2015574,0029 - Heico - Sigma - 10.avi,False,False,spatial_localization_camera,fo_class,0.17782953184723738,False,True
2021962,0029 - Heico - Sigma - 10.avi,False,False,spatial_localization_camera,multiple_choice,0.17782953184723738,False,True
2022075,0029 - Heico - Sigma - 10.avi,False,False,spatial_localization_camera,multiple_choice,0.17782953184723738,False,False
1980143,0029 - Heico - Sigma - 10.avi,False,False,object_aggregation,number,0.17782953184723738,False,True
1980428,0029 - Heico - Sigma - 10.avi,False,False,object_aggregation,number,0.17782953184723738,False,False
1980623,0029 - Heico - Sigma - 10.avi,False,False,object_aggregation,number,0.17782953184723738,False,True
1981027,0029 - Heico - Sigma - 10.avi,False,False,object_aggregation,number,0.17782953184723738,False,True
1982121,0029 - Heico - Sigma - 10.avi,False,False,object_aggregation,number,0.17782953184723738,False,True
1987934,0029 - Heico - Sigma - 10.avi,False,False,object_aggregation,binary,0.17782953184723738,False,True
1988016,0029 - Heico - Sigma - 10.avi,False,False,object_aggregation,binary,0.17782953184723738,False,True
1999563,0029 - Heico - Sigma - 10.avi,False,False,object_aggregation,binary,0.17782953184723738,False,True
1999783,0029 - Heico - Sigma - 10.avi,False,False,object_aggregation,binary,0.17782953184723738,False,False
1964548,0029 - Heico - Sigma - 10.avi,False,False,object_identification,fo_class,0.17782953184723738,False,True
1973544,0029 - Heico - Sigma - 10.avi,False,False,object_identification,fo_class,0.17782953184723738,False,True
1973633,0029 - Heico - Sigma - 10.avi,False,False,object_identification,fo_class,0.17782953184723738,False,True
1975749,0029 - Heico - Sigma - 10.avi,False,False,object_identification,fo_class,0.17782953184723738,False,True
1975982,0029 - Heico - Sigma - 10.avi,False,False,object_identification,fo_class,0.17782953184723738,False,True
1975934,0029 - Heico - Sigma - 10.avi,False,False,object_identification,fo_class,0.17782953184723738,False,True
2004443,0029 - Heico - Sigma - 10.avi,False,False,object_identification,fo_class,0.17782953184723738,False,True
2004381,0029 - Heico - Sigma - 10.avi,False,False,object_identification,fo_class,0.17782953184723738,False,False
1998495,0029 - Heico - Sigma - 10.avi,False,False,spatial_localization_camera,open_ended,0.17782953184723738,False,True
2015527,0029 - Heico - Sigma - 10.avi,False,False,spatial_localization_camera,fo_class,0.17782953184723738,False,True
2022028,0029 - Heico - Sigma - 10.avi,False,False,spatial_localization_camera,multiple_choice,0.17782953184723738,False,True
2022064,0029 - Heico - Sigma - 10.avi,False,False,spatial_localization_camera,multiple_choice,0.17782953184723738,False,True
1980407,0029 - Heico - Sigma - 10.avi,False,False,object_aggregation,number,0.17782953184723738,False,True
1980192,0029 - Heico - Sigma - 10.avi,False,False,object_aggregation,number,0.17785069812453003,False,True
1980566,0029 - Heico - Sigma - 10.avi,False,False,object_aggregation,number,0.17785069812453003,False,False
1980901,0029 - Heico - Sigma - 10.avi,False,False,object_aggregation,number,0.17785069812453003,False,False
1982496,0029 - Heico - Sigma - 10.avi,False,False,object_aggregation,number,0.17785069812453003,False,True
1987680,0029 - Heico - Sigma - 10.avi,False,False,object_aggregation,binary,0.17785069812453003,False,True
1988172,0029 - Heico - Sigma - 10.avi,False,False,object_aggregation,binary,0.17785069812453003,False,True
1999584,0029 - Heico - Sigma - 10.avi,False,False,object_aggregation,binary,0.17785069812453003,False,True
1999774,0029 - Heico - Sigma - 10.avi,False,False,object_aggregation,binary,0.17785069812453003,False,True
1964498,0029 - Heico - Sigma - 10.avi,False,False,object_identification,fo_class,0.17785069812453003,False,True
1973813,0029 - Heico - Sigma - 10.avi,False,False,object_identification,fo_class,0.17785069812453003,False,True
1973568,0029 - Heico - Sigma - 10.avi,False,False,object_identification,fo_class,0.17785069812453003,False,True
1975885,0029 - Heico - Sigma - 10.avi,False,False,object_identification,fo_class,0.17785069812453003,False,True
1975907,0029 - Heico - Sigma - 10.avi,False,False,object_identification,fo_class,0.17785069812453003,False,True
1975594,0029 - Heico - Sigma - 10.avi,False,False,object_identification,fo_class,0.17785069812453003,False,False
2004419,0029 - Heico - Sigma - 10.avi,False,False,object_identification,fo_class,0.17785069812453003,False,True
2004188,0029 - Heico - Sigma - 10.avi,False,False,object_identification,fo_class,0.17785069812453003,False,True
1998539,0029 - Heico - Sigma - 10.avi,False,False,spatial_localization_camera,open_ended,0.17785069812453003,False,True
2015567,0029 - Heico - Sigma - 10.avi,False,False,spatial_localization_camera,fo_class,0.17785069812453003,False,True
2021897,0029 - Heico - Sigma - 10.avi,False,False,spatial_localization_camera,multiple_choice,0.17785069812453003,False,False
2022065,0029 - Heico - Sigma - 10.avi,False,False,spatial_localization_camera,multiple_choice,0.17785069812453003,False,True
1980269,0029 - Heico - Sigma - 10.avi,False,False,object_aggregation,number,0.17785069812453003,False,True
1980544,0029 - Heico - Sigma - 10.avi,False,False,object_aggregation,number,0.17785069812453003,False,False
1980984,0029 - Heico - Sigma - 10.avi,False,False,object_aggregation,number,0.17785069812453003,False,True
1980671,0029 - Heico - Sigma - 10.avi,False,False,object_aggregation,number,0.17785069812453003,False,True
1982221,0029 - Heico - Sigma - 10.avi,False,False,object_aggregation,number,0.17785069812453003,False,True
1987514,0029 - Heico - Sigma - 10.avi,False,False,object_aggregation,binary,0.17785069812453003,False,True
1988156,0029 - Heico - Sigma - 10.avi,False,False,object_aggregation,binary,0.17785069812453003,False,False
1999550,0029 - Heico - Sigma - 10.avi,False,False,object_aggregation,binary,0.17785069812453003,False,True
1999787,0029 - Heico - Sigma - 10.avi,False,False,object_aggregation,binary,0.17785069812453003,False,True
1964495,0029 - Heico - Sigma - 10.avi,False,False,object_identification,fo_class,0.17785069812453003,False,True
1973582,0029 - Heico - Sigma - 10.avi,False,False,object_identification,fo_class,0.17785069812453003,False,True
1973941,0029 - Heico - Sigma - 10.avi,False,False,object_identification,fo_class,0.17785069812453003,False,True
1975591,0029 - Heico - Sigma - 10.avi,False,False,object_identification,fo_class,0.1793089565326227,False,True
1975981,0029 - Heico - Sigma - 10.avi,False,False,object_identification,fo_class,0.1793089565326227,False,True
1975930,0029 - Heico - Sigma - 10.avi,False,False,object_identification,fo_class,0.1793089565326227,False,False
2004444,0029 - Heico - Sigma - 10.avi,False,False,object_identification,fo_class,0.1793089565326227,False,True
2004380,0029 - Heico - Sigma - 10.avi,False,False,object_identification,fo_class,0.1793089565326227,False,False
1998545,0029 - Heico - Sigma - 10.avi,False,False,spatial_localization_camera,open_ended,0.1793089565326227,False,True
2015557,0029 - Heico - Sigma - 10.avi,False,False,spatial_localization_camera,fo_class,0.1793089565326227,False,True
2022013,0029 - Heico - Sigma - 10.avi,False,False,spatial_localization_camera,multiple_choice,0.1793089565326227,False,True
2022068,0029 - Heico - Sigma - 10.avi,False,False,spatial_localization_camera,multiple_choice,0.1793089565326227,False,True
1980532,0029 - Heico - Sigma - 10.avi,False,False,object_aggregation,number,0.1793089565326227,False,True
1980504,0029 - Heico - Sigma - 10.avi,False,False,object_aggregation,number,0.1793089565326227,False,False
1980646,0029 - Heico - Sigma - 10.avi,False,False,object_aggregation,number,0.1793089565326227,False,True
1980910,0029 - Heico - Sigma - 10.avi,False,False,object_aggregation,number,0.1793089565326227,False,True
1982922,0029 - Heico - Sigma - 10.avi,False,False,object_aggregation,number,0.1793089565326227,False,False
1987966,0029 - Heico - Sigma - 10.avi,False,False,object_aggregation,binary,0.1793089565326227,False,True
1988099,0029 - Heico - Sigma - 10.avi,False,False,object_aggregation,binary,0.1793089565326227,False,True
1999611,0029 - Heico - Sigma - 10.avi,False,False,object_aggregation,binary,0.1793089565326227,False,True
1999768,0029 - Heico - Sigma - 10.avi,False,False,object_aggregation,binary,0.1793089565326227,False,True
1964496,0029 - Heico - Sigma - 10.avi,False,False,object_identification,fo_class,0.1793089565326227,False,True
1973937,0029 - Heico - Sigma - 10.avi,False,False,object_identification,fo_class,0.1793089565326227,False,True
1973926,0029 - Heico - Sigma - 10.avi,False,False,object_identification,fo_class,0.1793089565326227,False,False
1975858,0029 - Heico - Sigma - 10.avi,False,False,object_identification,fo_class,0.1793089565326227,False,True
1975896,0029 - Heico - Sigma - 10.avi,False,False,object_identification,fo_class,0.1793089565326227,False,True
1975602,0029 - Heico - Sigma - 10.avi,False,False,object_identification,fo_class,0.1793089565326227,False,False
2004181,0029 - Heico - Sigma - 10.avi,False,False,object_identification,fo_class,0.1793089565326227,False,True
2004346,0029 - Heico - Sigma - 10.avi,False,False,object_identification,fo_class,0.1793089565326227,False,False
1998316,0029 - Heico - Sigma - 10.avi,False,False,spatial_localization_camera,open_ended,0.1793089565326227,False,True
2015532,0029 - Heico - Sigma - 10.avi,False,False,spatial_localization_camera,fo_class,0.1793089565326227,False,True
2021924,0029 - Heico - Sigma - 10.avi,False,False,spatial_localization_camera,multiple_choice,0.1793089565326227,False,True
2022066,0029 - Heico - Sigma - 10.avi,False,False,spatial_localization_camera,multiple_choice,0.1793089565326227,False,True
1980082,0029 - Heico - Sigma - 10.avi,False,False,object_aggregation,number,0.1793089565326227,False,True
1980362,0029 - Heico - Sigma - 10.avi,False,False,object_aggregation,number,0.1793089565326227,False,True
1980979,0029 - Heico - Sigma - 10.avi,False,False,object_aggregation,number,0.17791199384373613,False,True
1981037,0029 - Heico - Sigma - 10.avi,False,False,object_aggregation,number,0.17791199384373613,False,True
1982571,0029 - Heico - Sigma - 10.avi,False,False,object_aggregation,number,0.17791199384373613,False,True
1987516,0029 - Heico - Sigma - 10.avi,False,False,object_aggregation,binary,0.17791199384373613,False,True
1987760,0029 - Heico - Sigma - 10.avi,False,False,object_aggregation,binary,0.17791199384373613,False,True
1999724,0029 - Heico - Sigma - 10.avi,False,False,object_aggregation,binary,0.17791199384373613,False,True
1999781,0029 - Heico - Sigma - 10.avi,False,False,object_aggregation,binary,0.17791199384373613,False,True
1964510,0029 - Heico - Sigma - 10.avi,False,False,object_identification,fo_class,0.17791199384373613,False,True
1973835,0029 - Heico - Sigma - 10.avi,False,False,object_identification,fo_class,0.17791199384373613,False,True
1973635,0029 - Heico - Sigma - 10.avi,False,False,object_identification,fo_class,0.17791199384373613,False,True
1975565,0029 - Heico - Sigma - 10.avi,False,False,object_identification,fo_class,0.17791199384373613,False,True
1975867,0029 - Heico - Sigma - 10.avi,False,False,object_identification,fo_class,0.17791199384373613,False,True
1975636,0029 - Heico - Sigma - 10.avi,False,False,object_identification,fo_class,0.17791199384373613,False,True
2004446,0029 - Heico - Sigma - 10.avi,False,False,object_identification,fo_class,0.17791199384373613,False,True
2004384,0029 - Heico - Sigma - 10.avi,False,False,object_identification,fo_class,0.17791199384373613,False,False
1998478,0029 - Heico - Sigma - 10.avi,False,False,spatial_localization_camera,open_ended,0.17791199384373613,False,True
2031432,0020 - Heico - Sigma - 1.avi,False,False,object_identification,fo_class,0.17791199384373613,False,False
2041313,0020 - Heico - Sigma - 1.avi,False,False,object_identification,fo_class,0.17791199384373613,False,True
2041175,0020 - Heico - Sigma - 1.avi,False,False,object_identification,fo_class,0.17791199384373613,False,True
2041319,0020 - Heico - Sigma - 1.avi,False,False,object_identification,fo_class,0.17791199384373613,False,True
2045376,0020 - Heico - Sigma - 1.avi,False,False,object_identification,fo_class,0.17791199384373613,False,True
2045049,0020 - Heico - Sigma - 1.avi,False,False,object_identification,fo_class,0.17791199384373613,False,True
2045037,0020 - Heico - Sigma - 1.avi,False,False,object_identification,fo_class,0.17791199384373613,False,False
2045164,0020 - Heico - Sigma - 1.avi,False,False,object_identification,fo_class,0.17791199384373613,False,True
2079730,0020 - Heico - Sigma - 1.avi,False,False,object_identification,fo_class,0.17791199384373613,False,True
2079760,0020 - Heico - Sigma - 1.avi,False,False,object_identification,fo_class,0.17791199384373613,False,True
2079782,0020 - Heico - Sigma - 1.avi,False,False,object_identification,fo_class,0.17791199384373613,False,True
2681425,0020 - Heico - Sigma - 1.avi,False,False,object_identification,open_ended,0.17791199384373613,False,True
2681421,0020 - Heico - Sigma - 1.avi,False,False,object_identification,open_ended,0.17791199384373613,False,False
2681420,0020 - Heico - Sigma - 1.avi,False,False,object_attributes,open_ended,0.17791199384373613,False,True
2072460,0020 - Heico - Sigma - 1.avi,False,False,spatial_localization_camera,open_ended,0.17791199384373613,False,False
2096355,0020 - Heico - Sigma - 1.avi,False,False,spatial_localization_camera,fo_class,0.17791199384373613,False,False
2096358,0020 - Heico - Sigma - 1.avi,False,False,spatial_localization_camera,fo_class,0.17792227765676216,False,False
2104239,0020 - Heico - Sigma - 1.avi,False,False,spatial_localization_camera,multiple_choice,0.17792227765676216,False,True
2104241,0020 - Heico - Sigma - 1.avi,False,False,spatial_localization_camera,multiple_choice,0.17792227765676216,False,False
2104236,0020 - Heico - Sigma - 1.avi,False,False,spatial_localization_camera,multiple_choice,0.17792227765676216,False,True
2681947,0020 - Heico - Sigma - 1.avi,False,False,spatial_localization_situs,open_ended,0.17792227765676216,False,True
2681948,0020 - Heico - Sigma - 1.avi,False,False,spatial_localization_situs,open_ended,0.17792227765676216,False,False
2051940,0020 - Heico - Sigma - 1.avi,False,False,object_aggregation,number,0.17792227765676216,False,True
2051959,0020 - Heico - Sigma - 1.avi,False,False,object_aggregation,number,0.17792227765676216,False,False
2052335,0020 - Heico - Sigma - 1.avi,False,False,object_aggregation,number,0.17792227765676216,False,False
2052799,0020 - Heico - Sigma - 1.avi,False,False,object_aggregation,number,0.17792227765676216,False,True
2054454,0020 - Heico - Sigma - 1.avi,False,False,object_aggregation,number,0.17792227765676216,False,True
2060775,0020 - Heico - Sigma - 1.avi,False,False,object_aggregation,binary,0.17792227765676216,False,True
2061085,0020 - Heico - Sigma - 1.avi,False,False,object_aggregation,binary,0.17792227765676216,False,False
2073640,0020 - Heico - Sigma - 1.avi,False,False,object_aggregation,binary,0.17792227765676216,False,False
2031424,0020 - Heico - Sigma - 1.avi,False,False,object_identification,fo_class,0.17792227765676216,False,False
2041449,0020 - Heico - Sigma - 1.avi,False,False,object_identification,fo_class,0.17792227765676216,False,False
2041302,0020 - Heico - Sigma - 1.avi,False,False,object_identification,fo_class,0.17792227765676216,False,False
2041353,0020 - Heico - Sigma - 1.avi,False,False,object_identification,fo_class,0.17792227765676216,False,True
2045250,0020 - Heico - Sigma - 1.avi,False,False,object_identification,fo_class,0.17792227765676216,False,True
2045337,0020 - Heico - Sigma - 1.avi,False,False,object_identification,fo_class,0.17792227765676216,False,False
2045456,0020 - Heico - Sigma - 1.avi,False,False,object_identification,fo_class,0.17792227765676216,False,False
2045379,0020 - Heico - Sigma - 1.avi,False,False,object_identification,fo_class,0.17792227765676216,False,False
2079731,0020 - Heico - Sigma - 1.avi,False,False,object_identification,fo_class,0.17792227765676216,False,False
2079867,0020 - Heico - Sigma - 1.avi,False,False,object_identification,fo_class,0.17792227765676216,False,False
2079806,0020 - Heico - Sigma - 1.avi,False,False,object_identification,fo_class,0.17792227765676216,False,True
2072470,0020 - Heico - Sigma - 1.avi,False,False,spatial_localization_camera,open_ended,0.17792227765676216,False,True
2096347,0020 - Heico - Sigma - 1.avi,False,False,spatial_localization_camera,fo_class,0.17792227765676216,False,False
2096357,0020 - Heico - Sigma - 1.avi,False,False,spatial_localization_camera,fo_class,0.17792227765676216,False,True
2104237,0020 - Heico - Sigma - 1.avi,False,False,spatial_localization_camera,multiple_choice,0.17792227765676216,False,False
2104240,0020 - Heico - Sigma - 1.avi,False,False,spatial_localization_camera,multiple_choice,0.17792227765676216,False,True
2681949,0020 - Heico - Sigma - 1.avi,False,False,spatial_localization_situs,open_ended,0.17792227765676216,False,True
2052003,0020 - Heico - Sigma - 1.avi,False,False,object_aggregation,number,0.17792227765676216,False,True
2052301,0020 - Heico - Sigma - 1.avi,False,False,object_aggregation,number,0.17790018556115683,False,True
2052510,0020 - Heico - Sigma - 1.avi,False,False,object_aggregation,number,0.17790018556115683,False,True
2052798,0020 - Heico - Sigma - 1.avi,False,False,object_aggregation,number,0.17790018556115683,False,False
2053808,0020 - Heico - Sigma - 1.avi,False,False,object_aggregation,number,0.17790018556115683,False,True
2060848,0020 - Heico - Sigma - 1.avi,False,False,object_aggregation,binary,0.17790018556115683,False,True
2061064,0020 - Heico - Sigma - 1.avi,False,False,object_aggregation,binary,0.17790018556115683,False,False
2073639,0020 - Heico - Sigma - 1.avi,False,False,object_aggregation,binary,0.17790018556115683,False,False
2031423,0020 - Heico - Sigma - 1.avi,False,False,object_identification,fo_class,0.17790018556115683,False,False
2041218,0020 - Heico - Sigma - 1.avi,False,False,object_identification,fo_class,0.17790018556115683,False,True
2041161,0020 - Heico - Sigma - 1.avi,False,False,object_identification,fo_class,0.17790018556115683,False,True
2041268,0020 - Heico - Sigma - 1.avi,False,False,object_identification,fo_class,0.17790018556115683,False,True
2045254,0020 - Heico - Sigma - 1.avi,False,False,object_identification,fo_class,0.17790018556115683,False,True
2044999,0020 - Heico - Sigma - 1.avi,False,False,object_identification,fo_class,0.17790018556115683,False,False
2045189,0020 - Heico - Sigma - 1.avi,False,False,object_identification,fo_class,0.17790018556115683,False,False
2045440,0020 - Heico - Sigma - 1.avi,False,False,object_identification,fo_class,0.17790018556115683,False,False
2079734,0020 - Heico - Sigma - 1.avi,False,False,object_identification,fo_class,0.17790018556115683,False,True
2079716,0020 - Heico - Sigma - 1.avi,False,False,object_identification,fo_class,0.17790018556115683,False,True
2079828,0020 - Heico - Sigma - 1.avi,False,False,object_identification,fo_class,0.17790018556115683,False,True
2072515,0020 - Heico - Sigma - 1.avi,False,False,spatial_localization_camera,open_ended,0.17790018556115683,False,False
2096344,0020 - Heico - Sigma - 1.avi,False,False,spatial_localization_camera,fo_class,0.17790018556115683,False,False
2096356,0020 - Heico - Sigma - 1.avi,False,False,spatial_localization_camera,fo_class,0.17790018556115683,False,False
2104238,0020 - Heico - Sigma - 1.avi,False,False,spatial_localization_camera,multiple_choice,0.17790018556115683,False,True
2052183,0020 - Heico - Sigma - 1.avi,False,False,object_aggregation,number,0.17790018556115683,False,True
2052298,0020 - Heico - Sigma - 1.avi,False,False,object_aggregation,number,0.17790018556115683,False,True
2052716,0020 - Heico - Sigma - 1.avi,False,False,object_aggregation,number,0.17790018556115683,False,True
2052791,0020 - Heico - Sigma - 1.avi,False,False,object_aggregation,number,0.17790018556115683,False,True
2053969,0020 - Heico - Sigma - 1.avi,False,False,object_aggregation,number,0.17790018556115683,False,True
2061020,0020 - Heico - Sigma - 1.avi,False,False,object_aggregation,binary,0.17790018556115683,False,True
2061144,0020 - Heico - Sigma - 1.avi,False,False,object_aggregation,binary,0.17790018556115683,False,False
2073655,0020 - Heico - Sigma - 1.avi,False,False,object_aggregation,binary,0.17790018556115683,False,False
2031439,0020 - Heico - Sigma - 1.avi,False,False,object_identification,fo_class,0.17790018556115683,False,False
2041498,0020 - Heico - Sigma - 1.avi,False,False,object_identification,fo_class,0.17790018556115683,False,True
2041123,0020 - Heico - Sigma - 1.avi,False,False,object_identification,fo_class,0.1877207641264249,False,False
2041331,0020 - Heico - Sigma - 1.avi,False,False,object_identification,fo_class,0.1877207641264249,False,True
2045206,0020 - Heico - Sigma - 1.avi,False,False,object_identification,fo_class,0.1877207641264249,False,True
2045403,0020 - Heico - Sigma - 1.avi,False,False,object_identification,fo_class,0.1877207641264249,False,False
2045466,0020 - Heico - Sigma - 1.avi,False,False,object_identification,fo_class,0.1877207641264249,False,False
2045153,0020 - Heico - Sigma - 1.avi,False,False,object_identification,fo_class,0.1877207641264249,False,False
2079889,0020 - Heico - Sigma - 1.avi,False,False,object_identification,fo_class,0.1877207641264249,False,True
2079853,0020 - Heico - Sigma - 1.avi,False,False,object_identification,fo_class,0.1877207641264249,False,False
2079770,0020 - Heico - Sigma - 1.avi,False,False,object_identification,fo_class,0.1877207641264249,False,True
2072613,0020 - Heico - Sigma - 1.avi,False,False,spatial_localization_camera,open_ended,0.1877207641264249,False,False
2096349,0020 - Heico - Sigma - 1.avi,False,False,spatial_localization_camera,fo_class,0.1877207641264249,False,False
2052244,0020 - Heico - Sigma - 1.avi,False,False,object_aggregation,number,0.1877207641264249,False,True
2051914,0020 - Heico - Sigma - 1.avi,False,False,object_aggregation,number,0.1877207641264249,False,False
2052651,0020 - Heico - Sigma - 1.avi,False,False,object_aggregation,number,0.1877207641264249,False,False
2052581,0020 - Heico - Sigma - 1.avi,False,False,object_aggregation,number,0.1877207641264249,False,False
2054154,0020 - Heico - Sigma - 1.avi,False,False,object_aggregation,number,0.1877207641264249,False,True
2061131,0020 - Heico - Sigma - 1.avi,False,False,object_aggregation,binary,0.1877207641264249,False,True
2061147,0020 - Heico - Sigma - 1.avi,False,False,object_aggregation,binary,0.1877207641264249,False,False
2073647,0020 - Heico - Sigma - 1.avi,False,False,object_aggregation,binary,0.1877207641264249,False,False
2031441,0020 - Heico - Sigma - 1.avi,False,False,object_identification,fo_class,0.1877207641264249,False,False
2041225,0020 - Heico - Sigma - 1.avi,False,False,object_identification,fo_class,0.1877207641264249,False,False
2041172,0020 - Heico - Sigma - 1.avi,False,False,object_identification,fo_class,0.1877207641264249,False,True
2041423,0020 - Heico - Sigma - 1.avi,False,False,object_identification,fo_class,0.1877207641264249,False,True
2045182,0020 - Heico - Sigma - 1.avi,False,False,object_identification,fo_class,0.1877207641264249,False,False
2045123,0020 - Heico - Sigma - 1.avi,False,False,object_identification,fo_class,0.1877207641264249,False,True
2045369,0020 - Heico - Sigma - 1.avi,False,False,object_identification,fo_class,0.1877207641264249,False,False
2045203,0020 - Heico - Sigma - 1.avi,False,False,object_identification,fo_class,0.1877207641264249,False,True
2079888,0020 - Heico - Sigma - 1.avi,False,False,object_identification,fo_class,0.1877207641264249,False,False
2079766,0020 - Heico - Sigma - 1.avi,False,False,object_identification,fo_class,0.1877207641264249,False,False
2079908,0020 - Heico - Sigma - 1.avi,False,False,object_identification,fo_class,0.1877207641264249,False,True
2072635,0020 - Heico - Sigma - 1.avi,False,False,spatial_localization_camera,open_ended,0.1877207641264249,False,True
2096346,0020 - Heico - Sigma - 1.avi,False,False,spatial_localization_camera,fo_class,0.1877207641264249,False,False
2051936,0020 - Heico - Sigma - 1.avi,False,False,object_aggregation,number,0.19744240862200968,False,False
2052291,0020 - Heico - Sigma - 1.avi,False,False,object_aggregation,number,0.19744240862200968,False,True
2052327,0020 - Heico - Sigma - 1.avi,False,False,object_aggregation,number,0.19744240862200968,False,False
2052533,0020 - Heico - Sigma - 1.avi,False,False,object_aggregation,number,0.19744240862200968,False,True
2054325,0020 - Heico - Sigma - 1.avi,False,False,object_aggregation,number,0.19744240862200968,False,True
2060647,0020 - Heico - Sigma - 1.avi,False,False,object_aggregation,binary,0.19744240862200968,False,True
2061141,0020 - Heico - Sigma - 1.avi,False,False,object_aggregation,binary,0.19744240862200968,False,False
2073643,0020 - Heico - Sigma - 1.avi,False,False,object_aggregation,binary,0.19744240862200968,False,False
2031418,0020 - Heico - Sigma - 1.avi,False,False,object_identification,fo_class,0.19744240862200968,False,False
2041570,0020 - Heico - Sigma - 1.avi,False,False,object_identification,fo_class,0.19744240862200968,False,True
2041178,0020 - Heico - Sigma - 1.avi,False,False,object_identification,fo_class,0.19744240862200968,False,False
2041574,0020 - Heico - Sigma - 1.avi,False,False,object_identification,fo_class,0.19744240862200968,False,False
2045024,0020 - Heico - Sigma - 1.avi,False,False,object_identification,fo_class,0.19744240862200968,False,False
2045408,0020 - Heico - Sigma - 1.avi,False,False,object_identification,fo_class,0.19744240862200968,False,False
2045468,0020 - Heico - Sigma - 1.avi,False,False,object_identification,fo_class,0.19744240862200968,False,False
2045131,0020 - Heico - Sigma - 1.avi,False,False,object_identification,fo_class,0.19744240862200968,False,False
2079887,0020 - Heico - Sigma - 1.avi,False,False,object_identification,fo_class,0.19744240862200968,False,False
2079862,0020 - Heico - Sigma - 1.avi,False,False,object_identification,fo_class,0.19744240862200968,False,True
2079844,0020 - Heico - Sigma - 1.avi,False,False,object_identification,fo_class,0.19744240862200968,False,False
2072425,0020 - Heico - Sigma - 1.avi,False,False,spatial_localization_camera,open_ended,0.19744240862200968,False,False
2096359,0020 - Heico - Sigma - 1.avi,False,False,spatial_localization_camera,fo_class,0.19744240862200968,False,False
2051948,0020 - Heico - Sigma - 1.avi,False,False,object_aggregation,number,0.19744240862200968,False,True
2052164,0020 - Heico - Sigma - 1.avi,False,False,object_aggregation,number,0.19744240862200968,False,False
2052326,0020 - Heico - Sigma - 1.avi,False,False,object_aggregation,number,0.19744240862200968,False,False
2052795,0020 - Heico - Sigma - 1.avi,False,False,object_aggregation,number,0.19744240862200968,False,True
2054416,0020 - Heico - Sigma - 1.avi,False,False,object_aggregation,number,0.19744240862200968,False,True
2060303,0020 - Heico - Sigma - 1.avi,False,False,object_aggregation,binary,0.19744240862200968,False,True
2061151,0020 - Heico - Sigma - 1.avi,False,False,object_aggregation,binary,0.19744240862200968,False,False
2073656,0020 - Heico - Sigma - 1.avi,False,False,object_aggregation,binary,0.19744240862200968,False,True
2031431,0020 - Heico - Sigma - 1.avi,False,False,object_identification,fo_class,0.19744240862200968,False,False
2041212,0020 - Heico - Sigma - 1.avi,False,False,object_identification,fo_class,0.19744240862200968,False,True
2041232,0020 - Heico - Sigma - 1.avi,False,False,object_identification,fo_class,0.19744240862200968,False,True
2041294,0020 - Heico - Sigma - 1.avi,False,False,object_identification,fo_class,0.18768053672101814,False,True
2045134,0020 - Heico - Sigma - 1.avi,False,False,object_identification,fo_class,0.18768053672101814,False,True
2045099,0020 - Heico - Sigma - 1.avi,False,False,object_identification,fo_class,0.18768053672101814,False,False
2045061,0020 - Heico - Sigma - 1.avi,False,False,object_identification,fo_class,0.18768053672101814,False,False
2045162,0020 - Heico - Sigma - 1.avi,False,False,object_identification,fo_class,0.18768053672101814,False,False
2079717,0020 - Heico - Sigma - 1.avi,False,False,object_identification,fo_class,0.18768053672101814,False,True
2079778,0020 - Heico - Sigma - 1.avi,False,False,object_identification,fo_class,0.18768053672101814,False,True
2072475,0020 - Heico - Sigma - 1.avi,False,False,spatial_localization_camera,open_ended,0.18768053672101814,False,True
2096360,0020 - Heico - Sigma - 1.avi,False,False,spatial_localization_camera,fo_class,0.18768053672101814,False,False
2051977,0020 - Heico - Sigma - 1.avi,False,False,object_aggregation,number,0.18768053672101814,False,False
2052073,0020 - Heico - Sigma - 1.avi,False,False,object_aggregation,number,0.18768053672101814,False,True
2052469,0020 - Heico - Sigma - 1.avi,False,False,object_aggregation,number,0.18768053672101814,False,True
2052592,0020 - Heico - Sigma - 1.avi,False,False,object_aggregation,number,0.18768053672101814,False,True
2053823,0020 - Heico - Sigma - 1.avi,False,False,object_aggregation,number,0.18768053672101814,False,True
2060870,0020 - Heico - Sigma - 1.avi,False,False,object_aggregation,binary,0.18768053672101814,False,True
2060982,0020 - Heico - Sigma - 1.avi,False,False,object_aggregation,binary,0.18768053672101814,False,True
2073666,0020 - Heico - Sigma - 1.avi,False,False,object_aggregation,binary,0.18768053672101814,False,True
2031419,0020 - Heico - Sigma - 1.avi,False,False,object_identification,fo_class,0.18768053672101814,False,False
2041483,0020 - Heico - Sigma - 1.avi,False,False,object_identification,fo_class,0.18768053672101814,False,True
2041224,0020 - Heico - Sigma - 1.avi,False,False,object_identification,fo_class,0.18768053672101814,False,False
2041444,0020 - Heico - Sigma - 1.avi,False,False,object_identification,fo_class,0.18768053672101814,False,True
2045073,0020 - Heico - Sigma - 1.avi,False,False,object_identification,fo_class,0.18768053672101814,False,False
2045285,0020 - Heico - Sigma - 1.avi,False,False,object_identification,fo_class,0.18768053672101814,False,False
2045461,0020 - Heico - Sigma - 1.avi,False,False,object_identification,fo_class,0.18768053672101814,False,False
2045331,0020 - Heico - Sigma - 1.avi,False,False,object_identification,fo_class,0.18768053672101814,False,True
2079850,0020 - Heico - Sigma - 1.avi,False,False,object_identification,fo_class,0.18768053672101814,False,False
2079915,0020 - Heico - Sigma - 1.avi,False,False,object_identification,fo_class,0.18768053672101814,False,True
2072503,0020 - Heico - Sigma - 1.avi,False,False,spatial_localization_camera,open_ended,0.18768053672101814,False,False
2096351,0020 - Heico - Sigma - 1.avi,False,False,spatial_localization_camera,fo_class,0.18768053672101814,False,True
2052130,0020 - Heico - Sigma - 1.avi,False,False,object_aggregation,number,0.18768053672101814,False,True
2052300,0020 - Heico - Sigma - 1.avi,False,False,object_aggregation,number,0.18768053672101814,False,True
2052596,0020 - Heico - Sigma - 1.avi,False,False,object_aggregation,number,0.18768053672101814,False,False
2052801,0020 - Heico - Sigma - 1.avi,False,False,object_aggregation,number,0.18773799643895472,False,True
2054061,0020 - Heico - Sigma - 1.avi,False,False,object_aggregation,number,0.18773799643895472,False,True
2061080,0020 - Heico - Sigma - 1.avi,False,False,object_aggregation,binary,0.18773799643895472,False,True
2061145,0020 - Heico - Sigma - 1.avi,False,False,object_aggregation,binary,0.18773799643895472,False,False
2073653,0020 - Heico - Sigma - 1.avi,False,False,object_aggregation,binary,0.18773799643895472,False,False
2031438,0020 - Heico - Sigma - 1.avi,False,False,object_identification,fo_class,0.18773799643895472,False,False
2041603,0020 - Heico - Sigma - 1.avi,False,False,object_identification,fo_class,0.18773799643895472,False,True
2041164,0020 - Heico - Sigma - 1.avi,False,False,object_identification,fo_class,0.18773799643895472,False,True
2041503,0020 - Heico - Sigma - 1.avi,False,False,object_identification,fo_class,0.18773799643895472,False,True
2045347,0020 - Heico - Sigma - 1.avi,False,False,object_identification,fo_class,0.18773799643895472,False,False
2045111,0020 - Heico - Sigma - 1.avi,False,False,object_identification,fo_class,0.18773799643895472,False,True
2045469,0020 - Heico - Sigma - 1.avi,False,False,object_identification,fo_class,0.18773799643895472,False,False
2045434,0020 - Heico - Sigma - 1.avi,False,False,object_identification,fo_class,0.18773799643895472,False,False
2079749,0020 - Heico - Sigma - 1.avi,False,False,object_identification,fo_class,0.18773799643895472,False,True
2079845,0020 - Heico - Sigma - 1.avi,False,False,object_identification,fo_class,0.18773799643895472,False,False
2072621,0020 - Heico - Sigma - 1.avi,False,False,spatial_localization_camera,open_ended,0.18773799643895472,False,False
2096352,0020 - Heico - Sigma - 1.avi,False,False,spatial_localization_camera,fo_class,0.18773799643895472,False,False
2052304,0020 - Heico - Sigma - 1.avi,False,False,object_aggregation,number,0.18773799643895472,False,False
2052299,0020 - Heico - Sigma - 1.avi,False,False,object_aggregation,number,0.18773799643895472,False,False
2052701,0020 - Heico - Sigma - 1.avi,False,False,object_aggregation,number,0.18773799643895472,False,False
2052607,0020 - Heico - Sigma - 1.avi,False,False,object_aggregation,number,0.18773799643895472,False,True
2054099,0020 - Heico - Sigma - 1.avi,False,False,object_aggregation,number,0.18773799643895472,False,True
2060779,0020 - Heico - Sigma - 1.avi,False,False,object_aggregation,binary,0.18773799643895472,False,True
2061150,0020 - Heico - Sigma - 1.avi,False,False,object_aggregation,binary,0.18773799643895472,False,False
2073638,0020 - Heico - Sigma - 1.avi,False,False,object_aggregation,binary,0.18773799643895472,False,False
2031414,0020 - Heico - Sigma - 1.avi,False,False,object_identification,fo_class,0.18773799643895472,False,False
2041517,0020 - Heico - Sigma - 1.avi,False,False,object_identification,fo_class,0.18773799643895472,False,False
2041386,0020 - Heico - Sigma - 1.avi,False,False,object_identification,fo_class,0.18773799643895472,False,False
2041286,0020 - Heico - Sigma - 1.avi,False,False,object_identification,fo_class,0.18773799643895472,False,True
2045338,0020 - Heico - Sigma - 1.avi,False,False,object_identification,fo_class,0.18773799643895472,False,True
2045245,0020 - Heico - Sigma - 1.avi,False,False,object_identification,fo_class,0.18773799643895472,False,True
2045462,0020 - Heico - Sigma - 1.avi,False,False,object_identification,fo_class,0.18773799643895472,False,False
2045169,0020 - Heico - Sigma - 1.avi,False,False,object_identification,fo_class,0.1975203346228227,False,False
2079859,0020 - Heico - Sigma - 1.avi,False,False,object_identification,fo_class,0.1975203346228227,False,False
2079771,0020 - Heico - Sigma - 1.avi,False,False,object_identification,fo_class,0.1975203346228227,False,True
2072632,0020 - Heico - Sigma - 1.avi,False,False,spatial_localization_camera,open_ended,0.1975203346228227,False,False
2096350,0020 - Heico - Sigma - 1.avi,False,False,spatial_localization_camera,fo_class,0.1975203346228227,False,False
2052198,0020 - Heico - Sigma - 1.avi,False,False,object_aggregation,number,0.1975203346228227,False,True
2052134,0020 - Heico - Sigma - 1.avi,False,False,object_aggregation,number,0.1975203346228227,False,False
2052665,0020 - Heico - Sigma - 1.avi,False,False,object_aggregation,number,0.1975203346228227,False,True
2052413,0020 - Heico - Sigma - 1.avi,False,False,object_aggregation,number,0.1975203346228227,False,True
2054262,0020 - Heico - Sigma - 1.avi,False,False,object_aggregation,number,0.1975203346228227,False,True
2060467,0020 - Heico - Sigma - 1.avi,False,False,object_aggregation,binary,0.1975203346228227,False,True
2061152,0020 - Heico - Sigma - 1.avi,False,False,object_aggregation,binary,0.1975203346228227,False,False
2073645,0020 - Heico - Sigma - 1.avi,False,False,object_aggregation,binary,0.1975203346228227,False,False
2031440,0020 - Heico - Sigma - 1.avi,False,False,object_identification,fo_class,0.1975203346228227,False,False
2041456,0020 - Heico - Sigma - 1.avi,False,False,object_identification,fo_class,0.1975203346228227,False,True
2041134,0020 - Heico - Sigma - 1.avi,False,False,object_identification,fo_class,0.1975203346228227,False,True
2041362,0020 - Heico - Sigma - 1.avi,False,False,object_identification,fo_class,0.1975203346228227,False,False
2045341,0020 - Heico - Sigma - 1.avi,False,False,object_identification,fo_class,0.1975203346228227,False,True
2045077,0020 - Heico - Sigma - 1.avi,False,False,object_identification,fo_class,0.1975203346228227,False,False
2045458,0020 - Heico - Sigma - 1.avi,False,False,object_identification,fo_class,0.1975203346228227,False,False
2045359,0020 - Heico - Sigma - 1.avi,False,False,object_identification,fo_class,0.1975203346228227,False,False
2079739,0020 - Heico - Sigma - 1.avi,False,False,object_identification,fo_class,0.1975203346228227,False,False
2079894,0020 - Heico - Sigma - 1.avi,False,False,object_identification,fo_class,0.1975203346228227,False,True
2072424,0020 - Heico - Sigma - 1.avi,False,False,spatial_localization_camera,open_ended,0.1975203346228227,False,False
2096345,0020 - Heico - Sigma - 1.avi,False,False,spatial_localization_camera,fo_class,0.1975203346228227,False,False
2051893,0020 - Heico - Sigma - 1.avi,False,False,object_aggregation,number,0.1975203346228227,False,False
2051993,0020 - Heico - Sigma - 1.avi,False,False,object_aggregation,number,0.1975203346228227,False,False
2052364,0020 - Heico - Sigma - 1.avi,False,False,object_aggregation,number,0.1975203346228227,False,False
2052350,0020 - Heico - Sigma - 1.avi,False,False,object_aggregation,number,0.1975203346228227,False,True
2054487,0020 - Heico - Sigma - 1.avi,False,False,object_aggregation,number,0.1975203346228227,False,True
2060772,0020 - Heico - Sigma - 1.avi,False,False,object_aggregation,binary,0.1975203346228227,False,True
2060857,0020 - Heico - Sigma - 1.avi,False,False,object_aggregation,binary,0.1975203346228227,False,True
2073658,0020 - Heico - Sigma - 1.avi,False,False,object_aggregation,binary,0.17796507993989508,False,True
2031421,0020 - Heico - Sigma - 1.avi,False,False,object_identification,fo_class,0.17796507993989508,False,False
2041474,0020 - Heico - Sigma - 1.avi,False,False,object_identification,fo_class,0.17796507993989508,False,False
2041613,0020 - Heico - Sigma - 1.avi,False,False,object_identification,fo_class,0.17796507993989508,False,False
2041605,0020 - Heico - Sigma - 1.avi,False,False,object_identification,fo_class,0.17796507993989508,False,True
2045373,0020 - Heico - Sigma - 1.avi,False,False,object_identification,fo_class,0.17796507993989508,False,True
2045282,0020 - Heico - Sigma - 1.avi,False,False,object_identification,fo_class,0.17796507993989508,False,False
2045316,0020 - Heico - Sigma - 1.avi,False,False,object_identification,fo_class,0.17796507993989508,False,False
2045457,0020 - Heico - Sigma - 1.avi,False,False,object_identification,fo_class,0.17796507993989508,False,False
2079723,0020 - Heico - Sigma - 1.avi,False,False,object_identification,fo_class,0.17796507993989508,False,False
2079847,0020 - Heico - Sigma - 1.avi,False,False,object_identification,fo_class,0.17796507993989508,False,False
2072474,0020 - Heico - Sigma - 1.avi,False,False,spatial_localization_camera,open_ended,0.17796507993989508,False,True
2096354,0020 - Heico - Sigma - 1.avi,False,False,spatial_localization_camera,fo_class,0.17796507993989508,False,False
2052007,0020 - Heico - Sigma - 1.avi,False,False,object_aggregation,number,0.17796507993989508,False,True
2052292,0020 - Heico - Sigma - 1.avi,False,False,object_aggregation,number,0.17796507993989508,False,False
2052488,0020 - Heico - Sigma - 1.avi,False,False,object_aggregation,number,0.17796507993989508,False,True
2052727,0020 - Heico - Sigma - 1.avi,False,False,object_aggregation,number,0.17796507993989508,False,True
2053810,0020 - Heico - Sigma - 1.avi,False,False,object_aggregation,number,0.17796507993989508,False,True
2060204,0020 - Heico - Sigma - 1.avi,False,False,object_aggregation,binary,0.17796507993989508,False,True
2061042,0020 - Heico - Sigma - 1.avi,False,False,object_aggregation,binary,0.17796507993989508,False,True
2073659,0020 - Heico - Sigma - 1.avi,False,False,object_aggregation,binary,0.17796507993989508,False,True
2031412,0020 - Heico - Sigma - 1.avi,False,False,object_identification,fo_class,0.17796507993989508,False,False
2041590,0020 - Heico - Sigma - 1.avi,False,False,object_identification,fo_class,0.17796507993989508,False,True
2041251,0020 - Heico - Sigma - 1.avi,False,False,object_identification,fo_class,0.17796507993989508,False,True
2041314,0020 - Heico - Sigma - 1.avi,False,False,object_identification,fo_class,0.17796507993989508,False,True
2045449,0020 - Heico - Sigma - 1.avi,False,False,object_identification,fo_class,0.17796507993989508,False,True
2044974,0020 - Heico - Sigma - 1.avi,False,False,object_identification,fo_class,0.17796507993989508,False,False
2045109,0020 - Heico - Sigma - 1.avi,False,False,object_identification,fo_class,0.17796507993989508,False,False
2045191,0020 - Heico - Sigma - 1.avi,False,False,object_identification,fo_class,0.17796507993989508,False,True
2079752,0020 - Heico - Sigma - 1.avi,False,False,object_identification,fo_class,0.17796507993989508,False,True
2079785,0020 - Heico - Sigma - 1.avi,False,False,object_identification,fo_class,0.17796507993989508,False,True
2072537,0020 - Heico - Sigma - 1.avi,False,False,spatial_localization_camera,open_ended,0.17796507993989508,False,True
2096348,0020 - Heico - Sigma - 1.avi,False,False,spatial_localization_camera,fo_class,0.17796160784564563,False,False
2052181,0020 - Heico - Sigma - 1.avi,False,False,object_aggregation,number,0.17796160784564563,False,True
2052243,0020 - Heico - Sigma - 1.avi,False,False,object_aggregation,number,0.17796160784564563,False,False
2052717,0020 - Heico - Sigma - 1.avi,False,False,object_aggregation,number,0.17796160784564563,False,True
2052793,0020 - Heico - Sigma - 1.avi,False,False,object_aggregation,number,0.17796160784564563,False,False
2053967,0020 - Heico - Sigma - 1.avi,False,False,object_aggregation,number,0.17796160784564563,False,True
2060228,0020 - Heico - Sigma - 1.avi,False,False,object_aggregation,binary,0.17796160784564563,False,True
2060822,0020 - Heico - Sigma - 1.avi,False,False,object_aggregation,binary,0.17796160784564563,False,True
2073641,0020 - Heico - Sigma - 1.avi,False,False,object_aggregation,binary,0.17796160784564563,False,False
2031436,0020 - Heico - Sigma - 1.avi,False,False,object_identification,fo_class,0.17796160784564563,False,False
2041261,0020 - Heico - Sigma - 1.avi,False,False,object_identification,fo_class,0.17796160784564563,False,False
2041148,0020 - Heico - Sigma - 1.avi,False,False,object_identification,fo_class,0.17796160784564563,False,False
2041479,0020 - Heico - Sigma - 1.avi,False,False,object_identification,fo_class,0.17796160784564563,False,True
2045174,0020 - Heico - Sigma - 1.avi,False,False,object_identification,fo_class,0.17796160784564563,False,True
2045405,0020 - Heico - Sigma - 1.avi,False,False,object_identification,fo_class,0.17796160784564563,False,True
2045239,0020 - Heico - Sigma - 1.avi,False,False,object_identification,fo_class,0.17796160784564563,False,False
2045348,0020 - Heico - Sigma - 1.avi,False,False,object_identification,fo_class,0.17796160784564563,False,False
2079866,0020 - Heico - Sigma - 1.avi,False,False,object_identification,fo_class,0.17796160784564563,False,False
2079810,0020 - Heico - Sigma - 1.avi,False,False,object_identification,fo_class,0.17796160784564563,False,True
2072570,0020 - Heico - Sigma - 1.avi,False,False,spatial_localization_camera,open_ended,0.17796160784564563,False,True
2096361,0020 - Heico - Sigma - 1.avi,False,False,spatial_localization_camera,fo_class,0.17796160784564563,False,False
2052028,0020 - Heico - Sigma - 1.avi,False,False,object_aggregation,number,0.17796160784564563,False,False
2052294,0020 - Heico - Sigma - 1.avi,False,False,object_aggregation,number,0.17796160784564563,False,False
2052767,0020 - Heico - Sigma - 1.avi,False,False,object_aggregation,number,0.17796160784564563,False,True
2052789,0020 - Heico - Sigma - 1.avi,False,False,object_aggregation,number,0.17796160784564563,False,True
2054579,0020 - Heico - Sigma - 1.avi,False,False,object_aggregation,number,0.17796160784564563,False,True
2060909,0020 - Heico - Sigma - 1.avi,False,False,object_aggregation,binary,0.17796160784564563,False,True
2061139,0020 - Heico - Sigma - 1.avi,False,False,object_aggregation,binary,0.17796160784564563,False,False
2073662,0020 - Heico - Sigma - 1.avi,False,False,object_aggregation,binary,0.17796160784564563,False,True
2031422,0020 - Heico - Sigma - 1.avi,False,False,object_identification,fo_class,0.17796160784564563,False,False
2041167,0020 - Heico - Sigma - 1.avi,False,False,object_identification,fo_class,0.17796160784564563,False,True
2041276,0020 - Heico - Sigma - 1.avi,False,False,object_identification,fo_class,0.17796160784564563,False,False
2041568,0020 - Heico - Sigma - 1.avi,False,False,object_identification,fo_class,0.18777433321884018,False,True
2045029,0020 - Heico - Sigma - 1.avi,False,False,object_identification,fo_class,0.18777433321884018,False,True
2045070,0020 - Heico - Sigma - 1.avi,False,False,object_identification,fo_class,0.18777433321884018,False,True
2045470,0020 - Heico - Sigma - 1.avi,False,False,object_identification,fo_class,0.18777433321884018,False,False
2045435,0020 - Heico - Sigma - 1.avi,False,False,object_identification,fo_class,0.18777433321884018,False,False
2079757,0020 - Heico - Sigma - 1.avi,False,False,object_identification,fo_class,0.18777433321884018,False,True
2079881,0020 - Heico - Sigma - 1.avi,False,False,object_identification,fo_class,0.18777433321884018,False,True
2072633,0020 - Heico - Sigma - 1.avi,False,False,spatial_localization_camera,open_ended,0.18777433321884018,False,False
2096353,0020 - Heico - Sigma - 1.avi,False,False,spatial_localization_camera,fo_class,0.18777433321884018,False,False
2051888,0020 - Heico - Sigma - 1.avi,False,False,object_aggregation,number,0.18777433321884018,False,True
2052005,0020 - Heico - Sigma - 1.avi,False,False,object_aggregation,number,0.18777433321884018,False,False
2052450,0020 - Heico - Sigma - 1.avi,False,False,object_aggregation,number,0.18777433321884018,False,True
2052802,0020 - Heico - Sigma - 1.avi,False,False,object_aggregation,number,0.18777433321884018,False,True
2054228,0020 - Heico - Sigma - 1.avi,False,False,object_aggregation,number,0.18777433321884018,False,False
2060592,0020 - Heico - Sigma - 1.avi,False,False,object_aggregation,binary,0.18777433321884018,False,True
2060942,0020 - Heico - Sigma - 1.avi,False,False,object_aggregation,binary,0.18777433321884018,False,True
2073665,0020 - Heico - Sigma - 1.avi,False,False,object_aggregation,binary,0.18777433321884018,False,False
2031413,0020 - Heico - Sigma - 1.avi,False,False,object_identification,fo_class,0.18777433321884018,False,False
2041249,0020 - Heico - Sigma - 1.avi,False,False,object_identification,fo_class,0.18777433321884018,False,False
2041615,0020 - Heico - Sigma - 1.avi,False,False,object_identification,fo_class,0.18777433321884018,False,False
2041333,0020 - Heico - Sigma - 1.avi,False,False,object_identification,fo_class,0.18777433321884018,False,True
2045305,0020 - Heico - Sigma - 1.avi,False,False,object_identification,fo_class,0.18777433321884018,False,False
2045450,0020 - Heico - Sigma - 1.avi,False,False,object_identification,fo_class,0.18777433321884018,False,False
2045036,0020 - Heico - Sigma - 1.avi,False,False,object_identification,fo_class,0.18777433321884018,False,False
2045194,0020 - Heico - Sigma - 1.avi,False,False,object_identification,fo_class,0.18777433321884018,False,False
2079865,0020 - Heico - Sigma - 1.avi,False,False,object_identification,fo_class,0.18777433321884018,False,False
2079777,0020 - Heico - Sigma - 1.avi,False,False,object_identification,fo_class,0.18777433321884018,False,True
2072432,0020 - Heico - Sigma - 1.avi,False,False,spatial_localization_camera,open_ended,0.18777433321884018,False,False
2051824,0020 - Heico - Sigma - 1.avi,False,False,object_aggregation,number,0.18777433321884018,False,True
2052302,0020 - Heico - Sigma - 1.avi,False,False,object_aggregation,number,0.18777433321884018,False,False
2052465,0020 - Heico - Sigma - 1.avi,False,False,object_aggregation,number,0.18777433321884018,False,True
2052796,0020 - Heico - Sigma - 1.avi,False,False,object_aggregation,number,0.18777433321884018,False,True
2054542,0020 - Heico - Sigma - 1.avi,False,False,object_aggregation,number,0.17795663865763345,False,True
2060784,0020 - Heico - Sigma - 1.avi,False,False,object_aggregation,binary,0.17795663865763345,False,True
2061149,0020 - Heico - Sigma - 1.avi,False,False,object_aggregation,binary,0.17795663865763345,False,False
2073649,0020 - Heico - Sigma - 1.avi,False,False,object_aggregation,binary,0.17795663865763345,False,True
2031426,0020 - Heico - Sigma - 1.avi,False,False,object_identification,fo_class,0.17795663865763345,False,False
2041216,0020 - Heico - Sigma - 1.avi,False,False,object_identification,fo_class,0.17795663865763345,False,True
2041242,0020 - Heico - Sigma - 1.avi,False,False,object_identification,fo_class,0.17795663865763345,False,True
2041361,0020 - Heico - Sigma - 1.avi,False,False,object_identification,fo_class,0.17795663865763345,False,True
2045092,0020 - Heico - Sigma - 1.avi,False,False,object_identification,fo_class,0.17795663865763345,False,True
2045034,0020 - Heico - Sigma - 1.avi,False,False,object_identification,fo_class,0.17795663865763345,False,False
2045465,0020 - Heico - Sigma - 1.avi,False,False,object_identification,fo_class,0.17795663865763345,False,False
2045199,0020 - Heico - Sigma - 1.avi,False,False,object_identification,fo_class,0.17795663865763345,False,False
2079764,0020 - Heico - Sigma - 1.avi,False,False,object_identification,fo_class,0.17795663865763345,False,False
2079794,0020 - Heico - Sigma - 1.avi,False,False,object_identification,fo_class,0.17795663865763345,False,True
2072471,0020 - Heico - Sigma - 1.avi,False,False,spatial_localization_camera,open_ended,0.17795663865763345,False,True
2051999,0020 - Heico - Sigma - 1.avi,False,False,object_aggregation,number,0.17795663865763345,False,False
2052293,0020 - Heico - Sigma - 1.avi,False,False,object_aggregation,number,0.17795663865763345,False,False
2052475,0020 - Heico - Sigma - 1.avi,False,False,object_aggregation,number,0.17795663865763345,False,True
2053820,0020 - Heico - Sigma - 1.avi,False,False,object_aggregation,number,0.17795663865763345,False,True
2060859,0020 - Heico - Sigma - 1.avi,False,False,object_aggregation,binary,0.17795663865763345,False,True
2061075,0020 - Heico - Sigma - 1.avi,False,False,object_aggregation,binary,0.17795663865763345,False,True
2073660,0020 - Heico - Sigma - 1.avi,False,False,object_aggregation,binary,0.17795663865763345,False,False
2031430,0020 - Heico - Sigma - 1.avi,False,False,object_identification,fo_class,0.17795663865763345,False,False
2041356,0020 - Heico - Sigma - 1.avi,False,False,object_identification,fo_class,0.17795663865763345,False,True
2041458,0020 - Heico - Sigma - 1.avi,False,False,object_identification,fo_class,0.17795663865763345,False,True
2041593,0020 - Heico - Sigma - 1.avi,False,False,object_identification,fo_class,0.17795663865763345,False,True
2045202,0020 - Heico - Sigma - 1.avi,False,False,object_identification,fo_class,0.17795663865763345,False,True
2045175,0020 - Heico - Sigma - 1.avi,False,False,object_identification,fo_class,0.17795663865763345,False,False
2045467,0020 - Heico - Sigma - 1.avi,False,False,object_identification,fo_class,0.17795663865763345,False,False
2045038,0020 - Heico - Sigma - 1.avi,False,False,object_identification,fo_class,0.17795663865763345,False,False
2079729,0020 - Heico - Sigma - 1.avi,False,False,object_identification,fo_class,0.17795663865763345,False,False
2079825,0020 - Heico - Sigma - 1.avi,False,False,object_identification,fo_class,0.17795663865763345,False,True
2072554,0020 - Heico - Sigma - 1.avi,False,False,spatial_localization_camera,open_ended,0.21015959871874657,False,False
2052172,0020 - Heico - Sigma - 1.avi,False,False,object_aggregation,number,0.21015959871874657,False,True
2052289,0020 - Heico - Sigma - 1.avi,False,False,object_aggregation,number,0.21015959871874657,False,False
2052618,0020 - Heico - Sigma - 1.avi,False,False,object_aggregation,number,0.21015959871874657,False,True
2053869,0020 - Heico - Sigma - 1.avi,False,False,object_aggregation,number,0.21015959871874657,False,True
2060273,0020 - Heico - Sigma - 1.avi,False,False,object_aggregation,binary,0.21015959871874657,False,True
2061146,0020 - Heico - Sigma - 1.avi,False,False,object_aggregation,binary,0.21015959871874657,False,False
2073644,0020 - Heico - Sigma - 1.avi,False,False,object_aggregation,binary,0.21015959871874657,False,True
2031428,0020 - Heico - Sigma - 1.avi,False,False,object_identification,fo_class,0.21015959871874657,False,False
2041424,0020 - Heico - Sigma - 1.avi,False,False,object_identification,fo_class,0.21015959871874657,False,True
2041136,0020 - Heico - Sigma - 1.avi,False,False,object_identification,fo_class,0.21015959871874657,False,True
2041329,0020 - Heico - Sigma - 1.avi,False,False,object_identification,fo_class,0.21015959871874657,False,True
2045452,0020 - Heico - Sigma - 1.avi,False,False,object_identification,fo_class,0.21015959871874657,False,True
2045126,0020 - Heico - Sigma - 1.avi,False,False,object_identification,fo_class,0.21015959871874657,False,True
2045176,0020 - Heico - Sigma - 1.avi,False,False,object_identification,fo_class,0.21015959871874657,False,False
2079754,0020 - Heico - Sigma - 1.avi,False,False,object_identification,fo_class,0.21015959871874657,False,False
2079776,0020 - Heico - Sigma - 1.avi,False,False,object_identification,fo_class,0.21015959871874657,False,True
2072627,0020 - Heico - Sigma - 1.avi,False,False,spatial_localization_camera,open_ended,0.21015959871874657,False,True
2052264,0020 - Heico - Sigma - 1.avi,False,False,object_aggregation,number,0.21015959871874657,False,True
2052282,0020 - Heico - Sigma - 1.avi,False,False,object_aggregation,number,0.21015959871874657,False,False
2052788,0020 - Heico - Sigma - 1.avi,False,False,object_aggregation,number,0.21015959871874657,False,True
2054181,0020 - Heico - Sigma - 1.avi,False,False,object_aggregation,number,0.21015959871874657,False,True
2060496,0020 - Heico - Sigma - 1.avi,False,False,object_aggregation,binary,0.21015959871874657,False,True
2060727,0020 - Heico - Sigma - 1.avi,False,False,object_aggregation,binary,0.21015959871874657,False,False
2073657,0020 - Heico - Sigma - 1.avi,False,False,object_aggregation,binary,0.21015959871874657,False,True
2031427,0020 - Heico - Sigma - 1.avi,False,False,object_identification,fo_class,0.21015959871874657,False,False
2041142,0020 - Heico - Sigma - 1.avi,False,False,object_identification,fo_class,0.21015959871874657,False,False
2041547,0020 - Heico - Sigma - 1.avi,False,False,object_identification,fo_class,0.21015959871874657,False,False
2041434,0020 - Heico - Sigma - 1.avi,False,False,object_identification,fo_class,0.21015959871874657,False,True
2045075,0020 - Heico - Sigma - 1.avi,False,False,object_identification,fo_class,0.21015959871874657,False,True
2045014,0020 - Heico - Sigma - 1.avi,False,False,object_identification,fo_class,0.21015959871874657,False,False
2045220,0020 - Heico - Sigma - 1.avi,False,False,object_identification,fo_class,0.21015959871874657,False,False
2112754,0021 - Heico - Sigma - 2.avi,False,False,object_identification,fo_class,0.21009159096865915,False,True
2112767,0021 - Heico - Sigma - 2.avi,False,False,object_identification,fo_class,0.21009159096865915,False,True
2112813,0021 - Heico - Sigma - 2.avi,False,False,object_identification,fo_class,0.21009159096865915,False,True
2112828,0021 - Heico - Sigma - 2.avi,False,False,object_identification,fo_class,0.21009159096865915,False,True
2123635,0021 - Heico - Sigma - 2.avi,False,False,object_identification,fo_class,0.21009159096865915,False,True
2681479,0021 - Heico - Sigma - 2.avi,False,False,object_attributes,open_ended,0.21009159096865915,False,True
2121506,0021 - Heico - Sigma - 2.avi,False,False,spatial_localization_camera,open_ended,0.21009159096865915,False,True
2114400,0021 - Heico - Sigma - 2.avi,False,False,object_aggregation,number,0.21009159096865915,False,False
2114397,0021 - Heico - Sigma - 2.avi,False,False,object_aggregation,number,0.21009159096865915,False,False
2114444,0021 - Heico - Sigma - 2.avi,False,False,object_aggregation,number,0.21009159096865915,False,True
2115493,0021 - Heico - Sigma - 2.avi,False,False,object_aggregation,number,0.21009159096865915,False,False
2115515,0021 - Heico - Sigma - 2.avi,False,False,object_aggregation,number,0.21009159096865915,False,False
2117541,0021 - Heico - Sigma - 2.avi,False,False,object_aggregation,binary,0.21009159096865915,False,True
2122525,0021 - Heico - Sigma - 2.avi,False,False,object_aggregation,binary,0.21009159096865915,False,True
2112756,0021 - Heico - Sigma - 2.avi,False,False,object_identification,fo_class,0.21009159096865915,False,True
2112768,0021 - Heico - Sigma - 2.avi,False,False,object_identification,fo_class,0.21009159096865915,False,True
2112818,0021 - Heico - Sigma - 2.avi,False,False,object_identification,fo_class,0.21009159096865915,False,True
2112831,0021 - Heico - Sigma - 2.avi,False,False,object_identification,fo_class,0.21009159096865915,False,True
2123631,0021 - Heico - Sigma - 2.avi,False,False,object_identification,fo_class,0.21009159096865915,False,True
2121509,0021 - Heico - Sigma - 2.avi,False,False,spatial_localization_camera,open_ended,0.21009159096865915,False,True
2114426,0021 - Heico - Sigma - 2.avi,False,False,object_aggregation,number,0.21009159096865915,False,True
2114428,0021 - Heico - Sigma - 2.avi,False,False,object_aggregation,number,0.21009159096865915,False,False
2114493,0021 - Heico - Sigma - 2.avi,False,False,object_aggregation,number,0.21009159096865915,False,True
2115546,0021 - Heico - Sigma - 2.avi,False,False,object_aggregation,number,0.21009159096865915,False,False
2115541,0021 - Heico - Sigma - 2.avi,False,False,object_aggregation,number,0.21009159096865915,False,False
2117573,0021 - Heico - Sigma - 2.avi,False,False,object_aggregation,binary,0.21009159096865915,False,True
2122549,0021 - Heico - Sigma - 2.avi,False,False,object_aggregation,binary,0.21009159096865915,False,True
2112747,0021 - Heico - Sigma - 2.avi,False,False,object_identification,fo_class,0.21009159096865915,False,True
2112762,0021 - Heico - Sigma - 2.avi,False,False,object_identification,fo_class,0.21009159096865915,False,True
2112771,0021 - Heico - Sigma - 2.avi,False,False,object_identification,fo_class,0.21009159096865915,False,True
2112835,0021 - Heico - Sigma - 2.avi,False,False,object_identification,fo_class,0.21009159096865915,False,True
2123629,0021 - Heico - Sigma - 2.avi,False,False,object_identification,fo_class,0.21009159096865915,False,True
2121504,0021 - Heico - Sigma - 2.avi,False,False,spatial_localization_camera,open_ended,0.19755182746666833,False,True
2114432,0021 - Heico - Sigma - 2.avi,False,False,object_aggregation,number,0.19755182746666833,False,False
2114407,0021 - Heico - Sigma - 2.avi,False,False,object_aggregation,number,0.19755182746666833,False,False
2114499,0021 - Heico - Sigma - 2.avi,False,False,object_aggregation,number,0.19755182746666833,False,True
2115491,0021 - Heico - Sigma - 2.avi,False,False,object_aggregation,number,0.19755182746666833,False,True
2115510,0021 - Heico - Sigma - 2.avi,False,False,object_aggregation,number,0.19755182746666833,False,False
2117585,0021 - Heico - Sigma - 2.avi,False,False,object_aggregation,binary,0.19755182746666833,False,True
2122528,0021 - Heico - Sigma - 2.avi,False,False,object_aggregation,binary,0.19755182746666833,False,True
2112757,0021 - Heico - Sigma - 2.avi,False,False,object_identification,fo_class,0.19755182746666833,False,True
2112760,0021 - Heico - Sigma - 2.avi,False,False,object_identification,fo_class,0.19755182746666833,False,True
2112823,0021 - Heico - Sigma - 2.avi,False,False,object_identification,fo_class,0.19755182746666833,False,True
2112830,0021 - Heico - Sigma - 2.avi,False,False,object_identification,fo_class,0.19755182746666833,False,True
2123632,0021 - Heico - Sigma - 2.avi,False,False,object_identification,fo_class,0.19755182746666833,False,True
2121510,0021 - Heico - Sigma - 2.avi,False,False,spatial_localization_camera,open_ended,0.19755182746666833,False,True
2114377,0021 - Heico - Sigma - 2.avi,False,False,object_aggregation,number,0.19755182746666833,False,True
2114429,0021 - Heico - Sigma - 2.avi,False,False,object_aggregation,number,0.19755182746666833,False,False
2114474,0021 - Heico - Sigma - 2.avi,False,False,object_aggregation,number,0.19755182746666833,False,True
2115495,0021 - Heico - Sigma - 2.avi,False,False,object_aggregation,number,0.19755182746666833,False,True
2115539,0021 - Heico - Sigma - 2.avi,False,False,object_aggregation,number,0.19755182746666833,False,False
2117542,0021 - Heico - Sigma - 2.avi,False,False,object_aggregation,binary,0.19755182746666833,False,True
2122550,0021 - Heico - Sigma - 2.avi,False,False,object_aggregation,binary,0.19755182746666833,False,True
2112748,0021 - Heico - Sigma - 2.avi,False,False,object_identification,fo_class,0.19755182746666833,False,True
2112765,0021 - Heico - Sigma - 2.avi,False,False,object_identification,fo_class,0.19755182746666833,False,True
2112783,0021 - Heico - Sigma - 2.avi,False,False,object_identification,fo_class,0.19755182746666833,False,True
2112832,0021 - Heico - Sigma - 2.avi,False,False,object_identification,fo_class,0.19755182746666833,False,True
2123637,0021 - Heico - Sigma - 2.avi,False,False,object_identification,fo_class,0.19755182746666833,False,True
2121502,0021 - Heico - Sigma - 2.avi,False,False,spatial_localization_camera,open_ended,0.19755182746666833,False,False
2114430,0021 - Heico - Sigma - 2.avi,False,False,object_aggregation,number,0.19755182746666833,False,True
2114392,0021 - Heico - Sigma - 2.avi,False,False,object_aggregation,number,0.19755182746666833,False,False
2114491,0021 - Heico - Sigma - 2.avi,False,False,object_aggregation,number,0.19755182746666833,False,True
2115542,0021 - Heico - Sigma - 2.avi,False,False,object_aggregation,number,0.19755182746666833,False,False
2115503,0021 - Heico - Sigma - 2.avi,False,False,object_aggregation,number,0.19755182746666833,False,False
2117571,0021 - Heico - Sigma - 2.avi,False,False,object_aggregation,binary,0.210160965059913,False,True
2122539,0021 - Heico - Sigma - 2.avi,False,False,object_aggregation,binary,0.210160965059913,False,True
2112758,0021 - Heico - Sigma - 2.avi,False,False,object_identification,fo_class,0.210160965059913,False,False
2112770,0021 - Heico - Sigma - 2.avi,False,False,object_identification,fo_class,0.210160965059913,False,True
2112820,0021 - Heico - Sigma - 2.avi,False,False,object_identification,fo_class,0.210160965059913,False,True
2112829,0021 - Heico - Sigma - 2.avi,False,False,object_identification,fo_class,0.210160965059913,False,True
2123633,0021 - Heico - Sigma - 2.avi,False,False,object_identification,fo_class,0.210160965059913,False,False
2121508,0021 - Heico - Sigma - 2.avi,False,False,spatial_localization_camera,open_ended,0.210160965059913,False,True
2114435,0021 - Heico - Sigma - 2.avi,False,False,object_aggregation,number,0.210160965059913,False,True
2114425,0021 - Heico - Sigma - 2.avi,False,False,object_aggregation,number,0.210160965059913,False,False
2114503,0021 - Heico - Sigma - 2.avi,False,False,object_aggregation,number,0.210160965059913,False,True
2115492,0021 - Heico - Sigma - 2.avi,False,False,object_aggregation,number,0.210160965059913,False,True
2115545,0021 - Heico - Sigma - 2.avi,False,False,object_aggregation,number,0.210160965059913,False,True
2117580,0021 - Heico - Sigma - 2.avi,False,False,object_aggregation,binary,0.210160965059913,False,True
2122548,0021 - Heico - Sigma - 2.avi,False,False,object_aggregation,binary,0.210160965059913,False,True
2112749,0021 - Heico - Sigma - 2.avi,False,False,object_identification,fo_class,0.210160965059913,False,True
2112759,0021 - Heico - Sigma - 2.avi,False,False,object_identification,fo_class,0.210160965059913,False,False
2112790,0021 - Heico - Sigma - 2.avi,False,False,object_identification,fo_class,0.210160965059913,False,True
2112825,0021 - Heico - Sigma - 2.avi,False,False,object_identification,fo_class,0.210160965059913,False,False
2123627,0021 - Heico - Sigma - 2.avi,False,False,object_identification,fo_class,0.210160965059913,False,True
2121505,0021 - Heico - Sigma - 2.avi,False,False,spatial_localization_camera,open_ended,0.210160965059913,False,True
2114378,0021 - Heico - Sigma - 2.avi,False,False,object_aggregation,number,0.210160965059913,False,True
2114405,0021 - Heico - Sigma - 2.avi,False,False,object_aggregation,number,0.210160965059913,False,True
2114454,0021 - Heico - Sigma - 2.avi,False,False,object_aggregation,number,0.210160965059913,False,True
2115498,0021 - Heico - Sigma - 2.avi,False,False,object_aggregation,number,0.210160965059913,False,True
2115531,0021 - Heico - Sigma - 2.avi,False,False,object_aggregation,number,0.210160965059913,False,False
2117524,0021 - Heico - Sigma - 2.avi,False,False,object_aggregation,binary,0.210160965059913,False,True
2122513,0021 - Heico - Sigma - 2.avi,False,False,object_aggregation,binary,0.210160965059913,False,True
2112752,0021 - Heico - Sigma - 2.avi,False,False,object_identification,fo_class,0.210160965059913,False,True
2112761,0021 - Heico - Sigma - 2.avi,False,False,object_identification,fo_class,0.210160965059913,False,True
2112817,0021 - Heico - Sigma - 2.avi,False,False,object_identification,fo_class,0.210160965059913,False,True
2112834,0021 - Heico - Sigma - 2.avi,False,False,object_identification,fo_class,0.210160965059913,False,True
2123638,0021 - Heico - Sigma - 2.avi,False,False,object_identification,fo_class,0.17796317715692567,False,True
2121507,0021 - Heico - Sigma - 2.avi,False,False,spatial_localization_camera,open_ended,0.17796317715692567,False,False
2114427,0021 - Heico - Sigma - 2.avi,False,False,object_aggregation,number,0.17796317715692567,False,True
2114424,0021 - Heico - Sigma - 2.avi,False,False,object_aggregation,number,0.17796317715692567,False,False
2114492,0021 - Heico - Sigma - 2.avi,False,False,object_aggregation,number,0.17796317715692567,False,True
2115543,0021 - Heico - Sigma - 2.avi,False,False,object_aggregation,number,0.17796317715692567,False,False
2115544,0021 - Heico - Sigma - 2.avi,False,False,object_aggregation,number,0.17796317715692567,False,True
2117574,0021 - Heico - Sigma - 2.avi,False,False,object_aggregation,binary,0.17796317715692567,False,True
2122552,0021 - Heico - Sigma - 2.avi,False,False,object_aggregation,binary,0.17796317715692567,False,True
2112751,0021 - Heico - Sigma - 2.avi,False,False,object_identification,fo_class,0.17796317715692567,False,True
2112766,0021 - Heico - Sigma - 2.avi,False,False,object_identification,fo_class,0.17796317715692567,False,True
2112803,0021 - Heico - Sigma - 2.avi,False,False,object_identification,fo_class,0.17796317715692567,False,True
2112827,0021 - Heico - Sigma - 2.avi,False,False,object_identification,fo_class,0.17796317715692567,False,True
2123640,0021 - Heico - Sigma - 2.avi,False,False,object_identification,fo_class,0.17796317715692567,False,True
2121503,0021 - Heico - Sigma - 2.avi,False,False,spatial_localization_camera,open_ended,0.17796317715692567,False,True
2114433,0021 - Heico - Sigma - 2.avi,False,False,object_aggregation,number,0.17796317715692567,False,True
2114416,0021 - Heico - Sigma - 2.avi,False,False,object_aggregation,number,0.17796317715692567,False,True
2114504,0021 - Heico - Sigma - 2.avi,False,False,object_aggregation,number,0.17796317715692567,False,True
2115484,0021 - Heico - Sigma - 2.avi,False,False,object_aggregation,number,0.17796317715692567,False,True
2115513,0021 - Heico - Sigma - 2.avi,False,False,object_aggregation,number,0.17796317715692567,False,False
2117578,0021 - Heico - Sigma - 2.avi,False,False,object_aggregation,binary,0.17796317715692567,False,True
2122530,0021 - Heico - Sigma - 2.avi,False,False,object_aggregation,binary,0.17796317715692567,False,True
2112750,0021 - Heico - Sigma - 2.avi,False,False,object_identification,fo_class,0.17796317715692567,False,True
2112769,0021 - Heico - Sigma - 2.avi,False,False,object_identification,fo_class,0.17796317715692567,False,True
2112819,0021 - Heico - Sigma - 2.avi,False,False,object_identification,fo_class,0.17796317715692567,False,True
2112833,0021 - Heico - Sigma - 2.avi,False,False,object_identification,fo_class,0.17796317715692567,False,True
2123636,0021 - Heico - Sigma - 2.avi,False,False,object_identification,fo_class,0.17796317715692567,False,True
2121512,0021 - Heico - Sigma - 2.avi,False,False,spatial_localization_camera,open_ended,0.17796317715692567,False,False
2114382,0021 - Heico - Sigma - 2.avi,False,False,object_aggregation,number,0.17796317715692567,False,True
2114422,0021 - Heico - Sigma - 2.avi,False,False,object_aggregation,number,0.17796317715692567,False,True
2114451,0021 - Heico - Sigma - 2.avi,False,False,object_aggregation,number,0.17796317715692567,False,True
2115497,0021 - Heico - Sigma - 2.avi,False,False,object_aggregation,number,0.17796317715692567,False,True
2115538,0021 - Heico - Sigma - 2.avi,False,False,object_aggregation,number,0.17794866196709336,False,False
2117555,0021 - Heico - Sigma - 2.avi,False,False,object_aggregation,binary,0.17794866196709336,False,True
2122547,0021 - Heico - Sigma - 2.avi,False,False,object_aggregation,binary,0.17794866196709336,False,True
2112745,0021 - Heico - Sigma - 2.avi,False,False,object_identification,fo_class,0.17794866196709336,False,True
2112764,0021 - Heico - Sigma - 2.avi,False,False,object_identification,fo_class,0.17794866196709336,False,True
2112815,0021 - Heico - Sigma - 2.avi,False,False,object_identification,fo_class,0.17794866196709336,False,True
2112836,0021 - Heico - Sigma - 2.avi,False,False,object_identification,fo_class,0.17794866196709336,False,True
2123628,0021 - Heico - Sigma - 2.avi,False,False,object_identification,fo_class,0.17794866196709336,False,True
2121511,0021 - Heico - Sigma - 2.avi,False,False,spatial_localization_camera,open_ended,0.17794866196709336,False,True
2114442,0021 - Heico - Sigma - 2.avi,False,False,object_aggregation,number,0.17794866196709336,False,True
2114385,0021 - Heico - Sigma - 2.avi,False,False,object_aggregation,number,0.17794866196709336,False,False
2114495,0021 - Heico - Sigma - 2.avi,False,False,object_aggregation,number,0.17794866196709336,False,True
2115488,0021 - Heico - Sigma - 2.avi,False,False,object_aggregation,number,0.17794866196709336,False,True
2115528,0021 - Heico - Sigma - 2.avi,False,False,object_aggregation,number,0.17794866196709336,False,False
2117572,0021 - Heico - Sigma - 2.avi,False,False,object_aggregation,binary,0.17794866196709336,False,True
2122531,0021 - Heico - Sigma - 2.avi,False,False,object_aggregation,binary,0.17794866196709336,False,True
2112753,0021 - Heico - Sigma - 2.avi,False,False,object_identification,fo_class,0.17794866196709336,False,True
2112763,0021 - Heico - Sigma - 2.avi,False,False,object_identification,fo_class,0.17794866196709336,False,True
2112824,0021 - Heico - Sigma - 2.avi,False,False,object_identification,fo_class,0.17794866196709336,False,False
2112826,0021 - Heico - Sigma - 2.avi,False,False,object_identification,fo_class,0.17794866196709336,False,True
2123630,0021 - Heico - Sigma - 2.avi,False,False,object_identification,fo_class,0.17794866196709336,False,True
2114379,0021 - Heico - Sigma - 2.avi,False,False,object_aggregation,number,0.17794866196709336,False,True
2114423,0021 - Heico - Sigma - 2.avi,False,False,object_aggregation,number,0.17794866196709336,False,False
2114505,0021 - Heico - Sigma - 2.avi,False,False,object_aggregation,number,0.17794866196709336,False,False
2115494,0021 - Heico - Sigma - 2.avi,False,False,object_aggregation,number,0.17794866196709336,False,True
2115540,0021 - Heico - Sigma - 2.avi,False,False,object_aggregation,number,0.17794866196709336,False,False
2117582,0021 - Heico - Sigma - 2.avi,False,False,object_aggregation,binary,0.17794866196709336,False,False
2122551,0021 - Heico - Sigma - 2.avi,False,False,object_aggregation,binary,0.17794866196709336,False,True
2112746,0021 - Heico - Sigma - 2.avi,False,False,object_identification,fo_class,0.17794866196709336,False,True
2112775,0021 - Heico - Sigma - 2.avi,False,False,object_identification,fo_class,0.17794866196709336,False,True
2123634,0021 - Heico - Sigma - 2.avi,False,False,object_identification,fo_class,0.17794866196709336,False,True
2114438,0021 - Heico - Sigma - 2.avi,False,False,object_aggregation,number,0.17794866196709336,False,True
2114395,0021 - Heico - Sigma - 2.avi,False,False,object_aggregation,number,0.15980030809441814,False,False
2114456,0021 - Heico - Sigma - 2.avi,False,False,object_aggregation,number,0.15980030809441814,False,True
2115482,0021 - Heico - Sigma - 2.avi,False,False,object_aggregation,number,0.15980030809441814,False,True
2115529,0021 - Heico - Sigma - 2.avi,False,False,object_aggregation,number,0.15980030809441814,False,True
2117554,0021 - Heico - Sigma - 2.avi,False,False,object_aggregation,binary,0.15980030809441814,False,True
2122536,0021 - Heico - Sigma - 2.avi,False,False,object_aggregation,binary,0.15980030809441814,False,True
2112755,0021 - Heico - Sigma - 2.avi,False,False,object_identification,fo_class,0.15980030809441814,False,True
2112816,0021 - Heico - Sigma - 2.avi,False,False,object_identification,fo_class,0.15980030809441814,False,True
2123639,0021 - Heico - Sigma - 2.avi,False,False,object_identification,fo_class,0.15980030809441814,False,True
2114408,0021 - Heico - Sigma - 2.avi,False,False,object_aggregation,number,0.15980030809441814,False,True
2114414,0021 - Heico - Sigma - 2.avi,False,False,object_aggregation,number,0.15980030809441814,False,False
2114488,0021 - Heico - Sigma - 2.avi,False,False,object_aggregation,number,0.15980030809441814,False,True
2115499,0021 - Heico - Sigma - 2.avi,False,False,object_aggregation,number,0.15980030809441814,False,False
2115523,0021 - Heico - Sigma - 2.avi,False,False,object_aggregation,number,0.15980030809441814,False,True
2117577,0021 - Heico - Sigma - 2.avi,False,False,object_aggregation,binary,0.15980030809441814,False,True
2122519,0021 - Heico - Sigma - 2.avi,False,False,object_aggregation,binary,0.15980030809441814,False,True
2112777,0021 - Heico - Sigma - 2.avi,False,False,object_identification,fo_class,0.15980030809441814,False,True
2114437,0021 - Heico - Sigma - 2.avi,False,False,object_aggregation,number,0.15980030809441814,False,True
2114390,0021 - Heico - Sigma - 2.avi,False,False,object_aggregation,number,0.15980030809441814,False,True
2114501,0021 - Heico - Sigma - 2.avi,False,False,object_aggregation,number,0.15980030809441814,False,False
2115481,0021 - Heico - Sigma - 2.avi,False,False,object_aggregation,number,0.15980030809441814,False,True
2115519,0021 - Heico - Sigma - 2.avi,False,False,object_aggregation,number,0.15980030809441814,False,False
2117589,0021 - Heico - Sigma - 2.avi,False,False,object_aggregation,binary,0.15980030809441814,False,True
2122533,0021 - Heico - Sigma - 2.avi,False,False,object_aggregation,binary,0.15980030809441814,False,True
2112822,0021 - Heico - Sigma - 2.avi,False,False,object_identification,fo_class,0.15980030809441814,False,True
2114380,0021 - Heico - Sigma - 2.avi,False,False,object_aggregation,number,0.15980030809441814,False,True
2114420,0021 - Heico - Sigma - 2.avi,False,False,object_aggregation,number,0.15980030809441814,False,False
2114480,0021 - Heico - Sigma - 2.avi,False,False,object_aggregation,number,0.15980030809441814,False,True
2115496,0021 - Heico - Sigma - 2.avi,False,False,object_aggregation,number,0.15980030809441814,False,False
2115530,0021 - Heico - Sigma - 2.avi,False,False,object_aggregation,number,0.15980030809441814,False,False
2117533,0021 - Heico - Sigma - 2.avi,False,False,object_aggregation,binary,0.15980030809441814,False,True
2122546,0021 - Heico - Sigma - 2.avi,False,False,object_aggregation,binary,0.15980030809441814,False,True
2112781,0021 - Heico - Sigma - 2.avi,False,False,object_identification,fo_class,0.15949983937389334,False,True
2114439,0021 - Heico - Sigma - 2.avi,False,False,object_aggregation,number,0.15949983937389334,False,True
2114396,0021 - Heico - Sigma - 2.avi,False,False,object_aggregation,number,0.15949983937389334,False,True
2114496,0021 - Heico - Sigma - 2.avi,False,False,object_aggregation,number,0.15949983937389334,False,True
2115487,0021 - Heico - Sigma - 2.avi,False,False,object_aggregation,number,0.15949983937389334,False,True
2115521,0021 - Heico - Sigma - 2.avi,False,False,object_aggregation,number,0.15949983937389334,False,True
2117570,0021 - Heico - Sigma - 2.avi,False,False,object_aggregation,binary,0.15949983937389334,False,True
2122514,0021 - Heico - Sigma - 2.avi,False,False,object_aggregation,binary,0.15949983937389334,False,True
2112821,0021 - Heico - Sigma - 2.avi,False,False,object_identification,fo_class,0.15949983937389334,False,True
2114383,0021 - Heico - Sigma - 2.avi,False,False,object_aggregation,number,0.15949983937389334,False,True
2114394,0021 - Heico - Sigma - 2.avi,False,False,object_aggregation,number,0.15949983937389334,False,False
2114508,0021 - Heico - Sigma - 2.avi,False,False,object_aggregation,number,0.15949983937389334,False,True
2115504,0021 - Heico - Sigma - 2.avi,False,False,object_aggregation,number,0.15949983937389334,False,False
2115508,0021 - Heico - Sigma - 2.avi,False,False,object_aggregation,number,0.15949983937389334,False,True
2117581,0021 - Heico - Sigma - 2.avi,False,False,object_aggregation,binary,0.15949983937389334,False,False
2122544,0021 - Heico - Sigma - 2.avi,False,False,object_aggregation,binary,0.15949983937389334,False,True
2112804,0021 - Heico - Sigma - 2.avi,False,False,object_identification,fo_class,0.15949983937389334,False,True
2114434,0021 - Heico - Sigma - 2.avi,False,False,object_aggregation,number,0.15949983937389334,False,True
2114401,0021 - Heico - Sigma - 2.avi,False,False,object_aggregation,number,0.15949983937389334,False,False
2114470,0021 - Heico - Sigma - 2.avi,False,False,object_aggregation,number,0.15949983937389334,False,True
2115489,0021 - Heico - Sigma - 2.avi,False,False,object_aggregation,number,0.15949983937389334,False,True
2115512,0021 - Heico - Sigma - 2.avi,False,False,object_aggregation,number,0.15949983937389334,False,False
2117546,0021 - Heico - Sigma - 2.avi,False,False,object_aggregation,binary,0.15949983937389334,False,False
2122543,0021 - Heico - Sigma - 2.avi,False,False,object_aggregation,binary,0.15949983937389334,False,True
2112807,0021 - Heico - Sigma - 2.avi,False,False,object_identification,fo_class,0.15949983937389334,False,True
2114388,0021 - Heico - Sigma - 2.avi,False,False,object_aggregation,number,0.15949983937389334,False,False
2114413,0021 - Heico - Sigma - 2.avi,False,False,object_aggregation,number,0.15949983937389334,False,False
2114490,0021 - Heico - Sigma - 2.avi,False,False,object_aggregation,number,0.15949983937389334,False,True
2115505,0021 - Heico - Sigma - 2.avi,False,False,object_aggregation,number,0.15949983937389334,False,False
2115527,0021 - Heico - Sigma - 2.avi,False,False,object_aggregation,number,0.15949983937389334,False,False
2117576,0021 - Heico - Sigma - 2.avi,False,False,object_aggregation,binary,0.15949983937389334,False,True
2122527,0021 - Heico - Sigma - 2.avi,False,False,object_aggregation,binary,0.15949983937389334,False,True
2112794,0021 - Heico - Sigma - 2.avi,False,False,object_identification,fo_class,0.15960125071796938,False,True
2114431,0021 - Heico - Sigma - 2.avi,False,False,object_aggregation,number,0.15960125071796938,False,True
2114391,0021 - Heico - Sigma - 2.avi,False,False,object_aggregation,number,0.15960125071796938,False,False
2114507,0021 - Heico - Sigma - 2.avi,False,False,object_aggregation,number,0.15960125071796938,False,True
2115490,0021 - Heico - Sigma - 2.avi,False,False,object_aggregation,number,0.15960125071796938,False,True
2115502,0021 - Heico - Sigma - 2.avi,False,False,object_aggregation,number,0.15960125071796938,False,False
2117583,0021 - Heico - Sigma - 2.avi,False,False,object_aggregation,binary,0.15960125071796938,False,False
2122541,0021 - Heico - Sigma - 2.avi,False,False,object_aggregation,binary,0.15960125071796938,False,True
2112789,0021 - Heico - Sigma - 2.avi,False,False,object_identification,fo_class,0.15960125071796938,False,True
2114381,0021 - Heico - Sigma - 2.avi,False,False,object_aggregation,number,0.15960125071796938,False,True
2114384,0021 - Heico - Sigma - 2.avi,False,False,object_aggregation,number,0.15960125071796938,False,False
2114448,0021 - Heico - Sigma - 2.avi,False,False,object_aggregation,number,0.15960125071796938,False,True
2115516,0021 - Heico - Sigma - 2.avi,False,False,object_aggregation,number,0.15960125071796938,False,False
2115522,0021 - Heico - Sigma - 2.avi,False,False,object_aggregation,number,0.15960125071796938,False,True
2117545,0021 - Heico - Sigma - 2.avi,False,False,object_aggregation,binary,0.15960125071796938,False,True
2122523,0021 - Heico - Sigma - 2.avi,False,False,object_aggregation,binary,0.15960125071796938,False,True
2112776,0021 - Heico - Sigma - 2.avi,False,False,object_identification,fo_class,0.15960125071796938,False,True
2114441,0021 - Heico - Sigma - 2.avi,False,False,object_aggregation,number,0.15960125071796938,False,True
2114410,0021 - Heico - Sigma - 2.avi,False,False,object_aggregation,number,0.15960125071796938,False,False
2114494,0021 - Heico - Sigma - 2.avi,False,False,object_aggregation,number,0.15960125071796938,False,True
2115483,0021 - Heico - Sigma - 2.avi,False,False,object_aggregation,number,0.15960125071796938,False,True
2115517,0021 - Heico - Sigma - 2.avi,False,False,object_aggregation,number,0.15960125071796938,False,False
2117575,0021 - Heico - Sigma - 2.avi,False,False,object_aggregation,binary,0.15960125071796938,False,True
2122518,0021 - Heico - Sigma - 2.avi,False,False,object_aggregation,binary,0.15960125071796938,False,True
2112814,0021 - Heico - Sigma - 2.avi,False,False,object_identification,fo_class,0.15960125071796938,False,True
2114389,0021 - Heico - Sigma - 2.avi,False,False,object_aggregation,number,0.15960125071796938,False,True
2114419,0021 - Heico - Sigma - 2.avi,False,False,object_aggregation,number,0.15960125071796938,False,False
2114506,0021 - Heico - Sigma - 2.avi,False,False,object_aggregation,number,0.15960125071796938,False,True
2115524,0021 - Heico - Sigma - 2.avi,False,False,object_aggregation,number,0.15960125071796938,False,False
2115520,0021 - Heico - Sigma - 2.avi,False,False,object_aggregation,number,0.15960125071796938,False,True
2117587,0021 - Heico - Sigma - 2.avi,False,False,object_aggregation,binary,0.15960125071796938,False,True
2122522,0021 - Heico - Sigma - 2.avi,False,False,object_aggregation,binary,0.15960125071796938,False,True
2112785,0021 - Heico - Sigma - 2.avi,False,False,object_identification,fo_class,0.15946285531390458,False,True
2114440,0021 - Heico - Sigma - 2.avi,False,False,object_aggregation,number,0.15946285531390458,False,True
2114417,0021 - Heico - Sigma - 2.avi,False,False,object_aggregation,number,0.15946285531390458,False,False
2114453,0021 - Heico - Sigma - 2.avi,False,False,object_aggregation,number,0.15946285531390458,False,True
2115486,0021 - Heico - Sigma - 2.avi,False,False,object_aggregation,number,0.15946285531390458,False,True
2115501,0021 - Heico - Sigma - 2.avi,False,False,object_aggregation,number,0.15946285531390458,False,False
2117548,0021 - Heico - Sigma - 2.avi,False,False,object_aggregation,binary,0.15946285531390458,False,True
2122516,0021 - Heico - Sigma - 2.avi,False,False,object_aggregation,binary,0.15946285531390458,False,True
2112810,0021 - Heico - Sigma - 2.avi,False,False,object_identification,fo_class,0.15946285531390458,False,True
2114436,0021 - Heico - Sigma - 2.avi,False,False,object_aggregation,number,0.15946285531390458,False,True
2114403,0021 - Heico - Sigma - 2.avi,False,False,object_aggregation,number,0.15946285531390458,False,False
2114489,0021 - Heico - Sigma - 2.avi,False,False,object_aggregation,number,0.15946285531390458,False,True
2115485,0021 - Heico - Sigma - 2.avi,False,False,object_aggregation,number,0.15946285531390458,False,True
2115536,0021 - Heico - Sigma - 2.avi,False,False,object_aggregation,number,0.15946285531390458,False,False
2117569,0021 - Heico - Sigma - 2.avi,False,False,object_aggregation,binary,0.15946285531390458,False,True
2122538,0021 - Heico - Sigma - 2.avi,False,False,object_aggregation,binary,0.15946285531390458,False,True
2112774,0021 - Heico - Sigma - 2.avi,False,False,object_identification,fo_class,0.15946285531390458,False,True
2114415,0021 - Heico - Sigma - 2.avi,False,False,object_aggregation,number,0.15946285531390458,False,False
2114502,0021 - Heico - Sigma - 2.avi,False,False,object_aggregation,number,0.15946285531390458,False,False
2115500,0021 - Heico - Sigma - 2.avi,False,False,object_aggregation,number,0.15946285531390458,False,False
2117586,0021 - Heico - Sigma - 2.avi,False,False,object_aggregation,binary,0.15946285531390458,False,False
2122521,0021 - Heico - Sigma - 2.avi,False,False,object_aggregation,binary,0.15946285531390458,False,True
2112780,0021 - Heico - Sigma - 2.avi,False,False,object_identification,fo_class,0.15946285531390458,False,True
2114386,0021 - Heico - Sigma - 2.avi,False,False,object_aggregation,number,0.15946285531390458,False,False
2114460,0021 - Heico - Sigma - 2.avi,False,False,object_aggregation,number,0.15946285531390458,False,True
2115535,0021 - Heico - Sigma - 2.avi,False,False,object_aggregation,number,0.15946285531390458,False,False
2117531,0021 - Heico - Sigma - 2.avi,False,False,object_aggregation,binary,0.15946285531390458,False,True
2122537,0021 - Heico - Sigma - 2.avi,False,False,object_aggregation,binary,0.15946285531390458,False,True
2112811,0021 - Heico - Sigma - 2.avi,False,False,object_identification,fo_class,0.15946285531390458,False,True
2114418,0021 - Heico - Sigma - 2.avi,False,False,object_aggregation,number,0.15946285531390458,False,False
2114497,0021 - Heico - Sigma - 2.avi,False,False,object_aggregation,number,0.15946285531390458,False,True
2115511,0021 - Heico - Sigma - 2.avi,False,False,object_aggregation,number,0.15946285531390458,False,False
2117579,0021 - Heico - Sigma - 2.avi,False,False,object_aggregation,binary,0.15946275859460002,False,False
2122520,0021 - Heico - Sigma - 2.avi,False,False,object_aggregation,binary,0.15946275859460002,False,True
2112788,0021 - Heico - Sigma - 2.avi,False,False,object_identification,fo_class,0.15946275859460002,False,True
2114393,0021 - Heico - Sigma - 2.avi,False,False,object_aggregation,number,0.15946275859460002,False,False
2114486,0021 - Heico - Sigma - 2.avi,False,False,object_aggregation,number,0.15946275859460002,False,True
2115509,0021 - Heico - Sigma - 2.avi,False,False,object_aggregation,number,0.15946275859460002,False,False
2117560,0021 - Heico - Sigma - 2.avi,False,False,object_aggregation,binary,0.15946275859460002,False,True
2122517,0021 - Heico - Sigma - 2.avi,False,False,object_aggregation,binary,0.15946275859460002,False,True
2112797,0021 - Heico - Sigma - 2.avi,False,False,object_identification,fo_class,0.15946275859460002,False,True
2114398,0021 - Heico - Sigma - 2.avi,False,False,object_aggregation,number,0.15946275859460002,False,False
2114498,0021 - Heico - Sigma - 2.avi,False,False,object_aggregation,number,0.15946275859460002,False,False
2115518,0021 - Heico - Sigma - 2.avi,False,False,object_aggregation,number,0.15946275859460002,False,False
2117584,0021 - Heico - Sigma - 2.avi,False,False,object_aggregation,binary,0.15946275859460002,False,True
2122545,0021 - Heico - Sigma - 2.avi,False,False,object_aggregation,binary,0.15946275859460002,False,True
2112778,0021 - Heico - Sigma - 2.avi,False,False,object_identification,fo_class,0.15946275859460002,False,True
2114387,0021 - Heico - Sigma - 2.avi,False,False,object_aggregation,number,0.15946275859460002,False,False
2114487,0021 - Heico - Sigma - 2.avi,False,False,object_aggregation,number,0.15946275859460002,False,True
2115525,0021 - Heico - Sigma - 2.avi,False,False,object_aggregation,number,0.15946275859460002,False,True
2117540,0021 - Heico - Sigma - 2.avi,False,False,object_aggregation,binary,0.15946275859460002,False,True
2122524,0021 - Heico - Sigma - 2.avi,False,False,object_aggregation,binary,0.15946275859460002,False,True
2112802,0021 - Heico - Sigma - 2.avi,False,False,object_identification,fo_class,0.15946275859460002,False,True
2114399,0021 - Heico - Sigma - 2.avi,False,False,object_aggregation,number,0.15946275859460002,False,False
2114500,0021 - Heico - Sigma - 2.avi,False,False,object_aggregation,number,0.15946275859460002,False,True
2115533,0021 - Heico - Sigma - 2.avi,False,False,object_aggregation,number,0.15946275859460002,False,False
2117588,0021 - Heico - Sigma - 2.avi,False,False,object_aggregation,binary,0.15946275859460002,False,True
2122540,0021 - Heico - Sigma - 2.avi,False,False,object_aggregation,binary,0.15946275859460002,False,True
2112791,0021 - Heico - Sigma - 2.avi,False,False,object_identification,fo_class,0.15946275859460002,False,True
2114409,0021 - Heico - Sigma - 2.avi,False,False,object_aggregation,number,0.15946275859460002,False,False
2114472,0021 - Heico - Sigma - 2.avi,False,False,object_aggregation,number,0.15946275859460002,False,True
2115506,0021 - Heico - Sigma - 2.avi,False,False,object_aggregation,number,0.15946275859460002,False,False
2117564,0021 - Heico - Sigma - 2.avi,False,False,object_aggregation,binary,0.15946275859460002,False,True
2122535,0021 - Heico - Sigma - 2.avi,False,False,object_aggregation,binary,0.15946275859460002,False,True
2112779,0021 - Heico - Sigma - 2.avi,False,False,object_identification,fo_class,0.15942815096786944,False,True
2114404,0021 - Heico - Sigma - 2.avi,False,False,object_aggregation,number,0.15942815096786944,False,True
2114482,0021 - Heico - Sigma - 2.avi,False,False,object_aggregation,number,0.15942815096786944,False,True
2115507,0021 - Heico - Sigma - 2.avi,False,False,object_aggregation,number,0.15942815096786944,False,False
2117538,0021 - Heico - Sigma - 2.avi,False,False,object_aggregation,binary,0.15942815096786944,False,True
2122526,0021 - Heico - Sigma - 2.avi,False,False,object_aggregation,binary,0.15942815096786944,False,True
2112782,0021 - Heico - Sigma - 2.avi,False,False,object_identification,fo_class,0.15942815096786944,False,True
2114411,0021 - Heico - Sigma - 2.avi,False,False,object_aggregation,number,0.15942815096786944,False,False
2114445,0021 - Heico - Sigma - 2.avi,False,False,object_aggregation,number,0.15942815096786944,False,True
2115537,0021 - Heico - Sigma - 2.avi,False,False,object_aggregation,number,0.15942815096786944,False,False
2117561,0021 - Heico - Sigma - 2.avi,False,False,object_aggregation,binary,0.15942815096786944,False,True
2122515,0021 - Heico - Sigma - 2.avi,False,False,object_aggregation,binary,0.15942815096786944,False,True
2112792,0021 - Heico - Sigma - 2.avi,False,False,object_identification,fo_class,0.15942815096786944,False,True
2114412,0021 - Heico - Sigma - 2.avi,False,False,object_aggregation,number,0.15942815096786944,False,False
2114449,0021 - Heico - Sigma - 2.avi,False,False,object_aggregation,number,0.15942815096786944,False,True
2115532,0021 - Heico - Sigma - 2.avi,False,False,object_aggregation,number,0.15942815096786944,False,True
2117565,0021 - Heico - Sigma - 2.avi,False,False,object_aggregation,binary,0.15942815096786944,False,True
2122534,0021 - Heico - Sigma - 2.avi,False,False,object_aggregation,binary,0.15942815096786944,False,True
2112800,0021 - Heico - Sigma - 2.avi,False,False,object_identification,fo_class,0.15942815096786944,False,True
2114402,0021 - Heico - Sigma - 2.avi,False,False,object_aggregation,number,0.15942815096786944,False,False
2114459,0021 - Heico - Sigma - 2.avi,False,False,object_aggregation,number,0.15942815096786944,False,True
2115534,0021 - Heico - Sigma - 2.avi,False,False,object_aggregation,number,0.15942815096786944,False,False
2117549,0021 - Heico - Sigma - 2.avi,False,False,object_aggregation,binary,0.15942815096786944,False,True
2122542,0021 - Heico - Sigma - 2.avi,False,False,object_aggregation,binary,0.15942815096786944,False,True
2112773,0021 - Heico - Sigma - 2.avi,False,False,object_identification,fo_class,0.15942815096786944,False,True
2114421,0021 - Heico - Sigma - 2.avi,False,False,object_aggregation,number,0.15942815096786944,False,True
2114484,0021 - Heico - Sigma - 2.avi,False,False,object_aggregation,number,0.15942815096786944,False,True
2115526,0021 - Heico - Sigma - 2.avi,False,False,object_aggregation,number,0.15942815096786944,False,False
2117556,0021 - Heico - Sigma - 2.avi,False,False,object_aggregation,binary,0.15942815096786944,False,True
2122529,0021 - Heico - Sigma - 2.avi,False,False,object_aggregation,binary,0.15942815096786944,False,True
2112805,0021 - Heico - Sigma - 2.avi,False,False,object_identification,fo_class,0.15942815096786944,False,True
2114406,0021 - Heico - Sigma - 2.avi,False,False,object_aggregation,number,0.15942815096786944,False,True
2114477,0021 - Heico - Sigma - 2.avi,False,False,object_aggregation,number,0.1594440336266416,False,True
2115514,0021 - Heico - Sigma - 2.avi,False,False,object_aggregation,number,0.1594440336266416,False,False
2117528,0021 - Heico - Sigma - 2.avi,False,False,object_aggregation,binary,0.1594440336266416,False,True
2122532,0021 - Heico - Sigma - 2.avi,False,False,object_aggregation,binary,0.1594440336266416,False,True
2112806,0021 - Heico - Sigma - 2.avi,False,False,object_identification,fo_class,0.1594440336266416,False,True
2114466,0021 - Heico - Sigma - 2.avi,False,False,object_aggregation,number,0.1594440336266416,False,True
2117539,0021 - Heico - Sigma - 2.avi,False,False,object_aggregation,binary,0.1594440336266416,False,True
2112801,0021 - Heico - Sigma - 2.avi,False,False,object_identification,fo_class,0.1594440336266416,False,True
2114478,0021 - Heico - Sigma - 2.avi,False,False,object_aggregation,number,0.1594440336266416,False,True
2117557,0021 - Heico - Sigma - 2.avi,False,False,object_aggregation,binary,0.1594440336266416,False,True
2112786,0021 - Heico - Sigma - 2.avi,False,False,object_identification,fo_class,0.1594440336266416,False,True
2114483,0021 - Heico - Sigma - 2.avi,False,False,object_aggregation,number,0.1594440336266416,False,True
2117553,0021 - Heico - Sigma - 2.avi,False,False,object_aggregation,binary,0.1594440336266416,False,True
2112809,0021 - Heico - Sigma - 2.avi,False,False,object_identification,fo_class,0.1594440336266416,False,True
2114473,0021 - Heico - Sigma - 2.avi,False,False,object_aggregation,number,0.1594440336266416,False,True
2117567,0021 - Heico - Sigma - 2.avi,False,False,object_aggregation,binary,0.1594440336266416,False,True
2112798,0021 - Heico - Sigma - 2.avi,False,False,object_identification,fo_class,0.1594440336266416,False,True
2114455,0021 - Heico - Sigma - 2.avi,False,False,object_aggregation,number,0.1594440336266416,False,True
2117526,0021 - Heico - Sigma - 2.avi,False,False,object_aggregation,binary,0.1594440336266416,False,True
2112784,0021 - Heico - Sigma - 2.avi,False,False,object_identification,fo_class,0.1594440336266416,False,True
2114447,0021 - Heico - Sigma - 2.avi,False,False,object_aggregation,number,0.1594440336266416,False,True
2117544,0021 - Heico - Sigma - 2.avi,False,False,object_aggregation,binary,0.1594440336266416,False,True
2112812,0021 - Heico - Sigma - 2.avi,False,False,object_identification,fo_class,0.1594440336266416,False,True
2114476,0021 - Heico - Sigma - 2.avi,False,False,object_aggregation,number,0.1594440336266416,False,True
2117537,0021 - Heico - Sigma - 2.avi,False,False,object_aggregation,binary,0.1594440336266416,False,True
2112795,0021 - Heico - Sigma - 2.avi,False,False,object_identification,fo_class,0.1594440336266416,False,True
2114469,0021 - Heico - Sigma - 2.avi,False,False,object_aggregation,number,0.1594440336266416,False,True
2117535,0021 - Heico - Sigma - 2.avi,False,False,object_aggregation,binary,0.1594440336266416,False,True
2112772,0021 - Heico - Sigma - 2.avi,False,False,object_identification,fo_class,0.1594440336266416,False,True
2114464,0021 - Heico - Sigma - 2.avi,False,False,object_aggregation,number,0.1594440336266416,False,True
2117529,0021 - Heico - Sigma - 2.avi,False,False,object_aggregation,binary,0.1594440336266416,False,True
2112799,0021 - Heico - Sigma - 2.avi,False,False,object_identification,fo_class,0.1594440336266416,False,True
2114468,0021 - Heico - Sigma - 2.avi,False,False,object_aggregation,number,0.17799547393951798,False,True
2117559,0021 - Heico - Sigma - 2.avi,False,False,object_aggregation,binary,0.17799547393951798,False,True
2112808,0021 - Heico - Sigma - 2.avi,False,False,object_identification,fo_class,0.17799547393951798,False,True
2114481,0021 - Heico - Sigma - 2.avi,False,False,object_aggregation,number,0.17799547393951798,False,True
2117552,0021 - Heico - Sigma - 2.avi,False,False,object_aggregation,binary,0.17799547393951798,False,True
2112796,0021 - Heico - Sigma - 2.avi,False,False,object_identification,fo_class,0.17799547393951798,False,True
2114443,0021 - Heico - Sigma - 2.avi,False,False,object_aggregation,number,0.17799547393951798,False,True
2117550,0021 - Heico - Sigma - 2.avi,False,False,object_aggregation,binary,0.17799547393951798,False,True
2112793,0021 - Heico - Sigma - 2.avi,False,False,object_identification,fo_class,0.17799547393951798,False,True
2114475,0021 - Heico - Sigma - 2.avi,False,False,object_aggregation,number,0.17799547393951798,False,True
2117536,0021 - Heico - Sigma - 2.avi,False,False,object_aggregation,binary,0.17799547393951798,False,True
2112787,0021 - Heico - Sigma - 2.avi,False,False,object_identification,fo_class,0.17799547393951798,False,True
2114446,0021 - Heico - Sigma - 2.avi,False,False,object_aggregation,number,0.17799547393951798,False,True
2117551,0021 - Heico - Sigma - 2.avi,False,False,object_aggregation,binary,0.17799547393951798,False,True
2114461,0021 - Heico - Sigma - 2.avi,False,False,object_aggregation,number,0.17799547393951798,False,True
2117532,0021 - Heico - Sigma - 2.avi,False,False,object_aggregation,binary,0.17799547393951798,False,True
2137873,0022 - Heico - Sigma - 3.avi,False,False,object_identification,fo_class,0.17799547393951798,False,True
2148146,0022 - Heico - Sigma - 3.avi,False,False,object_identification,fo_class,0.17799547393951798,False,True
2148372,0022 - Heico - Sigma - 3.avi,False,False,object_identification,fo_class,0.17799547393951798,False,True
2148236,0022 - Heico - Sigma - 3.avi,False,False,object_identification,fo_class,0.17799547393951798,False,True
2150169,0022 - Heico - Sigma - 3.avi,False,False,object_identification,fo_class,0.17799547393951798,False,True
2150372,0022 - Heico - Sigma - 3.avi,False,False,object_identification,fo_class,0.17799547393951798,False,False
2150299,0022 - Heico - Sigma - 3.avi,False,False,object_identification,fo_class,0.17799547393951798,False,False
2150301,0022 - Heico - Sigma - 3.avi,False,False,object_identification,fo_class,0.17799547393951798,False,False
2184009,0022 - Heico - Sigma - 3.avi,False,False,object_identification,fo_class,0.17799547393951798,False,False
2184086,0022 - Heico - Sigma - 3.avi,False,False,object_identification,fo_class,0.17799547393951798,False,True
2184354,0022 - Heico - Sigma - 3.avi,False,False,object_identification,fo_class,0.17799547393951798,False,True
2177087,0022 - Heico - Sigma - 3.avi,False,False,spatial_localization_camera,open_ended,0.17799547393951798,False,True
2196889,0022 - Heico - Sigma - 3.avi,False,False,spatial_localization_camera,fo_class,0.17799547393951798,False,False
2196899,0022 - Heico - Sigma - 3.avi,False,False,spatial_localization_camera,fo_class,0.17799547393951798,False,True
2204223,0022 - Heico - Sigma - 3.avi,False,False,spatial_localization_camera,multiple_choice,0.17799547393951798,False,True
2204216,0022 - Heico - Sigma - 3.avi,False,False,spatial_localization_camera,multiple_choice,0.17799547393951798,False,True
2204225,0022 - Heico - Sigma - 3.avi,False,False,spatial_localization_camera,multiple_choice,0.17798889312325628,False,True
2681488,0022 - Heico - Sigma - 3.avi,False,False,spatial_localization_camera,open_ended,0.17798889312325628,False,False
2681481,0022 - Heico - Sigma - 3.avi,False,False,spatial_localization_situs,open_ended,0.17798889312325628,False,False
2681987,0022 - Heico - Sigma - 3.avi,False,False,spatial_localization_situs,open_ended,0.17798889312325628,False,False
2156481,0022 - Heico - Sigma - 3.avi,False,False,object_aggregation,number,0.17798889312325628,False,True
2156741,0022 - Heico - Sigma - 3.avi,False,False,object_aggregation,number,0.17798889312325628,False,False
2156533,0022 - Heico - Sigma - 3.avi,False,False,object_aggregation,number,0.17798889312325628,False,False
2156541,0022 - Heico - Sigma - 3.avi,False,False,object_aggregation,number,0.17798889312325628,False,False
2156880,0022 - Heico - Sigma - 3.avi,False,False,object_aggregation,number,0.17798889312325628,False,False
2156929,0022 - Heico - Sigma - 3.avi,False,False,object_aggregation,number,0.17798889312325628,False,True
2157240,0022 - Heico - Sigma - 3.avi,False,False,object_aggregation,number,0.17798889312325628,False,False
2159124,0022 - Heico - Sigma - 3.avi,False,False,object_aggregation,number,0.17798889312325628,False,False
2159147,0022 - Heico - Sigma - 3.avi,False,False,object_aggregation,number,0.17798889312325628,False,True
2159005,0022 - Heico - Sigma - 3.avi,False,False,object_aggregation,number,0.17798889312325628,False,False
2159011,0022 - Heico - Sigma - 3.avi,False,False,object_aggregation,number,0.17798889312325628,False,False
2159404,0022 - Heico - Sigma - 3.avi,False,False,object_aggregation,number,0.17798889312325628,False,False
2165294,0022 - Heico - Sigma - 3.avi,False,False,object_aggregation,binary,0.17798889312325628,False,True
2165464,0022 - Heico - Sigma - 3.avi,False,False,object_aggregation,binary,0.17798889312325628,False,True
2178604,0022 - Heico - Sigma - 3.avi,False,False,object_aggregation,binary,0.17798889312325628,False,False
2178565,0022 - Heico - Sigma - 3.avi,False,False,object_aggregation,binary,0.17798889312325628,False,True
2138004,0022 - Heico - Sigma - 3.avi,False,False,object_identification,fo_class,0.17798889312325628,False,True
2148459,0022 - Heico - Sigma - 3.avi,False,False,object_identification,fo_class,0.17798889312325628,False,False
2148475,0022 - Heico - Sigma - 3.avi,False,False,object_identification,fo_class,0.17798889312325628,False,True
2148455,0022 - Heico - Sigma - 3.avi,False,False,object_identification,fo_class,0.17798889312325628,False,False
2150046,0022 - Heico - Sigma - 3.avi,False,False,object_identification,fo_class,0.17798889312325628,False,True
2150393,0022 - Heico - Sigma - 3.avi,False,False,object_identification,fo_class,0.17798889312325628,False,False
2150040,0022 - Heico - Sigma - 3.avi,False,False,object_identification,fo_class,0.17798889312325628,False,True
2150260,0022 - Heico - Sigma - 3.avi,False,False,object_identification,fo_class,0.17798889312325628,False,True
2184458,0022 - Heico - Sigma - 3.avi,False,False,object_identification,fo_class,0.17798889312325628,False,True
2184431,0022 - Heico - Sigma - 3.avi,False,False,object_identification,fo_class,0.17798889312325628,False,False
2184410,0022 - Heico - Sigma - 3.avi,False,False,object_identification,fo_class,0.17798889312325628,False,True
2177196,0022 - Heico - Sigma - 3.avi,False,False,spatial_localization_camera,open_ended,0.17798889312325628,False,True
2196910,0022 - Heico - Sigma - 3.avi,False,False,spatial_localization_camera,fo_class,0.16473361750104232,False,True
2196903,0022 - Heico - Sigma - 3.avi,False,False,spatial_localization_camera,fo_class,0.16473361750104232,False,False
2204220,0022 - Heico - Sigma - 3.avi,False,False,spatial_localization_camera,multiple_choice,0.16473361750104232,False,True
2204215,0022 - Heico - Sigma - 3.avi,False,False,spatial_localization_camera,multiple_choice,0.16473361750104232,False,True
2204218,0022 - Heico - Sigma - 3.avi,False,False,spatial_localization_camera,multiple_choice,0.16473361750104232,False,True
2681485,0022 - Heico - Sigma - 3.avi,False,False,spatial_localization_situs,open_ended,0.16473361750104232,False,True
2681988,0022 - Heico - Sigma - 3.avi,False,False,spatial_localization_situs,open_ended,0.16473361750104232,False,True
2156575,0022 - Heico - Sigma - 3.avi,False,False,object_aggregation,number,0.16473361750104232,False,True
2156491,0022 - Heico - Sigma - 3.avi,False,False,object_aggregation,number,0.16473361750104232,False,False
2156498,0022 - Heico - Sigma - 3.avi,False,False,object_aggregation,number,0.16473361750104232,False,True
2156446,0022 - Heico - Sigma - 3.avi,False,False,object_aggregation,number,0.16473361750104232,False,True
2156623,0022 - Heico - Sigma - 3.avi,False,False,object_aggregation,number,0.16473361750104232,False,False
2157276,0022 - Heico - Sigma - 3.avi,False,False,object_aggregation,number,0.16473361750104232,False,True
2157280,0022 - Heico - Sigma - 3.avi,False,False,object_aggregation,number,0.16473361750104232,False,False
2158784,0022 - Heico - Sigma - 3.avi,False,False,object_aggregation,number,0.16473361750104232,False,True
2159154,0022 - Heico - Sigma - 3.avi,False,False,object_aggregation,number,0.16473361750104232,False,False
2159418,0022 - Heico - Sigma - 3.avi,False,False,object_aggregation,number,0.16473361750104232,False,True
2159373,0022 - Heico - Sigma - 3.avi,False,False,object_aggregation,number,0.16473361750104232,False,True
2159423,0022 - Heico - Sigma - 3.avi,False,False,object_aggregation,number,0.16473361750104232,False,False
2164924,0022 - Heico - Sigma - 3.avi,False,False,object_aggregation,binary,0.16473361750104232,False,True
2165665,0022 - Heico - Sigma - 3.avi,False,False,object_aggregation,binary,0.16473361750104232,False,False
2178721,0022 - Heico - Sigma - 3.avi,False,False,object_aggregation,binary,0.16473361750104232,False,False
2178810,0022 - Heico - Sigma - 3.avi,False,False,object_aggregation,binary,0.16473361750104232,False,True
2138018,0022 - Heico - Sigma - 3.avi,False,False,object_identification,fo_class,0.16473361750104232,False,True
2148201,0022 - Heico - Sigma - 3.avi,False,False,object_identification,fo_class,0.16473361750104232,False,True
2148184,0022 - Heico - Sigma - 3.avi,False,False,object_identification,fo_class,0.16473361750104232,False,True
2148501,0022 - Heico - Sigma - 3.avi,False,False,object_identification,fo_class,0.16473361750104232,False,True
2150184,0022 - Heico - Sigma - 3.avi,False,False,object_identification,fo_class,0.16473361750104232,False,True
2150371,0022 - Heico - Sigma - 3.avi,False,False,object_identification,fo_class,0.16473361750104232,False,True
2150503,0022 - Heico - Sigma - 3.avi,False,False,object_identification,fo_class,0.16473361750104232,False,True
2150063,0022 - Heico - Sigma - 3.avi,False,False,object_identification,fo_class,0.16473361750104232,False,False
2184232,0022 - Heico - Sigma - 3.avi,False,False,object_identification,fo_class,0.16473361750104232,False,True
2184034,0022 - Heico - Sigma - 3.avi,False,False,object_identification,fo_class,0.17800354403152596,False,True
2184038,0022 - Heico - Sigma - 3.avi,False,False,object_identification,fo_class,0.17800354403152596,False,False
2177378,0022 - Heico - Sigma - 3.avi,False,False,spatial_localization_camera,open_ended,0.17800354403152596,False,True
2196933,0022 - Heico - Sigma - 3.avi,False,False,spatial_localization_camera,fo_class,0.17800354403152596,False,True
2196919,0022 - Heico - Sigma - 3.avi,False,False,spatial_localization_camera,fo_class,0.17800354403152596,False,True
2204217,0022 - Heico - Sigma - 3.avi,False,False,spatial_localization_camera,multiple_choice,0.17800354403152596,False,True
2681989,0022 - Heico - Sigma - 3.avi,False,False,spatial_localization_situs,open_ended,0.17800354403152596,False,False
2156823,0022 - Heico - Sigma - 3.avi,False,False,object_aggregation,number,0.17800354403152596,False,True
2156684,0022 - Heico - Sigma - 3.avi,False,False,object_aggregation,number,0.17800354403152596,False,False
2156777,0022 - Heico - Sigma - 3.avi,False,False,object_aggregation,number,0.17800354403152596,False,False
2156530,0022 - Heico - Sigma - 3.avi,False,False,object_aggregation,number,0.17800354403152596,False,False
2157319,0022 - Heico - Sigma - 3.avi,False,False,object_aggregation,number,0.17800354403152596,False,True
2157361,0022 - Heico - Sigma - 3.avi,False,False,object_aggregation,number,0.17800354403152596,False,True
2158823,0022 - Heico - Sigma - 3.avi,False,False,object_aggregation,number,0.17800354403152596,False,True
2159338,0022 - Heico - Sigma - 3.avi,False,False,object_aggregation,number,0.17800354403152596,False,False
2159004,0022 - Heico - Sigma - 3.avi,False,False,object_aggregation,number,0.17800354403152596,False,False
2159027,0022 - Heico - Sigma - 3.avi,False,False,object_aggregation,number,0.17800354403152596,False,False
2159409,0022 - Heico - Sigma - 3.avi,False,False,object_aggregation,number,0.17800354403152596,False,False
2165689,0022 - Heico - Sigma - 3.avi,False,False,object_aggregation,binary,0.17800354403152596,False,True
2165637,0022 - Heico - Sigma - 3.avi,False,False,object_aggregation,binary,0.17800354403152596,False,False
2178740,0022 - Heico - Sigma - 3.avi,False,False,object_aggregation,binary,0.17800354403152596,False,True
2178971,0022 - Heico - Sigma - 3.avi,False,False,object_aggregation,binary,0.17800354403152596,False,True
2138165,0022 - Heico - Sigma - 3.avi,False,False,object_identification,fo_class,0.17800354403152596,False,True
2148440,0022 - Heico - Sigma - 3.avi,False,False,object_identification,fo_class,0.17800354403152596,False,True
2148308,0022 - Heico - Sigma - 3.avi,False,False,object_identification,fo_class,0.17800354403152596,False,True
2148465,0022 - Heico - Sigma - 3.avi,False,False,object_identification,fo_class,0.17800354403152596,False,True
2150408,0022 - Heico - Sigma - 3.avi,False,False,object_identification,fo_class,0.17800354403152596,False,True
2150466,0022 - Heico - Sigma - 3.avi,False,False,object_identification,fo_class,0.17800354403152596,False,True
2150356,0022 - Heico - Sigma - 3.avi,False,False,object_identification,fo_class,0.17800354403152596,False,True
2150437,0022 - Heico - Sigma - 3.avi,False,False,object_identification,fo_class,0.17800354403152596,False,False
2184172,0022 - Heico - Sigma - 3.avi,False,False,object_identification,fo_class,0.17800354403152596,False,True
2184152,0022 - Heico - Sigma - 3.avi,False,False,object_identification,fo_class,0.17800354403152596,False,True
2184467,0022 - Heico - Sigma - 3.avi,False,False,object_identification,fo_class,0.17803117068615393,False,True
2177496,0022 - Heico - Sigma - 3.avi,False,False,spatial_localization_camera,open_ended,0.17803117068615393,False,True
2196943,0022 - Heico - Sigma - 3.avi,False,False,spatial_localization_camera,fo_class,0.17803117068615393,False,True
2196978,0022 - Heico - Sigma - 3.avi,False,False,spatial_localization_camera,fo_class,0.17803117068615393,False,True
2204224,0022 - Heico - Sigma - 3.avi,False,False,spatial_localization_camera,multiple_choice,0.17803117068615393,False,True
2681995,0022 - Heico - Sigma - 3.avi,False,False,spatial_localization_situs,open_ended,0.17803117068615393,False,True
2156427,0022 - Heico - Sigma - 3.avi,False,False,object_aggregation,number,0.17803117068615393,False,True
2156536,0022 - Heico - Sigma - 3.avi,False,False,object_aggregation,number,0.17803117068615393,False,False
2156773,0022 - Heico - Sigma - 3.avi,False,False,object_aggregation,number,0.17803117068615393,False,False
2156557,0022 - Heico - Sigma - 3.avi,False,False,object_aggregation,number,0.17803117068615393,False,False
2157315,0022 - Heico - Sigma - 3.avi,False,False,object_aggregation,number,0.17803117068615393,False,True
2157193,0022 - Heico - Sigma - 3.avi,False,False,object_aggregation,number,0.17803117068615393,False,False
2159214,0022 - Heico - Sigma - 3.avi,False,False,object_aggregation,number,0.17803117068615393,False,True
2158519,0022 - Heico - Sigma - 3.avi,False,False,object_aggregation,number,0.17803117068615393,False,True
2159358,0022 - Heico - Sigma - 3.avi,False,False,object_aggregation,number,0.17803117068615393,False,True
2159412,0022 - Heico - Sigma - 3.avi,False,False,object_aggregation,number,0.17803117068615393,False,False
2159422,0022 - Heico - Sigma - 3.avi,False,False,object_aggregation,number,0.17803117068615393,False,False
2164809,0022 - Heico - Sigma - 3.avi,False,False,object_aggregation,binary,0.17803117068615393,False,True
2165687,0022 - Heico - Sigma - 3.avi,False,False,object_aggregation,binary,0.17803117068615393,False,True
2178970,0022 - Heico - Sigma - 3.avi,False,False,object_aggregation,binary,0.17803117068615393,False,False
2178591,0022 - Heico - Sigma - 3.avi,False,False,object_aggregation,binary,0.17803117068615393,False,True
2138195,0022 - Heico - Sigma - 3.avi,False,False,object_identification,fo_class,0.17803117068615393,False,True
2148030,0022 - Heico - Sigma - 3.avi,False,False,object_identification,fo_class,0.17803117068615393,False,True
2148217,0022 - Heico - Sigma - 3.avi,False,False,object_identification,fo_class,0.17803117068615393,False,True
2148365,0022 - Heico - Sigma - 3.avi,False,False,object_identification,fo_class,0.17803117068615393,False,True
2150183,0022 - Heico - Sigma - 3.avi,False,False,object_identification,fo_class,0.17803117068615393,False,True
2150350,0022 - Heico - Sigma - 3.avi,False,False,object_identification,fo_class,0.17803117068615393,False,True
2150252,0022 - Heico - Sigma - 3.avi,False,False,object_identification,fo_class,0.17803117068615393,False,True
2150285,0022 - Heico - Sigma - 3.avi,False,False,object_identification,fo_class,0.17803117068615393,False,False
2184229,0022 - Heico - Sigma - 3.avi,False,False,object_identification,fo_class,0.17803117068615393,False,True
2184269,0022 - Heico - Sigma - 3.avi,False,False,object_identification,fo_class,0.17803117068615393,False,True
2184042,0022 - Heico - Sigma - 3.avi,False,False,object_identification,fo_class,0.17803117068615393,False,False
2177388,0022 - Heico - Sigma - 3.avi,False,False,spatial_localization_camera,open_ended,0.1779554008753621,False,True
2196982,0022 - Heico - Sigma - 3.avi,False,False,spatial_localization_camera,fo_class,0.1779554008753621,False,True
2196904,0022 - Heico - Sigma - 3.avi,False,False,spatial_localization_camera,fo_class,0.1779554008753621,False,True
2204221,0022 - Heico - Sigma - 3.avi,False,False,spatial_localization_camera,multiple_choice,0.1779554008753621,False,True
2681998,0022 - Heico - Sigma - 3.avi,False,False,spatial_localization_situs,open_ended,0.1779554008753621,False,False
2156646,0022 - Heico - Sigma - 3.avi,False,False,object_aggregation,number,0.1779554008753621,False,True
2156749,0022 - Heico - Sigma - 3.avi,False,False,object_aggregation,number,0.1779554008753621,False,False
2156780,0022 - Heico - Sigma - 3.avi,False,False,object_aggregation,number,0.1779554008753621,False,False
2156537,0022 - Heico - Sigma - 3.avi,False,False,object_aggregation,number,0.1779554008753621,False,False
2157380,0022 - Heico - Sigma - 3.avi,False,False,object_aggregation,number,0.1779554008753621,False,True
2157201,0022 - Heico - Sigma - 3.avi,False,False,object_aggregation,number,0.1779554008753621,False,False
2159245,0022 - Heico - Sigma - 3.avi,False,False,object_aggregation,number,0.1779554008753621,False,False
2159019,0022 - Heico - Sigma - 3.avi,False,False,object_aggregation,number,0.1779554008753621,False,False
2159025,0022 - Heico - Sigma - 3.avi,False,False,object_aggregation,number,0.1779554008753621,False,False
2159026,0022 - Heico - Sigma - 3.avi,False,False,object_aggregation,number,0.1779554008753621,False,False
2164973,0022 - Heico - Sigma - 3.avi,False,False,object_aggregation,binary,0.1779554008753621,False,True
2165418,0022 - Heico - Sigma - 3.avi,False,False,object_aggregation,binary,0.1779554008753621,False,False
2178973,0022 - Heico - Sigma - 3.avi,False,False,object_aggregation,binary,0.1779554008753621,False,False
2178823,0022 - Heico - Sigma - 3.avi,False,False,object_aggregation,binary,0.1779554008753621,False,True
2137872,0022 - Heico - Sigma - 3.avi,False,False,object_identification,fo_class,0.1779554008753621,False,True
2148218,0022 - Heico - Sigma - 3.avi,False,False,object_identification,fo_class,0.1779554008753621,False,True
2148047,0022 - Heico - Sigma - 3.avi,False,False,object_identification,fo_class,0.1779554008753621,False,True
2148199,0022 - Heico - Sigma - 3.avi,False,False,object_identification,fo_class,0.1779554008753621,False,False
2150006,0022 - Heico - Sigma - 3.avi,False,False,object_identification,fo_class,0.1779554008753621,False,True
2150497,0022 - Heico - Sigma - 3.avi,False,False,object_identification,fo_class,0.1779554008753621,False,True
2150159,0022 - Heico - Sigma - 3.avi,False,False,object_identification,fo_class,0.1779554008753621,False,True
2150262,0022 - Heico - Sigma - 3.avi,False,False,object_identification,fo_class,0.1779554008753621,False,False
2184348,0022 - Heico - Sigma - 3.avi,False,False,object_identification,fo_class,0.1779554008753621,False,True
2184336,0022 - Heico - Sigma - 3.avi,False,False,object_identification,fo_class,0.1779554008753621,False,True
2184297,0022 - Heico - Sigma - 3.avi,False,False,object_identification,fo_class,0.1779554008753621,False,True
2177347,0022 - Heico - Sigma - 3.avi,False,False,spatial_localization_camera,open_ended,0.1779554008753621,False,True
2196895,0022 - Heico - Sigma - 3.avi,False,False,spatial_localization_camera,fo_class,0.1779554008753621,False,False
2196975,0022 - Heico - Sigma - 3.avi,False,False,spatial_localization_camera,fo_class,0.17798204884093138,False,False
2204222,0022 - Heico - Sigma - 3.avi,False,False,spatial_localization_camera,multiple_choice,0.17798204884093138,False,True
2681990,0022 - Heico - Sigma - 3.avi,False,False,spatial_localization_situs,open_ended,0.17798204884093138,False,False
2156412,0022 - Heico - Sigma - 3.avi,False,False,object_aggregation,number,0.17798204884093138,False,False
2156566,0022 - Heico - Sigma - 3.avi,False,False,object_aggregation,number,0.17798204884093138,False,False
2156441,0022 - Heico - Sigma - 3.avi,False,False,object_aggregation,number,0.17798204884093138,False,True
2156999,0022 - Heico - Sigma - 3.avi,False,False,object_aggregation,number,0.17798204884093138,False,True
2157015,0022 - Heico - Sigma - 3.avi,False,False,object_aggregation,number,0.17798204884093138,False,False
2158521,0022 - Heico - Sigma - 3.avi,False,False,object_aggregation,number,0.17798204884093138,False,True
2159153,0022 - Heico - Sigma - 3.avi,False,False,object_aggregation,number,0.17798204884093138,False,True
2159421,0022 - Heico - Sigma - 3.avi,False,False,object_aggregation,number,0.17798204884093138,False,False
2159400,0022 - Heico - Sigma - 3.avi,False,False,object_aggregation,number,0.17798204884093138,False,False
2165044,0022 - Heico - Sigma - 3.avi,False,False,object_aggregation,binary,0.17798204884093138,False,True
2165413,0022 - Heico - Sigma - 3.avi,False,False,object_aggregation,binary,0.17798204884093138,False,True
2178572,0022 - Heico - Sigma - 3.avi,False,False,object_aggregation,binary,0.17798204884093138,False,False
2178972,0022 - Heico - Sigma - 3.avi,False,False,object_aggregation,binary,0.17798204884093138,False,True
2137995,0022 - Heico - Sigma - 3.avi,False,False,object_identification,fo_class,0.17798204884093138,False,True
2148458,0022 - Heico - Sigma - 3.avi,False,False,object_identification,fo_class,0.17798204884093138,False,True
2148379,0022 - Heico - Sigma - 3.avi,False,False,object_identification,fo_class,0.17798204884093138,False,True
2148096,0022 - Heico - Sigma - 3.avi,False,False,object_identification,fo_class,0.17798204884093138,False,False
2150017,0022 - Heico - Sigma - 3.avi,False,False,object_identification,fo_class,0.17798204884093138,False,True
2150177,0022 - Heico - Sigma - 3.avi,False,False,object_identification,fo_class,0.17798204884093138,False,True
2150055,0022 - Heico - Sigma - 3.avi,False,False,object_identification,fo_class,0.17798204884093138,False,True
2150254,0022 - Heico - Sigma - 3.avi,False,False,object_identification,fo_class,0.17798204884093138,False,False
2184111,0022 - Heico - Sigma - 3.avi,False,False,object_identification,fo_class,0.17798204884093138,False,True
2184211,0022 - Heico - Sigma - 3.avi,False,False,object_identification,fo_class,0.17798204884093138,False,True
2184180,0022 - Heico - Sigma - 3.avi,False,False,object_identification,fo_class,0.17798204884093138,False,True
2177479,0022 - Heico - Sigma - 3.avi,False,False,spatial_localization_camera,open_ended,0.17798204884093138,False,False
2196906,0022 - Heico - Sigma - 3.avi,False,False,spatial_localization_camera,fo_class,0.17798204884093138,False,True
2196980,0022 - Heico - Sigma - 3.avi,False,False,spatial_localization_camera,fo_class,0.17798204884093138,False,False
2204219,0022 - Heico - Sigma - 3.avi,False,False,spatial_localization_camera,multiple_choice,0.17798204884093138,False,True
2681992,0022 - Heico - Sigma - 3.avi,False,False,spatial_localization_situs,open_ended,0.17798204884093138,False,False
2156816,0022 - Heico - Sigma - 3.avi,False,False,object_aggregation,number,0.1793847310327692,False,True
2156762,0022 - Heico - Sigma - 3.avi,False,False,object_aggregation,number,0.1793847310327692,False,False
2156505,0022 - Heico - Sigma - 3.avi,False,False,object_aggregation,number,0.1793847310327692,False,False
2157114,0022 - Heico - Sigma - 3.avi,False,False,object_aggregation,number,0.1793847310327692,False,True
2157120,0022 - Heico - Sigma - 3.avi,False,False,object_aggregation,number,0.1793847310327692,False,True
2158740,0022 - Heico - Sigma - 3.avi,False,False,object_aggregation,number,0.1793847310327692,False,True
2159353,0022 - Heico - Sigma - 3.avi,False,False,object_aggregation,number,0.1793847310327692,False,True
2159006,0022 - Heico - Sigma - 3.avi,False,False,object_aggregation,number,0.1793847310327692,False,True
2159021,0022 - Heico - Sigma - 3.avi,False,False,object_aggregation,number,0.1793847310327692,False,True
2164736,0022 - Heico - Sigma - 3.avi,False,False,object_aggregation,binary,0.1793847310327692,False,True
2165532,0022 - Heico - Sigma - 3.avi,False,False,object_aggregation,binary,0.1793847310327692,False,True
2178730,0022 - Heico - Sigma - 3.avi,False,False,object_aggregation,binary,0.1793847310327692,False,False
2178570,0022 - Heico - Sigma - 3.avi,False,False,object_aggregation,binary,0.1793847310327692,False,True
2138057,0022 - Heico - Sigma - 3.avi,False,False,object_identification,fo_class,0.1793847310327692,False,True
2148180,0022 - Heico - Sigma - 3.avi,False,False,object_identification,fo_class,0.1793847310327692,False,True
2148168,0022 - Heico - Sigma - 3.avi,False,False,object_identification,fo_class,0.1793847310327692,False,True
2148256,0022 - Heico - Sigma - 3.avi,False,False,object_identification,fo_class,0.1793847310327692,False,True
2150188,0022 - Heico - Sigma - 3.avi,False,False,object_identification,fo_class,0.1793847310327692,False,True
2150405,0022 - Heico - Sigma - 3.avi,False,False,object_identification,fo_class,0.1793847310327692,False,False
2150465,0022 - Heico - Sigma - 3.avi,False,False,object_identification,fo_class,0.1793847310327692,False,True
2150392,0022 - Heico - Sigma - 3.avi,False,False,object_identification,fo_class,0.1793847310327692,False,True
2184238,0022 - Heico - Sigma - 3.avi,False,False,object_identification,fo_class,0.1793847310327692,False,True
2184079,0022 - Heico - Sigma - 3.avi,False,False,object_identification,fo_class,0.1793847310327692,False,False
2184374,0022 - Heico - Sigma - 3.avi,False,False,object_identification,fo_class,0.1793847310327692,False,True
2177273,0022 - Heico - Sigma - 3.avi,False,False,spatial_localization_camera,open_ended,0.1793847310327692,False,True
2196931,0022 - Heico - Sigma - 3.avi,False,False,spatial_localization_camera,fo_class,0.1793847310327692,False,True
2196979,0022 - Heico - Sigma - 3.avi,False,False,spatial_localization_camera,fo_class,0.1793847310327692,False,False
2681997,0022 - Heico - Sigma - 3.avi,False,False,spatial_localization_situs,open_ended,0.1793847310327692,False,True
2156431,0022 - Heico - Sigma - 3.avi,False,False,object_aggregation,number,0.1793847310327692,False,True
2156430,0022 - Heico - Sigma - 3.avi,False,False,object_aggregation,number,0.1793847310327692,False,False
2156579,0022 - Heico - Sigma - 3.avi,False,False,object_aggregation,number,0.1793847310327692,False,True
2157344,0022 - Heico - Sigma - 3.avi,False,False,object_aggregation,number,0.1793847310327692,False,True
2157272,0022 - Heico - Sigma - 3.avi,False,False,object_aggregation,number,0.178016149719042,False,False
2158957,0022 - Heico - Sigma - 3.avi,False,False,object_aggregation,number,0.178016149719042,False,True
2159151,0022 - Heico - Sigma - 3.avi,False,False,object_aggregation,number,0.178016149719042,False,True
2159419,0022 - Heico - Sigma - 3.avi,False,False,object_aggregation,number,0.178016149719042,False,True
2159377,0022 - Heico - Sigma - 3.avi,False,False,object_aggregation,number,0.178016149719042,False,True
2164786,0022 - Heico - Sigma - 3.avi,False,False,object_aggregation,binary,0.178016149719042,False,True
2165267,0022 - Heico - Sigma - 3.avi,False,False,object_aggregation,binary,0.178016149719042,False,True
2178753,0022 - Heico - Sigma - 3.avi,False,False,object_aggregation,binary,0.178016149719042,False,True
2178838,0022 - Heico - Sigma - 3.avi,False,False,object_aggregation,binary,0.178016149719042,False,True
2138180,0022 - Heico - Sigma - 3.avi,False,False,object_identification,fo_class,0.178016149719042,False,True
2148143,0022 - Heico - Sigma - 3.avi,False,False,object_identification,fo_class,0.178016149719042,False,True
2148007,0022 - Heico - Sigma - 3.avi,False,False,object_identification,fo_class,0.178016149719042,False,True
2148456,0022 - Heico - Sigma - 3.avi,False,False,object_identification,fo_class,0.178016149719042,False,True
2150019,0022 - Heico - Sigma - 3.avi,False,False,object_identification,fo_class,0.178016149719042,False,True
2150322,0022 - Heico - Sigma - 3.avi,False,False,object_identification,fo_class,0.178016149719042,False,False
2150481,0022 - Heico - Sigma - 3.avi,False,False,object_identification,fo_class,0.178016149719042,False,True
2150430,0022 - Heico - Sigma - 3.avi,False,False,object_identification,fo_class,0.178016149719042,False,True
2184478,0022 - Heico - Sigma - 3.avi,False,False,object_identification,fo_class,0.178016149719042,False,True
2184066,0022 - Heico - Sigma - 3.avi,False,False,object_identification,fo_class,0.178016149719042,False,True
2177056,0022 - Heico - Sigma - 3.avi,False,False,spatial_localization_camera,open_ended,0.178016149719042,False,True
2196935,0022 - Heico - Sigma - 3.avi,False,False,spatial_localization_camera,fo_class,0.178016149719042,False,True
2196976,0022 - Heico - Sigma - 3.avi,False,False,spatial_localization_camera,fo_class,0.178016149719042,False,True
2681993,0022 - Heico - Sigma - 3.avi,False,False,spatial_localization_situs,open_ended,0.178016149719042,False,False
2156422,0022 - Heico - Sigma - 3.avi,False,False,object_aggregation,number,0.178016149719042,False,True
2156732,0022 - Heico - Sigma - 3.avi,False,False,object_aggregation,number,0.178016149719042,False,False
2156819,0022 - Heico - Sigma - 3.avi,False,False,object_aggregation,number,0.178016149719042,False,False
2157098,0022 - Heico - Sigma - 3.avi,False,False,object_aggregation,number,0.178016149719042,False,True
2157075,0022 - Heico - Sigma - 3.avi,False,False,object_aggregation,number,0.178016149719042,False,False
2158994,0022 - Heico - Sigma - 3.avi,False,False,object_aggregation,number,0.178016149719042,False,False
2159328,0022 - Heico - Sigma - 3.avi,False,False,object_aggregation,number,0.178016149719042,False,True
2159018,0022 - Heico - Sigma - 3.avi,False,False,object_aggregation,number,0.178016149719042,False,False
2159024,0022 - Heico - Sigma - 3.avi,False,False,object_aggregation,number,0.178016149719042,False,False
2165516,0022 - Heico - Sigma - 3.avi,False,False,object_aggregation,binary,0.1780024076870177,False,True
2165623,0022 - Heico - Sigma - 3.avi,False,False,object_aggregation,binary,0.1780024076870177,False,False
2178874,0022 - Heico - Sigma - 3.avi,False,False,object_aggregation,binary,0.1780024076870177,False,False
2178568,0022 - Heico - Sigma - 3.avi,False,False,object_aggregation,binary,0.1780024076870177,False,True
2137918,0022 - Heico - Sigma - 3.avi,False,False,object_identification,fo_class,0.1780024076870177,False,True
2148221,0022 - Heico - Sigma - 3.avi,False,False,object_identification,fo_class,0.1780024076870177,False,True
2148470,0022 - Heico - Sigma - 3.avi,False,False,object_identification,fo_class,0.1780024076870177,False,True
2148129,0022 - Heico - Sigma - 3.avi,False,False,object_identification,fo_class,0.1780024076870177,False,True
2150025,0022 - Heico - Sigma - 3.avi,False,False,object_identification,fo_class,0.1780024076870177,False,True
2150271,0022 - Heico - Sigma - 3.avi,False,False,object_identification,fo_class,0.1780024076870177,False,False
2150180,0022 - Heico - Sigma - 3.avi,False,False,object_identification,fo_class,0.1780024076870177,False,True
2150172,0022 - Heico - Sigma - 3.avi,False,False,object_identification,fo_class,0.1780024076870177,False,True
2184349,0022 - Heico - Sigma - 3.avi,False,False,object_identification,fo_class,0.1780024076870177,False,True
2184479,0022 - Heico - Sigma - 3.avi,False,False,object_identification,fo_class,0.1780024076870177,False,True
2177281,0022 - Heico - Sigma - 3.avi,False,False,spatial_localization_camera,open_ended,0.1780024076870177,False,True
2196892,0022 - Heico - Sigma - 3.avi,False,False,spatial_localization_camera,fo_class,0.1780024076870177,False,False
2196972,0022 - Heico - Sigma - 3.avi,False,False,spatial_localization_camera,fo_class,0.1780024076870177,False,True
2681996,0022 - Heico - Sigma - 3.avi,False,False,spatial_localization_situs,open_ended,0.1780024076870177,False,False
2156490,0022 - Heico - Sigma - 3.avi,False,False,object_aggregation,number,0.1780024076870177,False,True
2156525,0022 - Heico - Sigma - 3.avi,False,False,object_aggregation,number,0.1780024076870177,False,True
2156785,0022 - Heico - Sigma - 3.avi,False,False,object_aggregation,number,0.1780024076870177,False,False
2156924,0022 - Heico - Sigma - 3.avi,False,False,object_aggregation,number,0.1780024076870177,False,True
2156983,0022 - Heico - Sigma - 3.avi,False,False,object_aggregation,number,0.1780024076870177,False,True
2158794,0022 - Heico - Sigma - 3.avi,False,False,object_aggregation,number,0.1780024076870177,False,True
2159143,0022 - Heico - Sigma - 3.avi,False,False,object_aggregation,number,0.1780024076870177,False,False
2159352,0022 - Heico - Sigma - 3.avi,False,False,object_aggregation,number,0.1780024076870177,False,False
2159414,0022 - Heico - Sigma - 3.avi,False,False,object_aggregation,number,0.1780024076870177,False,False
2165104,0022 - Heico - Sigma - 3.avi,False,False,object_aggregation,binary,0.1780024076870177,False,True
2165496,0022 - Heico - Sigma - 3.avi,False,False,object_aggregation,binary,0.1780024076870177,False,False
2178670,0022 - Heico - Sigma - 3.avi,False,False,object_aggregation,binary,0.1780024076870177,False,False
2178855,0022 - Heico - Sigma - 3.avi,False,False,object_aggregation,binary,0.1780024076870177,False,True
2138014,0022 - Heico - Sigma - 3.avi,False,False,object_identification,fo_class,0.1780024076870177,False,True
2148104,0022 - Heico - Sigma - 3.avi,False,False,object_identification,fo_class,0.17797764062561328,False,True
2148102,0022 - Heico - Sigma - 3.avi,False,False,object_identification,fo_class,0.17797764062561328,False,True
2148498,0022 - Heico - Sigma - 3.avi,False,False,object_identification,fo_class,0.17797764062561328,False,True
2150156,0022 - Heico - Sigma - 3.avi,False,False,object_identification,fo_class,0.17797764062561328,False,True
2150105,0022 - Heico - Sigma - 3.avi,False,False,object_identification,fo_class,0.17797764062561328,False,True
2150154,0022 - Heico - Sigma - 3.avi,False,False,object_identification,fo_class,0.17797764062561328,False,False
2150255,0022 - Heico - Sigma - 3.avi,False,False,object_identification,fo_class,0.17797764062561328,False,False
2184230,0022 - Heico - Sigma - 3.avi,False,False,object_identification,fo_class,0.17797764062561328,False,True
2184429,0022 - Heico - Sigma - 3.avi,False,False,object_identification,fo_class,0.17797764062561328,False,False
2177363,0022 - Heico - Sigma - 3.avi,False,False,spatial_localization_camera,open_ended,0.17797764062561328,False,True
2196905,0022 - Heico - Sigma - 3.avi,False,False,spatial_localization_camera,fo_class,0.17797764062561328,False,True
2196977,0022 - Heico - Sigma - 3.avi,False,False,spatial_localization_camera,fo_class,0.17797764062561328,False,True
2681994,0022 - Heico - Sigma - 3.avi,False,False,spatial_localization_situs,open_ended,0.17797764062561328,False,True
2156811,0022 - Heico - Sigma - 3.avi,False,False,object_aggregation,number,0.17797764062561328,False,True
2156416,0022 - Heico - Sigma - 3.avi,False,False,object_aggregation,number,0.17797764062561328,False,True
2156650,0022 - Heico - Sigma - 3.avi,False,False,object_aggregation,number,0.17797764062561328,False,False
2157359,0022 - Heico - Sigma - 3.avi,False,False,object_aggregation,number,0.17797764062561328,False,True
2157149,0022 - Heico - Sigma - 3.avi,False,False,object_aggregation,number,0.17797764062561328,False,True
2158779,0022 - Heico - Sigma - 3.avi,False,False,object_aggregation,number,0.17797764062561328,False,True
2159435,0022 - Heico - Sigma - 3.avi,False,False,object_aggregation,number,0.17797764062561328,False,False
2159017,0022 - Heico - Sigma - 3.avi,False,False,object_aggregation,number,0.17797764062561328,False,True
2159007,0022 - Heico - Sigma - 3.avi,False,False,object_aggregation,number,0.17797764062561328,False,True
2164812,0022 - Heico - Sigma - 3.avi,False,False,object_aggregation,binary,0.17797764062561328,False,True
2165653,0022 - Heico - Sigma - 3.avi,False,False,object_aggregation,binary,0.17797764062561328,False,False
2178715,0022 - Heico - Sigma - 3.avi,False,False,object_aggregation,binary,0.17797764062561328,False,False
2178563,0022 - Heico - Sigma - 3.avi,False,False,object_aggregation,binary,0.17797764062561328,False,True
2138058,0022 - Heico - Sigma - 3.avi,False,False,object_identification,fo_class,0.17797764062561328,False,True
2148251,0022 - Heico - Sigma - 3.avi,False,False,object_identification,fo_class,0.17797764062561328,False,True
2148195,0022 - Heico - Sigma - 3.avi,False,False,object_identification,fo_class,0.17797764062561328,False,True
2148351,0022 - Heico - Sigma - 3.avi,False,False,object_identification,fo_class,0.17797764062561328,False,True
2150246,0022 - Heico - Sigma - 3.avi,False,False,object_identification,fo_class,0.17797764062561328,False,True
2150279,0022 - Heico - Sigma - 3.avi,False,False,object_identification,fo_class,0.17797764062561328,False,False
2150138,0022 - Heico - Sigma - 3.avi,False,False,object_identification,fo_class,0.21015536871709628,False,True
2150133,0022 - Heico - Sigma - 3.avi,False,False,object_identification,fo_class,0.21015536871709628,False,True
2184243,0022 - Heico - Sigma - 3.avi,False,False,object_identification,fo_class,0.21015536871709628,False,True
2184480,0022 - Heico - Sigma - 3.avi,False,False,object_identification,fo_class,0.21015536871709628,False,True
2177332,0022 - Heico - Sigma - 3.avi,False,False,spatial_localization_camera,open_ended,0.21015536871709628,False,True
2196918,0022 - Heico - Sigma - 3.avi,False,False,spatial_localization_camera,fo_class,0.21015536871709628,False,True
2196981,0022 - Heico - Sigma - 3.avi,False,False,spatial_localization_camera,fo_class,0.21015536871709628,False,False
2681991,0022 - Heico - Sigma - 3.avi,False,False,spatial_localization_situs,open_ended,0.21015536871709628,False,False
2156821,0022 - Heico - Sigma - 3.avi,False,False,object_aggregation,number,0.21015536871709628,False,True
2156549,0022 - Heico - Sigma - 3.avi,False,False,object_aggregation,number,0.21015536871709628,False,False
2157357,0022 - Heico - Sigma - 3.avi,False,False,object_aggregation,number,0.21015536871709628,False,True
2157134,0022 - Heico - Sigma - 3.avi,False,False,object_aggregation,number,0.21015536871709628,False,False
2159265,0022 - Heico - Sigma - 3.avi,False,False,object_aggregation,number,0.21015536871709628,False,False
2159152,0022 - Heico - Sigma - 3.avi,False,False,object_aggregation,number,0.21015536871709628,False,False
2159417,0022 - Heico - Sigma - 3.avi,False,False,object_aggregation,number,0.21015536871709628,False,True
2159405,0022 - Heico - Sigma - 3.avi,False,False,object_aggregation,number,0.21015536871709628,False,True
2164945,0022 - Heico - Sigma - 3.avi,False,False,object_aggregation,binary,0.21015536871709628,False,True
2165570,0022 - Heico - Sigma - 3.avi,False,False,object_aggregation,binary,0.21015536871709628,False,True
2178777,0022 - Heico - Sigma - 3.avi,False,False,object_aggregation,binary,0.21015536871709628,False,False
2178805,0022 - Heico - Sigma - 3.avi,False,False,object_aggregation,binary,0.21015536871709628,False,True
2138131,0022 - Heico - Sigma - 3.avi,False,False,object_identification,fo_class,0.21015536871709628,False,True
2148085,0022 - Heico - Sigma - 3.avi,False,False,object_identification,fo_class,0.21015536871709628,False,True
2148127,0022 - Heico - Sigma - 3.avi,False,False,object_identification,fo_class,0.21015536871709628,False,True
2148244,0022 - Heico - Sigma - 3.avi,False,False,object_identification,fo_class,0.21015536871709628,False,True
2150478,0022 - Heico - Sigma - 3.avi,False,False,object_identification,fo_class,0.21015536871709628,False,True
2150354,0022 - Heico - Sigma - 3.avi,False,False,object_identification,fo_class,0.21015536871709628,False,True
2150163,0022 - Heico - Sigma - 3.avi,False,False,object_identification,fo_class,0.21015536871709628,False,True
2150135,0022 - Heico - Sigma - 3.avi,False,False,object_identification,fo_class,0.21015536871709628,False,True
2184147,0022 - Heico - Sigma - 3.avi,False,False,object_identification,fo_class,0.21015536871709628,False,True
2184445,0022 - Heico - Sigma - 3.avi,False,False,object_identification,fo_class,0.21015536871709628,False,True
2177109,0022 - Heico - Sigma - 3.avi,False,False,spatial_localization_camera,open_ended,0.21015536871709628,False,False
2196940,0022 - Heico - Sigma - 3.avi,False,False,spatial_localization_camera,fo_class,0.21015536871709628,False,True
2156476,0022 - Heico - Sigma - 3.avi,False,False,object_aggregation,number,0.17796846621786244,False,True
2156739,0022 - Heico - Sigma - 3.avi,False,False,object_aggregation,number,0.17796846621786244,False,False
2157358,0022 - Heico - Sigma - 3.avi,False,False,object_aggregation,number,0.17796846621786244,False,False
2157270,0022 - Heico - Sigma - 3.avi,False,False,object_aggregation,number,0.17796846621786244,False,False
2158389,0022 - Heico - Sigma - 3.avi,False,False,object_aggregation,number,0.17796846621786244,False,True
2159356,0022 - Heico - Sigma - 3.avi,False,False,object_aggregation,number,0.17796846621786244,False,True
2159002,0022 - Heico - Sigma - 3.avi,False,False,object_aggregation,number,0.17796846621786244,False,True
2159023,0022 - Heico - Sigma - 3.avi,False,False,object_aggregation,number,0.17796846621786244,False,True
2165316,0022 - Heico - Sigma - 3.avi,False,False,object_aggregation,binary,0.17796846621786244,False,True
2165451,0022 - Heico - Sigma - 3.avi,False,False,object_aggregation,binary,0.17796846621786244,False,False
2178947,0022 - Heico - Sigma - 3.avi,False,False,object_aggregation,binary,0.17796846621786244,False,False
2178600,0022 - Heico - Sigma - 3.avi,False,False,object_aggregation,binary,0.17796846621786244,False,True
2137865,0022 - Heico - Sigma - 3.avi,False,False,object_identification,fo_class,0.17796846621786244,False,False
2148075,0022 - Heico - Sigma - 3.avi,False,False,object_identification,fo_class,0.17796846621786244,False,True
2148073,0022 - Heico - Sigma - 3.avi,False,False,object_identification,fo_class,0.17796846621786244,False,True
2148248,0022 - Heico - Sigma - 3.avi,False,False,object_identification,fo_class,0.17796846621786244,False,True
2150151,0022 - Heico - Sigma - 3.avi,False,False,object_identification,fo_class,0.17796846621786244,False,True
2150342,0022 - Heico - Sigma - 3.avi,False,False,object_identification,fo_class,0.17796846621786244,False,True
2150476,0022 - Heico - Sigma - 3.avi,False,False,object_identification,fo_class,0.17796846621786244,False,True
2150397,0022 - Heico - Sigma - 3.avi,False,False,object_identification,fo_class,0.17796846621786244,False,False
2184236,0022 - Heico - Sigma - 3.avi,False,False,object_identification,fo_class,0.17796846621786244,False,True
2184371,0022 - Heico - Sigma - 3.avi,False,False,object_identification,fo_class,0.17796846621786244,False,True
2177278,0022 - Heico - Sigma - 3.avi,False,False,spatial_localization_camera,open_ended,0.17796846621786244,False,False
2196898,0022 - Heico - Sigma - 3.avi,False,False,spatial_localization_camera,fo_class,0.17796846621786244,False,False
2156750,0022 - Heico - Sigma - 3.avi,False,False,object_aggregation,number,0.17796846621786244,False,True
2156447,0022 - Heico - Sigma - 3.avi,False,False,object_aggregation,number,0.17796846621786244,False,False
2156908,0022 - Heico - Sigma - 3.avi,False,False,object_aggregation,number,0.17796846621786244,False,True
2156888,0022 - Heico - Sigma - 3.avi,False,False,object_aggregation,number,0.17796846621786244,False,True
2158765,0022 - Heico - Sigma - 3.avi,False,False,object_aggregation,number,0.17796846621786244,False,True
2159046,0022 - Heico - Sigma - 3.avi,False,False,object_aggregation,number,0.17796846621786244,False,True
2159399,0022 - Heico - Sigma - 3.avi,False,False,object_aggregation,number,0.17796846621786244,False,False
2211523,0023 - Heico - Sigma - 4.avi,False,False,object_identification,fo_class,0.17796846621786244,False,True
2219994,0023 - Heico - Sigma - 4.avi,False,False,object_identification,fo_class,0.17952029396838043,False,True
2219817,0023 - Heico - Sigma - 4.avi,False,False,object_identification,fo_class,0.17952029396838043,False,True
2219543,0023 - Heico - Sigma - 4.avi,False,False,object_identification,fo_class,0.17952029396838043,False,False
2222143,0023 - Heico - Sigma - 4.avi,False,False,object_identification,fo_class,0.17952029396838043,False,True
2222168,0023 - Heico - Sigma - 4.avi,False,False,object_identification,fo_class,0.17952029396838043,False,False
2221884,0023 - Heico - Sigma - 4.avi,False,False,object_identification,fo_class,0.17952029396838043,False,False
2221684,0023 - Heico - Sigma - 4.avi,False,False,object_identification,fo_class,0.17952029396838043,False,False
2250743,0023 - Heico - Sigma - 4.avi,False,False,object_identification,fo_class,0.17952029396838043,False,True
2250718,0023 - Heico - Sigma - 4.avi,False,False,object_identification,fo_class,0.17952029396838043,False,True
2250729,0023 - Heico - Sigma - 4.avi,False,False,object_identification,fo_class,0.17952029396838043,False,False
2681795,0023 - Heico - Sigma - 4.avi,False,False,object_attributes,open_ended,0.17952029396838043,False,True
2681785,0023 - Heico - Sigma - 4.avi,False,False,object_attributes,open_ended,0.17952029396838043,False,False
2244532,0023 - Heico - Sigma - 4.avi,False,False,spatial_localization_camera,open_ended,0.17952029396838043,False,False
2262222,0023 - Heico - Sigma - 4.avi,False,False,spatial_localization_camera,fo_class,0.17952029396838043,False,True
2262194,0023 - Heico - Sigma - 4.avi,False,False,spatial_localization_camera,fo_class,0.17952029396838043,False,True
2267080,0023 - Heico - Sigma - 4.avi,False,False,spatial_localization_camera,multiple_choice,0.17952029396838043,False,True
2681979,0023 - Heico - Sigma - 4.avi,False,False,spatial_localization_situs,open_ended,0.17952029396838043,False,True
2681985,0023 - Heico - Sigma - 4.avi,False,False,spatial_localization_situs,open_ended,0.17952029396838043,False,False
2226865,0023 - Heico - Sigma - 4.avi,False,False,object_aggregation,number,0.17952029396838043,False,True
2227130,0023 - Heico - Sigma - 4.avi,False,False,object_aggregation,number,0.17952029396838043,False,False
2226968,0023 - Heico - Sigma - 4.avi,False,False,object_aggregation,number,0.17952029396838043,False,False
2227141,0023 - Heico - Sigma - 4.avi,False,False,object_aggregation,number,0.17952029396838043,False,False
2227277,0023 - Heico - Sigma - 4.avi,False,False,object_aggregation,number,0.17952029396838043,False,False
2227348,0023 - Heico - Sigma - 4.avi,False,False,object_aggregation,number,0.17952029396838043,False,False
2226970,0023 - Heico - Sigma - 4.avi,False,False,object_aggregation,number,0.17952029396838043,False,False
2227110,0023 - Heico - Sigma - 4.avi,False,False,object_aggregation,number,0.17952029396838043,False,False
2226933,0023 - Heico - Sigma - 4.avi,False,False,object_aggregation,number,0.17952029396838043,False,False
2227006,0023 - Heico - Sigma - 4.avi,False,False,object_aggregation,number,0.17952029396838043,False,False
2227164,0023 - Heico - Sigma - 4.avi,False,False,object_aggregation,number,0.17952029396838043,False,False
2227369,0023 - Heico - Sigma - 4.avi,False,False,object_aggregation,number,0.17952029396838043,False,True
2227843,0023 - Heico - Sigma - 4.avi,False,False,object_aggregation,number,0.17952029396838043,False,True
2228868,0023 - Heico - Sigma - 4.avi,False,False,object_aggregation,number,0.17952029396838043,False,True
2229829,0023 - Heico - Sigma - 4.avi,False,False,object_aggregation,number,0.17833396631249343,False,False
2229807,0023 - Heico - Sigma - 4.avi,False,False,object_aggregation,number,0.17833396631249343,False,False
2229826,0023 - Heico - Sigma - 4.avi,False,False,object_aggregation,number,0.17833396631249343,False,False
2229592,0023 - Heico - Sigma - 4.avi,False,False,object_aggregation,number,0.17833396631249343,False,False
2229636,0023 - Heico - Sigma - 4.avi,False,False,object_aggregation,number,0.17833396631249343,False,False
2229553,0023 - Heico - Sigma - 4.avi,False,False,object_aggregation,number,0.17833396631249343,False,True
2229498,0023 - Heico - Sigma - 4.avi,False,False,object_aggregation,number,0.17833396631249343,False,False
2229757,0023 - Heico - Sigma - 4.avi,False,False,object_aggregation,number,0.17833396631249343,False,False
2229740,0023 - Heico - Sigma - 4.avi,False,False,object_aggregation,number,0.17833396631249343,False,False
2229781,0023 - Heico - Sigma - 4.avi,False,False,object_aggregation,number,0.17833396631249343,False,False
2229818,0023 - Heico - Sigma - 4.avi,False,False,object_aggregation,number,0.17833396631249343,False,False
2233594,0023 - Heico - Sigma - 4.avi,False,False,object_aggregation,binary,0.17833396631249343,False,True
2234459,0023 - Heico - Sigma - 4.avi,False,False,object_aggregation,binary,0.17833396631249343,False,False
2245758,0023 - Heico - Sigma - 4.avi,False,False,object_aggregation,binary,0.17833396631249343,False,False
2245892,0023 - Heico - Sigma - 4.avi,False,False,object_aggregation,binary,0.17833396631249343,False,True
2211542,0023 - Heico - Sigma - 4.avi,False,False,object_identification,fo_class,0.17833396631249343,False,True
2219582,0023 - Heico - Sigma - 4.avi,False,False,object_identification,fo_class,0.17833396631249343,False,True
2219873,0023 - Heico - Sigma - 4.avi,False,False,object_identification,fo_class,0.17833396631249343,False,True
2219647,0023 - Heico - Sigma - 4.avi,False,False,object_identification,fo_class,0.17833396631249343,False,False
2222091,0023 - Heico - Sigma - 4.avi,False,False,object_identification,fo_class,0.17833396631249343,False,True
2222095,0023 - Heico - Sigma - 4.avi,False,False,object_identification,fo_class,0.17833396631249343,False,True
2222020,0023 - Heico - Sigma - 4.avi,False,False,object_identification,fo_class,0.17833396631249343,False,True
2222028,0023 - Heico - Sigma - 4.avi,False,False,object_identification,fo_class,0.17833396631249343,False,False
2250751,0023 - Heico - Sigma - 4.avi,False,False,object_identification,fo_class,0.17833396631249343,False,True
2250719,0023 - Heico - Sigma - 4.avi,False,False,object_identification,fo_class,0.17833396631249343,False,False
2250767,0023 - Heico - Sigma - 4.avi,False,False,object_identification,fo_class,0.17833396631249343,False,False
2681790,0023 - Heico - Sigma - 4.avi,False,False,object_attributes,open_ended,0.17833396631249343,False,False
2244559,0023 - Heico - Sigma - 4.avi,False,False,spatial_localization_camera,open_ended,0.17833396631249343,False,True
2262235,0023 - Heico - Sigma - 4.avi,False,False,spatial_localization_camera,fo_class,0.17833396631249343,False,True
2262249,0023 - Heico - Sigma - 4.avi,False,False,spatial_localization_camera,fo_class,0.17833396631249343,False,False
2267082,0023 - Heico - Sigma - 4.avi,False,False,spatial_localization_camera,multiple_choice,0.17833396631249343,False,True
2681981,0023 - Heico - Sigma - 4.avi,False,False,spatial_localization_situs,open_ended,0.17833396631249343,False,True
2227262,0023 - Heico - Sigma - 4.avi,False,False,object_aggregation,number,0.16254368912632344,False,True
2227225,0023 - Heico - Sigma - 4.avi,False,False,object_aggregation,number,0.16254368912632344,False,False
2226902,0023 - Heico - Sigma - 4.avi,False,False,object_aggregation,number,0.16254368912632344,False,False
2227240,0023 - Heico - Sigma - 4.avi,False,False,object_aggregation,number,0.16254368912632344,False,False
2227291,0023 - Heico - Sigma - 4.avi,False,False,object_aggregation,number,0.16254368912632344,False,False
2227340,0023 - Heico - Sigma - 4.avi,False,False,object_aggregation,number,0.16254368912632344,False,False
2227284,0023 - Heico - Sigma - 4.avi,False,False,object_aggregation,number,0.16254368912632344,False,False
2227322,0023 - Heico - Sigma - 4.avi,False,False,object_aggregation,number,0.16254368912632344,False,False
2226941,0023 - Heico - Sigma - 4.avi,False,False,object_aggregation,number,0.16254368912632344,False,False
2227209,0023 - Heico - Sigma - 4.avi,False,False,object_aggregation,number,0.16254368912632344,False,False
2227144,0023 - Heico - Sigma - 4.avi,False,False,object_aggregation,number,0.16254368912632344,False,False
2227601,0023 - Heico - Sigma - 4.avi,False,False,object_aggregation,number,0.16254368912632344,False,True
2227564,0023 - Heico - Sigma - 4.avi,False,False,object_aggregation,number,0.16254368912632344,False,False
2229231,0023 - Heico - Sigma - 4.avi,False,False,object_aggregation,number,0.16254368912632344,False,True
2229846,0023 - Heico - Sigma - 4.avi,False,False,object_aggregation,number,0.16254368912632344,False,False
2229839,0023 - Heico - Sigma - 4.avi,False,False,object_aggregation,number,0.16254368912632344,False,False
2229828,0023 - Heico - Sigma - 4.avi,False,False,object_aggregation,number,0.16254368912632344,False,False
2229778,0023 - Heico - Sigma - 4.avi,False,False,object_aggregation,number,0.16254368912632344,False,True
2229645,0023 - Heico - Sigma - 4.avi,False,False,object_aggregation,number,0.16254368912632344,False,False
2229491,0023 - Heico - Sigma - 4.avi,False,False,object_aggregation,number,0.16254368912632344,False,False
2229570,0023 - Heico - Sigma - 4.avi,False,False,object_aggregation,number,0.16254368912632344,False,False
2229847,0023 - Heico - Sigma - 4.avi,False,False,object_aggregation,number,0.16254368912632344,False,False
2229837,0023 - Heico - Sigma - 4.avi,False,False,object_aggregation,number,0.16254368912632344,False,False
2229831,0023 - Heico - Sigma - 4.avi,False,False,object_aggregation,number,0.16254368912632344,False,False
2229842,0023 - Heico - Sigma - 4.avi,False,False,object_aggregation,number,0.16254368912632344,False,False
2234352,0023 - Heico - Sigma - 4.avi,False,False,object_aggregation,binary,0.16254368912632344,False,True
2234534,0023 - Heico - Sigma - 4.avi,False,False,object_aggregation,binary,0.16254368912632344,False,False
2245802,0023 - Heico - Sigma - 4.avi,False,False,object_aggregation,binary,0.16254368912632344,False,False
2246147,0023 - Heico - Sigma - 4.avi,False,False,object_aggregation,binary,0.16254368912632344,False,True
2211602,0023 - Heico - Sigma - 4.avi,False,False,object_identification,fo_class,0.16254368912632344,False,True
2219964,0023 - Heico - Sigma - 4.avi,False,False,object_identification,fo_class,0.16254368912632344,False,True
2219907,0023 - Heico - Sigma - 4.avi,False,False,object_identification,fo_class,0.16254368912632344,False,True
2219777,0023 - Heico - Sigma - 4.avi,False,False,object_identification,fo_class,0.17793450156386825,False,False
2221756,0023 - Heico - Sigma - 4.avi,False,False,object_identification,fo_class,0.17793450156386825,False,True
2221883,0023 - Heico - Sigma - 4.avi,False,False,object_identification,fo_class,0.17793450156386825,False,False
2222108,0023 - Heico - Sigma - 4.avi,False,False,object_identification,fo_class,0.17793450156386825,False,True
2221712,0023 - Heico - Sigma - 4.avi,False,False,object_identification,fo_class,0.17793450156386825,False,False
2250681,0023 - Heico - Sigma - 4.avi,False,False,object_identification,fo_class,0.17793450156386825,False,True
2250720,0023 - Heico - Sigma - 4.avi,False,False,object_identification,fo_class,0.17793450156386825,False,True
2250808,0023 - Heico - Sigma - 4.avi,False,False,object_identification,fo_class,0.17793450156386825,False,True
2244592,0023 - Heico - Sigma - 4.avi,False,False,spatial_localization_camera,open_ended,0.17793450156386825,False,False
2262260,0023 - Heico - Sigma - 4.avi,False,False,spatial_localization_camera,fo_class,0.17793450156386825,False,True
2262245,0023 - Heico - Sigma - 4.avi,False,False,spatial_localization_camera,fo_class,0.17793450156386825,False,True
2267081,0023 - Heico - Sigma - 4.avi,False,False,spatial_localization_camera,multiple_choice,0.17793450156386825,False,True
2681984,0023 - Heico - Sigma - 4.avi,False,False,spatial_localization_situs,open_ended,0.17793450156386825,False,True
2227320,0023 - Heico - Sigma - 4.avi,False,False,object_aggregation,number,0.17793450156386825,False,True
2226878,0023 - Heico - Sigma - 4.avi,False,False,object_aggregation,number,0.17793450156386825,False,False
2227050,0023 - Heico - Sigma - 4.avi,False,False,object_aggregation,number,0.17793450156386825,False,False
2227248,0023 - Heico - Sigma - 4.avi,False,False,object_aggregation,number,0.17793450156386825,False,True
2226989,0023 - Heico - Sigma - 4.avi,False,False,object_aggregation,number,0.17793450156386825,False,False
2227205,0023 - Heico - Sigma - 4.avi,False,False,object_aggregation,number,0.17793450156386825,False,False
2227189,0023 - Heico - Sigma - 4.avi,False,False,object_aggregation,number,0.17793450156386825,False,False
2226930,0023 - Heico - Sigma - 4.avi,False,False,object_aggregation,number,0.17793450156386825,False,False
2227002,0023 - Heico - Sigma - 4.avi,False,False,object_aggregation,number,0.17793450156386825,False,False
2227247,0023 - Heico - Sigma - 4.avi,False,False,object_aggregation,number,0.17793450156386825,False,False
2226959,0023 - Heico - Sigma - 4.avi,False,False,object_aggregation,number,0.17793450156386825,False,False
2227675,0023 - Heico - Sigma - 4.avi,False,False,object_aggregation,number,0.17793450156386825,False,True
2227482,0023 - Heico - Sigma - 4.avi,False,False,object_aggregation,number,0.17793450156386825,False,False
2229468,0023 - Heico - Sigma - 4.avi,False,False,object_aggregation,number,0.17793450156386825,False,False
2229817,0023 - Heico - Sigma - 4.avi,False,False,object_aggregation,number,0.17793450156386825,False,False
2229840,0023 - Heico - Sigma - 4.avi,False,False,object_aggregation,number,0.17793450156386825,False,False
2229479,0023 - Heico - Sigma - 4.avi,False,False,object_aggregation,number,0.17793450156386825,False,False
2229777,0023 - Heico - Sigma - 4.avi,False,False,object_aggregation,number,0.17793450156386825,False,False
2229601,0023 - Heico - Sigma - 4.avi,False,False,object_aggregation,number,0.17793450156386825,False,False
2229656,0023 - Heico - Sigma - 4.avi,False,False,object_aggregation,number,0.1779417726538668,False,False
2229811,0023 - Heico - Sigma - 4.avi,False,False,object_aggregation,number,0.1779417726538668,False,False
2229799,0023 - Heico - Sigma - 4.avi,False,False,object_aggregation,number,0.1779417726538668,False,False
2229646,0023 - Heico - Sigma - 4.avi,False,False,object_aggregation,number,0.1779417726538668,False,False
2229815,0023 - Heico - Sigma - 4.avi,False,False,object_aggregation,number,0.1779417726538668,False,False
2234452,0023 - Heico - Sigma - 4.avi,False,False,object_aggregation,binary,0.1779417726538668,False,True
2234088,0023 - Heico - Sigma - 4.avi,False,False,object_aggregation,binary,0.1779417726538668,False,False
2246219,0023 - Heico - Sigma - 4.avi,False,False,object_aggregation,binary,0.1779417726538668,False,False
2245856,0023 - Heico - Sigma - 4.avi,False,False,object_aggregation,binary,0.1779417726538668,False,True
2211496,0023 - Heico - Sigma - 4.avi,False,False,object_identification,fo_class,0.1779417726538668,False,True
2219993,0023 - Heico - Sigma - 4.avi,False,False,object_identification,fo_class,0.1779417726538668,False,True
2219712,0023 - Heico - Sigma - 4.avi,False,False,object_identification,fo_class,0.1779417726538668,False,True
2219738,0023 - Heico - Sigma - 4.avi,False,False,object_identification,fo_class,0.1779417726538668,False,False
2222067,0023 - Heico - Sigma - 4.avi,False,False,object_identification,fo_class,0.1779417726538668,False,True
2221989,0023 - Heico - Sigma - 4.avi,False,False,object_identification,fo_class,0.1779417726538668,False,False
2221949,0023 - Heico - Sigma - 4.avi,False,False,object_identification,fo_class,0.1779417726538668,False,True
2221991,0023 - Heico - Sigma - 4.avi,False,False,object_identification,fo_class,0.1779417726538668,False,False
2250763,0023 - Heico - Sigma - 4.avi,False,False,object_identification,fo_class,0.1779417726538668,False,True
2250866,0023 - Heico - Sigma - 4.avi,False,False,object_identification,fo_class,0.1779417726538668,False,False
2244620,0023 - Heico - Sigma - 4.avi,False,False,spatial_localization_camera,open_ended,0.1779417726538668,False,True
2262224,0023 - Heico - Sigma - 4.avi,False,False,spatial_localization_camera,fo_class,0.1779417726538668,False,True
2262246,0023 - Heico - Sigma - 4.avi,False,False,spatial_localization_camera,fo_class,0.1779417726538668,False,True
2681986,0023 - Heico - Sigma - 4.avi,False,False,spatial_localization_situs,open_ended,0.1779417726538668,False,True
2226887,0023 - Heico - Sigma - 4.avi,False,False,object_aggregation,number,0.1779417726538668,False,False
2227051,0023 - Heico - Sigma - 4.avi,False,False,object_aggregation,number,0.1779417726538668,False,True
2227191,0023 - Heico - Sigma - 4.avi,False,False,object_aggregation,number,0.1779417726538668,False,False
2227177,0023 - Heico - Sigma - 4.avi,False,False,object_aggregation,number,0.1779417726538668,False,False
2226885,0023 - Heico - Sigma - 4.avi,False,False,object_aggregation,number,0.1779417726538668,False,False
2227161,0023 - Heico - Sigma - 4.avi,False,False,object_aggregation,number,0.1779417726538668,False,False
2227066,0023 - Heico - Sigma - 4.avi,False,False,object_aggregation,number,0.1779417726538668,False,False
2227308,0023 - Heico - Sigma - 4.avi,False,False,object_aggregation,number,0.1779417726538668,False,False
2227552,0023 - Heico - Sigma - 4.avi,False,False,object_aggregation,number,0.1779417726538668,False,False
2227835,0023 - Heico - Sigma - 4.avi,False,False,object_aggregation,number,0.17804068121768069,False,True
2228952,0023 - Heico - Sigma - 4.avi,False,False,object_aggregation,number,0.17804068121768069,False,True
2229844,0023 - Heico - Sigma - 4.avi,False,False,object_aggregation,number,0.17804068121768069,False,False
2229581,0023 - Heico - Sigma - 4.avi,False,False,object_aggregation,number,0.17804068121768069,False,True
2229830,0023 - Heico - Sigma - 4.avi,False,False,object_aggregation,number,0.17804068121768069,False,False
2229591,0023 - Heico - Sigma - 4.avi,False,False,object_aggregation,number,0.17804068121768069,False,False
2229620,0023 - Heico - Sigma - 4.avi,False,False,object_aggregation,number,0.17804068121768069,False,False
2229795,0023 - Heico - Sigma - 4.avi,False,False,object_aggregation,number,0.17804068121768069,False,False
2229745,0023 - Heico - Sigma - 4.avi,False,False,object_aggregation,number,0.17804068121768069,False,False
2229833,0023 - Heico - Sigma - 4.avi,False,False,object_aggregation,number,0.17804068121768069,False,False
2229843,0023 - Heico - Sigma - 4.avi,False,False,object_aggregation,number,0.17804068121768069,False,False
2234150,0023 - Heico - Sigma - 4.avi,False,False,object_aggregation,binary,0.17804068121768069,False,True
2234561,0023 - Heico - Sigma - 4.avi,False,False,object_aggregation,binary,0.17804068121768069,False,False
2245753,0023 - Heico - Sigma - 4.avi,False,False,object_aggregation,binary,0.17804068121768069,False,True
2246190,0023 - Heico - Sigma - 4.avi,False,False,object_aggregation,binary,0.17804068121768069,False,True
2211540,0023 - Heico - Sigma - 4.avi,False,False,object_identification,fo_class,0.17804068121768069,False,True
2220028,0023 - Heico - Sigma - 4.avi,False,False,object_identification,fo_class,0.17804068121768069,False,True
2219695,0023 - Heico - Sigma - 4.avi,False,False,object_identification,fo_class,0.17804068121768069,False,True
2219594,0023 - Heico - Sigma - 4.avi,False,False,object_identification,fo_class,0.17804068121768069,False,False
2221792,0023 - Heico - Sigma - 4.avi,False,False,object_identification,fo_class,0.17804068121768069,False,True
2221908,0023 - Heico - Sigma - 4.avi,False,False,object_identification,fo_class,0.17804068121768069,False,False
2221988,0023 - Heico - Sigma - 4.avi,False,False,object_identification,fo_class,0.17804068121768069,False,True
2221877,0023 - Heico - Sigma - 4.avi,False,False,object_identification,fo_class,0.17804068121768069,False,False
2250692,0023 - Heico - Sigma - 4.avi,False,False,object_identification,fo_class,0.17804068121768069,False,True
2250913,0023 - Heico - Sigma - 4.avi,False,False,object_identification,fo_class,0.17804068121768069,False,True
2244724,0023 - Heico - Sigma - 4.avi,False,False,spatial_localization_camera,open_ended,0.17804068121768069,False,True
2262232,0023 - Heico - Sigma - 4.avi,False,False,spatial_localization_camera,fo_class,0.17804068121768069,False,True
2262261,0023 - Heico - Sigma - 4.avi,False,False,spatial_localization_camera,fo_class,0.17804068121768069,False,False
2681980,0023 - Heico - Sigma - 4.avi,False,False,spatial_localization_situs,open_ended,0.17804068121768069,False,True
2227315,0023 - Heico - Sigma - 4.avi,False,False,object_aggregation,number,0.17804068121768069,False,True
2226969,0023 - Heico - Sigma - 4.avi,False,False,object_aggregation,number,0.17804068121768069,False,False
2227278,0023 - Heico - Sigma - 4.avi,False,False,object_aggregation,number,0.17804068121768069,False,False
2227252,0023 - Heico - Sigma - 4.avi,False,False,object_aggregation,number,0.1780526019683748,False,False
2227089,0023 - Heico - Sigma - 4.avi,False,False,object_aggregation,number,0.1780526019683748,False,False
2227352,0023 - Heico - Sigma - 4.avi,False,False,object_aggregation,number,0.1780526019683748,False,False
2227237,0023 - Heico - Sigma - 4.avi,False,False,object_aggregation,number,0.1780526019683748,False,False
2226951,0023 - Heico - Sigma - 4.avi,False,False,object_aggregation,number,0.1780526019683748,False,False
2227384,0023 - Heico - Sigma - 4.avi,False,False,object_aggregation,number,0.1780526019683748,False,True
2227398,0023 - Heico - Sigma - 4.avi,False,False,object_aggregation,number,0.1780526019683748,False,True
2229265,0023 - Heico - Sigma - 4.avi,False,False,object_aggregation,number,0.1780526019683748,False,True
2229727,0023 - Heico - Sigma - 4.avi,False,False,object_aggregation,number,0.1780526019683748,False,False
2229507,0023 - Heico - Sigma - 4.avi,False,False,object_aggregation,number,0.1780526019683748,False,True
2229483,0023 - Heico - Sigma - 4.avi,False,False,object_aggregation,number,0.1780526019683748,False,True
2229625,0023 - Heico - Sigma - 4.avi,False,False,object_aggregation,number,0.1780526019683748,False,False
2229739,0023 - Heico - Sigma - 4.avi,False,False,object_aggregation,number,0.1780526019683748,False,False
2229744,0023 - Heico - Sigma - 4.avi,False,False,object_aggregation,number,0.1780526019683748,False,False
2229637,0023 - Heico - Sigma - 4.avi,False,False,object_aggregation,number,0.1780526019683748,False,False
2229819,0023 - Heico - Sigma - 4.avi,False,False,object_aggregation,number,0.1780526019683748,False,False
2229820,0023 - Heico - Sigma - 4.avi,False,False,object_aggregation,number,0.1780526019683748,False,False
2233748,0023 - Heico - Sigma - 4.avi,False,False,object_aggregation,binary,0.1780526019683748,False,True
2234145,0023 - Heico - Sigma - 4.avi,False,False,object_aggregation,binary,0.1780526019683748,False,False
2245810,0023 - Heico - Sigma - 4.avi,False,False,object_aggregation,binary,0.1780526019683748,False,False
2245963,0023 - Heico - Sigma - 4.avi,False,False,object_aggregation,binary,0.1780526019683748,False,True
2211575,0023 - Heico - Sigma - 4.avi,False,False,object_identification,fo_class,0.1780526019683748,False,True
2219951,0023 - Heico - Sigma - 4.avi,False,False,object_identification,fo_class,0.1780526019683748,False,False
2219641,0023 - Heico - Sigma - 4.avi,False,False,object_identification,fo_class,0.1780526019683748,False,True
2219715,0023 - Heico - Sigma - 4.avi,False,False,object_identification,fo_class,0.1780526019683748,False,True
2222084,0023 - Heico - Sigma - 4.avi,False,False,object_identification,fo_class,0.1780526019683748,False,True
2222151,0023 - Heico - Sigma - 4.avi,False,False,object_identification,fo_class,0.1780526019683748,False,False
2222060,0023 - Heico - Sigma - 4.avi,False,False,object_identification,fo_class,0.1780526019683748,False,True
2221743,0023 - Heico - Sigma - 4.avi,False,False,object_identification,fo_class,0.1780526019683748,False,True
2250754,0023 - Heico - Sigma - 4.avi,False,False,object_identification,fo_class,0.1780526019683748,False,True
2250791,0023 - Heico - Sigma - 4.avi,False,False,object_identification,fo_class,0.1780526019683748,False,False
2244739,0023 - Heico - Sigma - 4.avi,False,False,spatial_localization_camera,open_ended,0.1780526019683748,False,False
2262265,0023 - Heico - Sigma - 4.avi,False,False,spatial_localization_camera,fo_class,0.16399612359236926,False,False
2262239,0023 - Heico - Sigma - 4.avi,False,False,spatial_localization_camera,fo_class,0.16399612359236926,False,False
2681982,0023 - Heico - Sigma - 4.avi,False,False,spatial_localization_situs,open_ended,0.16399612359236926,False,True
2227210,0023 - Heico - Sigma - 4.avi,False,False,object_aggregation,number,0.16399612359236926,False,True
2227309,0023 - Heico - Sigma - 4.avi,False,False,object_aggregation,number,0.16399612359236926,False,False
2227357,0023 - Heico - Sigma - 4.avi,False,False,object_aggregation,number,0.16399612359236926,False,False
2227235,0023 - Heico - Sigma - 4.avi,False,False,object_aggregation,number,0.16399612359236926,False,False
2227140,0023 - Heico - Sigma - 4.avi,False,False,object_aggregation,number,0.16399612359236926,False,False
2226875,0023 - Heico - Sigma - 4.avi,False,False,object_aggregation,number,0.16399612359236926,False,False
2226866,0023 - Heico - Sigma - 4.avi,False,False,object_aggregation,number,0.16399612359236926,False,False
2226982,0023 - Heico - Sigma - 4.avi,False,False,object_aggregation,number,0.16399612359236926,False,False
2227786,0023 - Heico - Sigma - 4.avi,False,False,object_aggregation,number,0.16399612359236926,False,True
2227365,0023 - Heico - Sigma - 4.avi,False,False,object_aggregation,number,0.16399612359236926,False,False
2229273,0023 - Heico - Sigma - 4.avi,False,False,object_aggregation,number,0.16399612359236926,False,True
2229841,0023 - Heico - Sigma - 4.avi,False,False,object_aggregation,number,0.16399612359236926,False,False
2229399,0023 - Heico - Sigma - 4.avi,False,False,object_aggregation,number,0.16399612359236926,False,True
2229415,0023 - Heico - Sigma - 4.avi,False,False,object_aggregation,number,0.16399612359236926,False,False
2229452,0023 - Heico - Sigma - 4.avi,False,False,object_aggregation,number,0.16399612359236926,False,False
2229669,0023 - Heico - Sigma - 4.avi,False,False,object_aggregation,number,0.16399612359236926,False,False
2229681,0023 - Heico - Sigma - 4.avi,False,False,object_aggregation,number,0.16399612359236926,False,False
2229748,0023 - Heico - Sigma - 4.avi,False,False,object_aggregation,number,0.16399612359236926,False,False
2229835,0023 - Heico - Sigma - 4.avi,False,False,object_aggregation,number,0.16399612359236926,False,False
2229824,0023 - Heico - Sigma - 4.avi,False,False,object_aggregation,number,0.16399612359236926,False,False
2234450,0023 - Heico - Sigma - 4.avi,False,False,object_aggregation,binary,0.16399612359236926,False,True
2234543,0023 - Heico - Sigma - 4.avi,False,False,object_aggregation,binary,0.16399612359236926,False,True
2245959,0023 - Heico - Sigma - 4.avi,False,False,object_aggregation,binary,0.16399612359236926,False,False
2246182,0023 - Heico - Sigma - 4.avi,False,False,object_aggregation,binary,0.16399612359236926,False,True
2211480,0023 - Heico - Sigma - 4.avi,False,False,object_identification,fo_class,0.16399612359236926,False,True
2219885,0023 - Heico - Sigma - 4.avi,False,False,object_identification,fo_class,0.16399612359236926,False,False
2219569,0023 - Heico - Sigma - 4.avi,False,False,object_identification,fo_class,0.16399612359236926,False,True
2219531,0023 - Heico - Sigma - 4.avi,False,False,object_identification,fo_class,0.16399612359236926,False,False
2221992,0023 - Heico - Sigma - 4.avi,False,False,object_identification,fo_class,0.16399612359236926,False,True
2222153,0023 - Heico - Sigma - 4.avi,False,False,object_identification,fo_class,0.17944917059139698,False,False
2222083,0023 - Heico - Sigma - 4.avi,False,False,object_identification,fo_class,0.17944917059139698,False,False
2221682,0023 - Heico - Sigma - 4.avi,False,False,object_identification,fo_class,0.17944917059139698,False,True
2250726,0023 - Heico - Sigma - 4.avi,False,False,object_identification,fo_class,0.17944917059139698,False,True
2250809,0023 - Heico - Sigma - 4.avi,False,False,object_identification,fo_class,0.17944917059139698,False,False
2244740,0023 - Heico - Sigma - 4.avi,False,False,spatial_localization_camera,open_ended,0.17944917059139698,False,True
2262204,0023 - Heico - Sigma - 4.avi,False,False,spatial_localization_camera,fo_class,0.17944917059139698,False,True
2262244,0023 - Heico - Sigma - 4.avi,False,False,spatial_localization_camera,fo_class,0.17944917059139698,False,False
2681983,0023 - Heico - Sigma - 4.avi,False,False,spatial_localization_situs,open_ended,0.17944917059139698,False,True
2227032,0023 - Heico - Sigma - 4.avi,False,False,object_aggregation,number,0.17944917059139698,False,False
2227323,0023 - Heico - Sigma - 4.avi,False,False,object_aggregation,number,0.17944917059139698,False,False
2227272,0023 - Heico - Sigma - 4.avi,False,False,object_aggregation,number,0.17944917059139698,False,True
2227174,0023 - Heico - Sigma - 4.avi,False,False,object_aggregation,number,0.17944917059139698,False,False
2226859,0023 - Heico - Sigma - 4.avi,False,False,object_aggregation,number,0.17944917059139698,False,False
2227156,0023 - Heico - Sigma - 4.avi,False,False,object_aggregation,number,0.17944917059139698,False,False
2227056,0023 - Heico - Sigma - 4.avi,False,False,object_aggregation,number,0.17944917059139698,False,False
2227332,0023 - Heico - Sigma - 4.avi,False,False,object_aggregation,number,0.17944917059139698,False,False
2227450,0023 - Heico - Sigma - 4.avi,False,False,object_aggregation,number,0.17944917059139698,False,True
2227836,0023 - Heico - Sigma - 4.avi,False,False,object_aggregation,number,0.17944917059139698,False,False
2229366,0023 - Heico - Sigma - 4.avi,False,False,object_aggregation,number,0.17944917059139698,False,True
2229772,0023 - Heico - Sigma - 4.avi,False,False,object_aggregation,number,0.17944917059139698,False,False
2229773,0023 - Heico - Sigma - 4.avi,False,False,object_aggregation,number,0.17944917059139698,False,False
2229624,0023 - Heico - Sigma - 4.avi,False,False,object_aggregation,number,0.17944917059139698,False,False
2229668,0023 - Heico - Sigma - 4.avi,False,False,object_aggregation,number,0.17944917059139698,False,False
2229697,0023 - Heico - Sigma - 4.avi,False,False,object_aggregation,number,0.17944917059139698,False,False
2229718,0023 - Heico - Sigma - 4.avi,False,False,object_aggregation,number,0.17944917059139698,False,False
2229810,0023 - Heico - Sigma - 4.avi,False,False,object_aggregation,number,0.17944917059139698,False,False
2229822,0023 - Heico - Sigma - 4.avi,False,False,object_aggregation,number,0.17944917059139698,False,False
2234079,0023 - Heico - Sigma - 4.avi,False,False,object_aggregation,binary,0.17944917059139698,False,True
2234202,0023 - Heico - Sigma - 4.avi,False,False,object_aggregation,binary,0.17944917059139698,False,False
2245746,0023 - Heico - Sigma - 4.avi,False,False,object_aggregation,binary,0.17944917059139698,False,True
2245858,0023 - Heico - Sigma - 4.avi,False,False,object_aggregation,binary,0.17944917059139698,False,True
2211535,0023 - Heico - Sigma - 4.avi,False,False,object_identification,fo_class,0.1880013098125346,False,True
2219696,0023 - Heico - Sigma - 4.avi,False,False,object_identification,fo_class,0.1880013098125346,False,True
2219948,0023 - Heico - Sigma - 4.avi,False,False,object_identification,fo_class,0.1880013098125346,False,True
2219728,0023 - Heico - Sigma - 4.avi,False,False,object_identification,fo_class,0.1880013098125346,False,True
2221809,0023 - Heico - Sigma - 4.avi,False,False,object_identification,fo_class,0.1880013098125346,False,True
2222157,0023 - Heico - Sigma - 4.avi,False,False,object_identification,fo_class,0.1880013098125346,False,False
2222033,0023 - Heico - Sigma - 4.avi,False,False,object_identification,fo_class,0.1880013098125346,False,True
2221927,0023 - Heico - Sigma - 4.avi,False,False,object_identification,fo_class,0.1880013098125346,False,False
2250760,0023 - Heico - Sigma - 4.avi,False,False,object_identification,fo_class,0.1880013098125346,False,False
2250902,0023 - Heico - Sigma - 4.avi,False,False,object_identification,fo_class,0.1880013098125346,False,True
2244558,0023 - Heico - Sigma - 4.avi,False,False,spatial_localization_camera,open_ended,0.1880013098125346,False,False
2262230,0023 - Heico - Sigma - 4.avi,False,False,spatial_localization_camera,fo_class,0.1880013098125346,False,True
2262254,0023 - Heico - Sigma - 4.avi,False,False,spatial_localization_camera,fo_class,0.1880013098125346,False,False
2226873,0023 - Heico - Sigma - 4.avi,False,False,object_aggregation,number,0.1880013098125346,False,True
2227155,0023 - Heico - Sigma - 4.avi,False,False,object_aggregation,number,0.1880013098125346,False,False
2227254,0023 - Heico - Sigma - 4.avi,False,False,object_aggregation,number,0.1880013098125346,False,False
2227280,0023 - Heico - Sigma - 4.avi,False,False,object_aggregation,number,0.1880013098125346,False,False
2227047,0023 - Heico - Sigma - 4.avi,False,False,object_aggregation,number,0.1880013098125346,False,False
2227183,0023 - Heico - Sigma - 4.avi,False,False,object_aggregation,number,0.1880013098125346,False,False
2226897,0023 - Heico - Sigma - 4.avi,False,False,object_aggregation,number,0.1880013098125346,False,False
2226881,0023 - Heico - Sigma - 4.avi,False,False,object_aggregation,number,0.1880013098125346,False,False
2227364,0023 - Heico - Sigma - 4.avi,False,False,object_aggregation,number,0.1880013098125346,False,True
2227795,0023 - Heico - Sigma - 4.avi,False,False,object_aggregation,number,0.1880013098125346,False,False
2228865,0023 - Heico - Sigma - 4.avi,False,False,object_aggregation,number,0.1880013098125346,False,True
2229670,0023 - Heico - Sigma - 4.avi,False,False,object_aggregation,number,0.1880013098125346,False,True
2229408,0023 - Heico - Sigma - 4.avi,False,False,object_aggregation,number,0.1880013098125346,False,False
2229725,0023 - Heico - Sigma - 4.avi,False,False,object_aggregation,number,0.1880013098125346,False,False
2229492,0023 - Heico - Sigma - 4.avi,False,False,object_aggregation,number,0.1880013098125346,False,False
2229629,0023 - Heico - Sigma - 4.avi,False,False,object_aggregation,number,0.1880013098125346,False,False
2229742,0023 - Heico - Sigma - 4.avi,False,False,object_aggregation,number,0.1880013098125346,False,False
2229834,0023 - Heico - Sigma - 4.avi,False,False,object_aggregation,number,0.1880013098125346,False,False
2229735,0023 - Heico - Sigma - 4.avi,False,False,object_aggregation,number,0.1880013098125346,False,False
2233600,0023 - Heico - Sigma - 4.avi,False,False,object_aggregation,binary,0.17800785893632565,False,True
2234147,0023 - Heico - Sigma - 4.avi,False,False,object_aggregation,binary,0.17800785893632565,False,True
2245809,0023 - Heico - Sigma - 4.avi,False,False,object_aggregation,binary,0.17800785893632565,False,True
2246139,0023 - Heico - Sigma - 4.avi,False,False,object_aggregation,binary,0.17800785893632565,False,True
2211547,0023 - Heico - Sigma - 4.avi,False,False,object_identification,fo_class,0.17800785893632565,False,False
2219668,0023 - Heico - Sigma - 4.avi,False,False,object_identification,fo_class,0.17800785893632565,False,True
2219862,0023 - Heico - Sigma - 4.avi,False,False,object_identification,fo_class,0.17800785893632565,False,True
2219914,0023 - Heico - Sigma - 4.avi,False,False,object_identification,fo_class,0.17800785893632565,False,True
2222142,0023 - Heico - Sigma - 4.avi,False,False,object_identification,fo_class,0.17800785893632565,False,True
2221818,0023 - Heico - Sigma - 4.avi,False,False,object_identification,fo_class,0.17800785893632565,False,False
2222024,0023 - Heico - Sigma - 4.avi,False,False,object_identification,fo_class,0.17800785893632565,False,True
2221686,0023 - Heico - Sigma - 4.avi,False,False,object_identification,fo_class,0.17800785893632565,False,False
2250693,0023 - Heico - Sigma - 4.avi,False,False,object_identification,fo_class,0.17800785893632565,False,True
2250911,0023 - Heico - Sigma - 4.avi,False,False,object_identification,fo_class,0.17800785893632565,False,True
2244595,0023 - Heico - Sigma - 4.avi,False,False,spatial_localization_camera,open_ended,0.17800785893632565,False,False
2262256,0023 - Heico - Sigma - 4.avi,False,False,spatial_localization_camera,fo_class,0.17800785893632565,False,True
2262243,0023 - Heico - Sigma - 4.avi,False,False,spatial_localization_camera,fo_class,0.17800785893632565,False,False
2227077,0023 - Heico - Sigma - 4.avi,False,False,object_aggregation,number,0.17800785893632565,False,True
2227324,0023 - Heico - Sigma - 4.avi,False,False,object_aggregation,number,0.17800785893632565,False,False
2227188,0023 - Heico - Sigma - 4.avi,False,False,object_aggregation,number,0.17800785893632565,False,False
2227123,0023 - Heico - Sigma - 4.avi,False,False,object_aggregation,number,0.17800785893632565,False,True
2226972,0023 - Heico - Sigma - 4.avi,False,False,object_aggregation,number,0.17800785893632565,False,False
2227288,0023 - Heico - Sigma - 4.avi,False,False,object_aggregation,number,0.17800785893632565,False,False
2227045,0023 - Heico - Sigma - 4.avi,False,False,object_aggregation,number,0.17800785893632565,False,False
2227857,0023 - Heico - Sigma - 4.avi,False,False,object_aggregation,number,0.17800785893632565,False,True
2227699,0023 - Heico - Sigma - 4.avi,False,False,object_aggregation,number,0.17800785893632565,False,False
2229431,0023 - Heico - Sigma - 4.avi,False,False,object_aggregation,number,0.17800785893632565,False,False
2229541,0023 - Heico - Sigma - 4.avi,False,False,object_aggregation,number,0.17800785893632565,False,True
2229593,0023 - Heico - Sigma - 4.avi,False,False,object_aggregation,number,0.17800785893632565,False,False
2229694,0023 - Heico - Sigma - 4.avi,False,False,object_aggregation,number,0.17800785893632565,False,False
2229565,0023 - Heico - Sigma - 4.avi,False,False,object_aggregation,number,0.17800785893632565,False,False
2229573,0023 - Heico - Sigma - 4.avi,False,False,object_aggregation,number,0.17800785893632565,False,False
2229766,0023 - Heico - Sigma - 4.avi,False,False,object_aggregation,number,0.21017689915606752,False,False
2229729,0023 - Heico - Sigma - 4.avi,False,False,object_aggregation,number,0.21017689915606752,False,False
2229821,0023 - Heico - Sigma - 4.avi,False,False,object_aggregation,number,0.21017689915606752,False,False
2233671,0023 - Heico - Sigma - 4.avi,False,False,object_aggregation,binary,0.21017689915606752,False,True
2234576,0023 - Heico - Sigma - 4.avi,False,False,object_aggregation,binary,0.21017689915606752,False,False
2246196,0023 - Heico - Sigma - 4.avi,False,False,object_aggregation,binary,0.21017689915606752,False,False
2245968,0023 - Heico - Sigma - 4.avi,False,False,object_aggregation,binary,0.21017689915606752,False,True
2211484,0023 - Heico - Sigma - 4.avi,False,False,object_identification,fo_class,0.21017689915606752,False,True
2219717,0023 - Heico - Sigma - 4.avi,False,False,object_identification,fo_class,0.21017689915606752,False,True
2219643,0023 - Heico - Sigma - 4.avi,False,False,object_identification,fo_class,0.21017689915606752,False,True
2219551,0023 - Heico - Sigma - 4.avi,False,False,object_identification,fo_class,0.21017689915606752,False,False
2221850,0023 - Heico - Sigma - 4.avi,False,False,object_identification,fo_class,0.21017689915606752,False,True
2222158,0023 - Heico - Sigma - 4.avi,False,False,object_identification,fo_class,0.21017689915606752,False,False
2221780,0023 - Heico - Sigma - 4.avi,False,False,object_identification,fo_class,0.21017689915606752,False,True
2221910,0023 - Heico - Sigma - 4.avi,False,False,object_identification,fo_class,0.21017689915606752,False,False
2250815,0023 - Heico - Sigma - 4.avi,False,False,object_identification,fo_class,0.21017689915606752,False,False
2250779,0023 - Heico - Sigma - 4.avi,False,False,object_identification,fo_class,0.21017689915606752,False,False
2244629,0023 - Heico - Sigma - 4.avi,False,False,spatial_localization_camera,open_ended,0.21017689915606752,False,False
2262220,0023 - Heico - Sigma - 4.avi,False,False,spatial_localization_camera,fo_class,0.21017689915606752,False,True
2262237,0023 - Heico - Sigma - 4.avi,False,False,spatial_localization_camera,fo_class,0.21017689915606752,False,False
2227217,0023 - Heico - Sigma - 4.avi,False,False,object_aggregation,number,0.21017689915606752,False,True
2227314,0023 - Heico - Sigma - 4.avi,False,False,object_aggregation,number,0.21017689915606752,False,False
2227082,0023 - Heico - Sigma - 4.avi,False,False,object_aggregation,number,0.21017689915606752,False,False
2227213,0023 - Heico - Sigma - 4.avi,False,False,object_aggregation,number,0.21017689915606752,False,False
2226943,0023 - Heico - Sigma - 4.avi,False,False,object_aggregation,number,0.21017689915606752,False,False
2227715,0023 - Heico - Sigma - 4.avi,False,False,object_aggregation,number,0.21017689915606752,False,True
2227545,0023 - Heico - Sigma - 4.avi,False,False,object_aggregation,number,0.21017689915606752,False,False
2229523,0023 - Heico - Sigma - 4.avi,False,False,object_aggregation,number,0.21017689915606752,False,False
2229752,0023 - Heico - Sigma - 4.avi,False,False,object_aggregation,number,0.21017689915606752,False,True
2229787,0023 - Heico - Sigma - 4.avi,False,False,object_aggregation,number,0.21017689915606752,False,False
2229470,0023 - Heico - Sigma - 4.avi,False,False,object_aggregation,number,0.21017689915606752,False,False
2229501,0023 - Heico - Sigma - 4.avi,False,False,object_aggregation,number,0.21017689915606752,False,True
2229680,0023 - Heico - Sigma - 4.avi,False,False,object_aggregation,number,0.16668875359391677,False,False
2229638,0023 - Heico - Sigma - 4.avi,False,False,object_aggregation,number,0.16668875359391677,False,False
2229838,0023 - Heico - Sigma - 4.avi,False,False,object_aggregation,number,0.16668875359391677,False,False
2229730,0023 - Heico - Sigma - 4.avi,False,False,object_aggregation,number,0.16668875359391677,False,False
2234287,0023 - Heico - Sigma - 4.avi,False,False,object_aggregation,binary,0.16668875359391677,False,True
2234542,0023 - Heico - Sigma - 4.avi,False,False,object_aggregation,binary,0.16668875359391677,False,False
2245798,0023 - Heico - Sigma - 4.avi,False,False,object_aggregation,binary,0.16668875359391677,False,False
2246119,0023 - Heico - Sigma - 4.avi,False,False,object_aggregation,binary,0.16668875359391677,False,True
2211544,0023 - Heico - Sigma - 4.avi,False,False,object_identification,fo_class,0.16668875359391677,False,True
2219754,0023 - Heico - Sigma - 4.avi,False,False,object_identification,fo_class,0.16668875359391677,False,True
2219689,0023 - Heico - Sigma - 4.avi,False,False,object_identification,fo_class,0.16668875359391677,False,True
2219642,0023 - Heico - Sigma - 4.avi,False,False,object_identification,fo_class,0.16668875359391677,False,True
2221871,0023 - Heico - Sigma - 4.avi,False,False,object_identification,fo_class,0.16668875359391677,False,True
2222123,0023 - Heico - Sigma - 4.avi,False,False,object_identification,fo_class,0.16668875359391677,False,False
2221841,0023 - Heico - Sigma - 4.avi,False,False,object_identification,fo_class,0.16668875359391677,False,True
2278589,0024 - Heico - Sigma - 5.avi,False,False,object_identification,fo_class,0.16668875359391677,False,True
2278602,0024 - Heico - Sigma - 5.avi,False,False,object_identification,fo_class,0.16668875359391677,False,True
2278505,0024 - Heico - Sigma - 5.avi,False,False,object_identification,fo_class,0.16668875359391677,False,False
2278519,0024 - Heico - Sigma - 5.avi,False,False,object_identification,fo_class,0.16668875359391677,False,True
2294538,0024 - Heico - Sigma - 5.avi,False,False,object_identification,fo_class,0.16668875359391677,False,True
2294506,0024 - Heico - Sigma - 5.avi,False,False,object_identification,fo_class,0.16668875359391677,False,False
2294640,0024 - Heico - Sigma - 5.avi,False,False,object_identification,fo_class,0.16668875359391677,False,True
2294556,0024 - Heico - Sigma - 5.avi,False,False,object_identification,fo_class,0.16668875359391677,False,False
2294186,0024 - Heico - Sigma - 5.avi,False,False,object_identification,fo_class,0.16668875359391677,False,True
2298634,0024 - Heico - Sigma - 5.avi,False,False,object_identification,fo_class,0.16668875359391677,False,True
2298474,0024 - Heico - Sigma - 5.avi,False,False,object_identification,fo_class,0.16668875359391677,False,False
2298697,0024 - Heico - Sigma - 5.avi,False,False,object_identification,fo_class,0.16668875359391677,False,False
2298554,0024 - Heico - Sigma - 5.avi,False,False,object_identification,fo_class,0.16668875359391677,False,False
2298537,0024 - Heico - Sigma - 5.avi,False,False,object_identification,fo_class,0.16668875359391677,False,False
2298686,0024 - Heico - Sigma - 5.avi,False,False,object_identification,fo_class,0.16668875359391677,False,True
2298670,0024 - Heico - Sigma - 5.avi,False,False,object_identification,fo_class,0.16668875359391677,False,False
2298712,0024 - Heico - Sigma - 5.avi,False,False,object_identification,fo_class,0.16668875359391677,False,False
2298273,0024 - Heico - Sigma - 5.avi,False,False,object_identification,fo_class,0.17802426378329983,False,False
2359421,0024 - Heico - Sigma - 5.avi,False,False,object_identification,fo_class,0.17802426378329983,False,False
2359210,0024 - Heico - Sigma - 5.avi,False,False,object_identification,fo_class,0.17802426378329983,False,False
2359152,0024 - Heico - Sigma - 5.avi,False,False,object_identification,fo_class,0.17802426378329983,False,False
2359428,0024 - Heico - Sigma - 5.avi,False,False,object_identification,fo_class,0.17802426378329983,False,False
2359306,0024 - Heico - Sigma - 5.avi,False,False,object_identification,fo_class,0.17802426378329983,False,True
2681460,0024 - Heico - Sigma - 5.avi,False,False,object_identification,open_ended,0.17802426378329983,False,True
2681451,0024 - Heico - Sigma - 5.avi,False,False,object_attributes,open_ended,0.17802426378329983,False,True
2345353,0024 - Heico - Sigma - 5.avi,False,False,spatial_localization_camera,open_ended,0.17802426378329983,False,True
2383218,0024 - Heico - Sigma - 5.avi,False,False,spatial_localization_camera,fo_class,0.17802426378329983,False,False
2383190,0024 - Heico - Sigma - 5.avi,False,False,spatial_localization_camera,fo_class,0.17802426378329983,False,False
2394940,0024 - Heico - Sigma - 5.avi,False,False,spatial_localization_camera,multiple_choice,0.17802426378329983,False,False
2394922,0024 - Heico - Sigma - 5.avi,False,False,spatial_localization_camera,multiple_choice,0.17802426378329983,False,True
2394920,0024 - Heico - Sigma - 5.avi,False,False,spatial_localization_camera,multiple_choice,0.17802426378329983,False,False
2681450,0024 - Heico - Sigma - 5.avi,False,False,spatial_localization_situs,open_ended,0.17802426378329983,False,False
2681447,0024 - Heico - Sigma - 5.avi,False,False,spatial_localization_situs,open_ended,0.17802426378329983,False,False
2681952,0024 - Heico - Sigma - 5.avi,False,False,spatial_localization_situs,open_ended,0.17802426378329983,False,False
2681951,0024 - Heico - Sigma - 5.avi,False,False,spatial_localization_situs,open_ended,0.17802426378329983,False,False
2308278,0024 - Heico - Sigma - 5.avi,False,False,object_aggregation,number,0.17802426378329983,False,False
2308435,0024 - Heico - Sigma - 5.avi,False,False,object_aggregation,number,0.17802426378329983,False,False
2308517,0024 - Heico - Sigma - 5.avi,False,False,object_aggregation,number,0.17802426378329983,False,False
2308705,0024 - Heico - Sigma - 5.avi,False,False,object_aggregation,number,0.17802426378329983,False,False
2308939,0024 - Heico - Sigma - 5.avi,False,False,object_aggregation,number,0.17802426378329983,False,True
2309882,0024 - Heico - Sigma - 5.avi,False,False,object_aggregation,number,0.17802426378329983,False,True
2310804,0024 - Heico - Sigma - 5.avi,False,False,object_aggregation,number,0.17802426378329983,False,False
2310789,0024 - Heico - Sigma - 5.avi,False,False,object_aggregation,number,0.17802426378329983,False,True
2321487,0024 - Heico - Sigma - 5.avi,False,False,object_aggregation,binary,0.17802426378329983,False,True
2320147,0024 - Heico - Sigma - 5.avi,False,False,object_aggregation,binary,0.17802426378329983,False,False
2346737,0024 - Heico - Sigma - 5.avi,False,False,object_aggregation,binary,0.17802426378329983,False,True
2346748,0024 - Heico - Sigma - 5.avi,False,False,object_aggregation,binary,0.17802426378329983,False,True
2278591,0024 - Heico - Sigma - 5.avi,False,False,object_identification,fo_class,0.17802426378329983,False,False
2278597,0024 - Heico - Sigma - 5.avi,False,False,object_identification,fo_class,0.17802426378329983,False,True
2278578,0024 - Heico - Sigma - 5.avi,False,False,object_identification,fo_class,0.17801444428187096,False,False
2278517,0024 - Heico - Sigma - 5.avi,False,False,object_identification,fo_class,0.17801444428187096,False,False
2294312,0024 - Heico - Sigma - 5.avi,False,False,object_identification,fo_class,0.17801444428187096,False,False
2294346,0024 - Heico - Sigma - 5.avi,False,False,object_identification,fo_class,0.17801444428187096,False,False
2294421,0024 - Heico - Sigma - 5.avi,False,False,object_identification,fo_class,0.17801444428187096,False,False
2294561,0024 - Heico - Sigma - 5.avi,False,False,object_identification,fo_class,0.17801444428187096,False,False
2294459,0024 - Heico - Sigma - 5.avi,False,False,object_identification,fo_class,0.17801444428187096,False,False
2298340,0024 - Heico - Sigma - 5.avi,False,False,object_identification,fo_class,0.17801444428187096,False,False
2298606,0024 - Heico - Sigma - 5.avi,False,False,object_identification,fo_class,0.17801444428187096,False,False
2298247,0024 - Heico - Sigma - 5.avi,False,False,object_identification,fo_class,0.17801444428187096,False,True
2298304,0024 - Heico - Sigma - 5.avi,False,False,object_identification,fo_class,0.17801444428187096,False,False
2298343,0024 - Heico - Sigma - 5.avi,False,False,object_identification,fo_class,0.17801444428187096,False,False
2298259,0024 - Heico - Sigma - 5.avi,False,False,object_identification,fo_class,0.17801444428187096,False,True
2298665,0024 - Heico - Sigma - 5.avi,False,False,object_identification,fo_class,0.17801444428187096,False,False
2298716,0024 - Heico - Sigma - 5.avi,False,False,object_identification,fo_class,0.17801444428187096,False,True
2298476,0024 - Heico - Sigma - 5.avi,False,False,object_identification,fo_class,0.17801444428187096,False,False
2359224,0024 - Heico - Sigma - 5.avi,False,False,object_identification,fo_class,0.17801444428187096,False,False
2359161,0024 - Heico - Sigma - 5.avi,False,False,object_identification,fo_class,0.17801444428187096,False,False
2359154,0024 - Heico - Sigma - 5.avi,False,False,object_identification,fo_class,0.17801444428187096,False,False
2359425,0024 - Heico - Sigma - 5.avi,False,False,object_identification,fo_class,0.17801444428187096,False,False
2359415,0024 - Heico - Sigma - 5.avi,False,False,object_identification,fo_class,0.17801444428187096,False,True
2681452,0024 - Heico - Sigma - 5.avi,False,False,object_attributes,open_ended,0.17801444428187096,False,False
2345443,0024 - Heico - Sigma - 5.avi,False,False,spatial_localization_camera,open_ended,0.17801444428187096,False,True
2383216,0024 - Heico - Sigma - 5.avi,False,False,spatial_localization_camera,fo_class,0.17801444428187096,False,True
2383206,0024 - Heico - Sigma - 5.avi,False,False,spatial_localization_camera,fo_class,0.17801444428187096,False,False
2394938,0024 - Heico - Sigma - 5.avi,False,False,spatial_localization_camera,multiple_choice,0.17801444428187096,False,False
2394927,0024 - Heico - Sigma - 5.avi,False,False,spatial_localization_camera,multiple_choice,0.17801444428187096,False,True
2681458,0024 - Heico - Sigma - 5.avi,False,False,spatial_localization_situs,open_ended,0.17801444428187096,False,False
2681956,0024 - Heico - Sigma - 5.avi,False,False,spatial_localization_situs,open_ended,0.17801444428187096,False,True
2681960,0024 - Heico - Sigma - 5.avi,False,False,spatial_localization_situs,open_ended,0.17801444428187096,False,False
2308377,0024 - Heico - Sigma - 5.avi,False,False,object_aggregation,number,0.17801444428187096,False,True
2308603,0024 - Heico - Sigma - 5.avi,False,False,object_aggregation,number,0.17801444428187096,False,False
2308520,0024 - Heico - Sigma - 5.avi,False,False,object_aggregation,number,0.16393335509565077,False,False
2308919,0024 - Heico - Sigma - 5.avi,False,False,object_aggregation,number,0.16393335509565077,False,True
2309066,0024 - Heico - Sigma - 5.avi,False,False,object_aggregation,number,0.16393335509565077,False,False
2310813,0024 - Heico - Sigma - 5.avi,False,False,object_aggregation,number,0.16393335509565077,False,False
2309899,0024 - Heico - Sigma - 5.avi,False,False,object_aggregation,number,0.16393335509565077,False,False
2310786,0024 - Heico - Sigma - 5.avi,False,False,object_aggregation,number,0.16393335509565077,False,False
2320189,0024 - Heico - Sigma - 5.avi,False,False,object_aggregation,binary,0.16393335509565077,False,True
2321526,0024 - Heico - Sigma - 5.avi,False,False,object_aggregation,binary,0.16393335509565077,False,True
2346764,0024 - Heico - Sigma - 5.avi,False,False,object_aggregation,binary,0.16393335509565077,False,True
2346832,0024 - Heico - Sigma - 5.avi,False,False,object_aggregation,binary,0.16393335509565077,False,False
2278588,0024 - Heico - Sigma - 5.avi,False,False,object_identification,fo_class,0.16393335509565077,False,True
2278596,0024 - Heico - Sigma - 5.avi,False,False,object_identification,fo_class,0.16393335509565077,False,True
2278503,0024 - Heico - Sigma - 5.avi,False,False,object_identification,fo_class,0.16393335509565077,False,False
2278511,0024 - Heico - Sigma - 5.avi,False,False,object_identification,fo_class,0.16393335509565077,False,False
2294534,0024 - Heico - Sigma - 5.avi,False,False,object_identification,fo_class,0.16393335509565077,False,True
2294512,0024 - Heico - Sigma - 5.avi,False,False,object_identification,fo_class,0.16393335509565077,False,False
2294528,0024 - Heico - Sigma - 5.avi,False,False,object_identification,fo_class,0.16393335509565077,False,False
2294563,0024 - Heico - Sigma - 5.avi,False,False,object_identification,fo_class,0.16393335509565077,False,False
2294431,0024 - Heico - Sigma - 5.avi,False,False,object_identification,fo_class,0.16393335509565077,False,False
2298640,0024 - Heico - Sigma - 5.avi,False,False,object_identification,fo_class,0.16393335509565077,False,True
2298602,0024 - Heico - Sigma - 5.avi,False,False,object_identification,fo_class,0.16393335509565077,False,False
2298546,0024 - Heico - Sigma - 5.avi,False,False,object_identification,fo_class,0.16393335509565077,False,True
2298597,0024 - Heico - Sigma - 5.avi,False,False,object_identification,fo_class,0.16393335509565077,False,False
2298536,0024 - Heico - Sigma - 5.avi,False,False,object_identification,fo_class,0.16393335509565077,False,False
2298717,0024 - Heico - Sigma - 5.avi,False,False,object_identification,fo_class,0.16393335509565077,False,False
2298711,0024 - Heico - Sigma - 5.avi,False,False,object_identification,fo_class,0.16393335509565077,False,False
2298486,0024 - Heico - Sigma - 5.avi,False,False,object_identification,fo_class,0.16393335509565077,False,False
2359417,0024 - Heico - Sigma - 5.avi,False,False,object_identification,fo_class,0.16393335509565077,False,True
2359202,0024 - Heico - Sigma - 5.avi,False,False,object_identification,fo_class,0.16393335509565077,False,False
2359153,0024 - Heico - Sigma - 5.avi,False,False,object_identification,fo_class,0.16393335509565077,False,False
2359424,0024 - Heico - Sigma - 5.avi,False,False,object_identification,fo_class,0.16393335509565077,False,False
2359446,0024 - Heico - Sigma - 5.avi,False,False,object_identification,fo_class,0.16393335509565077,False,False
2681448,0024 - Heico - Sigma - 5.avi,False,False,object_attributes,open_ended,0.2101908701879438,False,False
2345478,0024 - Heico - Sigma - 5.avi,False,False,spatial_localization_camera,open_ended,0.2101908701879438,False,False
2383220,0024 - Heico - Sigma - 5.avi,False,False,spatial_localization_camera,fo_class,0.2101908701879438,False,True
2383192,0024 - Heico - Sigma - 5.avi,False,False,spatial_localization_camera,fo_class,0.2101908701879438,False,False
2394931,0024 - Heico - Sigma - 5.avi,False,False,spatial_localization_camera,multiple_choice,0.2101908701879438,False,True
2394921,0024 - Heico - Sigma - 5.avi,False,False,spatial_localization_camera,multiple_choice,0.2101908701879438,False,True
2681957,0024 - Heico - Sigma - 5.avi,False,False,spatial_localization_situs,open_ended,0.2101908701879438,False,True
2308527,0024 - Heico - Sigma - 5.avi,False,False,object_aggregation,number,0.2101908701879438,False,True
2308347,0024 - Heico - Sigma - 5.avi,False,False,object_aggregation,number,0.2101908701879438,False,True
2308766,0024 - Heico - Sigma - 5.avi,False,False,object_aggregation,number,0.2101908701879438,False,False
2308631,0024 - Heico - Sigma - 5.avi,False,False,object_aggregation,number,0.2101908701879438,False,True
2310912,0024 - Heico - Sigma - 5.avi,False,False,object_aggregation,number,0.2101908701879438,False,True
2310803,0024 - Heico - Sigma - 5.avi,False,False,object_aggregation,number,0.2101908701879438,False,False
2310790,0024 - Heico - Sigma - 5.avi,False,False,object_aggregation,number,0.2101908701879438,False,True
2321268,0024 - Heico - Sigma - 5.avi,False,False,object_aggregation,binary,0.2101908701879438,False,True
2320123,0024 - Heico - Sigma - 5.avi,False,False,object_aggregation,binary,0.2101908701879438,False,False
2346801,0024 - Heico - Sigma - 5.avi,False,False,object_aggregation,binary,0.2101908701879438,False,True
2346751,0024 - Heico - Sigma - 5.avi,False,False,object_aggregation,binary,0.2101908701879438,False,True
2278592,0024 - Heico - Sigma - 5.avi,False,False,object_identification,fo_class,0.2101908701879438,False,False
2278601,0024 - Heico - Sigma - 5.avi,False,False,object_identification,fo_class,0.2101908701879438,False,True
2278579,0024 - Heico - Sigma - 5.avi,False,False,object_identification,fo_class,0.2101908701879438,False,False
2278512,0024 - Heico - Sigma - 5.avi,False,False,object_identification,fo_class,0.2101908701879438,False,False
2294545,0024 - Heico - Sigma - 5.avi,False,False,object_identification,fo_class,0.2101908701879438,False,False
2294614,0024 - Heico - Sigma - 5.avi,False,False,object_identification,fo_class,0.2101908701879438,False,True
2294171,0024 - Heico - Sigma - 5.avi,False,False,object_identification,fo_class,0.2101908701879438,False,False
2294560,0024 - Heico - Sigma - 5.avi,False,False,object_identification,fo_class,0.2101908701879438,False,False
2294166,0024 - Heico - Sigma - 5.avi,False,False,object_identification,fo_class,0.2101908701879438,False,False
2298436,0024 - Heico - Sigma - 5.avi,False,False,object_identification,fo_class,0.2101908701879438,False,False
2298622,0024 - Heico - Sigma - 5.avi,False,False,object_identification,fo_class,0.2101908701879438,False,True
2298437,0024 - Heico - Sigma - 5.avi,False,False,object_identification,fo_class,0.2101908701879438,False,False
2298488,0024 - Heico - Sigma - 5.avi,False,False,object_identification,fo_class,0.2101908701879438,False,True
2298714,0024 - Heico - Sigma - 5.avi,False,False,object_identification,fo_class,0.2101908701879438,False,False
2298345,0024 - Heico - Sigma - 5.avi,False,False,object_identification,fo_class,0.1809444409700518,False,True
2359225,0024 - Heico - Sigma - 5.avi,False,False,object_identification,fo_class,0.1809444409700518,False,False
2359231,0024 - Heico - Sigma - 5.avi,False,False,object_identification,fo_class,0.1809444409700518,False,True
2359158,0024 - Heico - Sigma - 5.avi,False,False,object_identification,fo_class,0.1809444409700518,False,False
2359427,0024 - Heico - Sigma - 5.avi,False,False,object_identification,fo_class,0.1809444409700518,False,False
2359462,0024 - Heico - Sigma - 5.avi,False,False,object_identification,fo_class,0.1809444409700518,False,False
2345517,0024 - Heico - Sigma - 5.avi,False,False,spatial_localization_camera,open_ended,0.1809444409700518,False,False
2383217,0024 - Heico - Sigma - 5.avi,False,False,spatial_localization_camera,fo_class,0.1809444409700518,False,False
2383199,0024 - Heico - Sigma - 5.avi,False,False,spatial_localization_camera,fo_class,0.1809444409700518,False,False
2394941,0024 - Heico - Sigma - 5.avi,False,False,spatial_localization_camera,multiple_choice,0.1809444409700518,False,True
2394930,0024 - Heico - Sigma - 5.avi,False,False,spatial_localization_camera,multiple_choice,0.1809444409700518,False,False
2681959,0024 - Heico - Sigma - 5.avi,False,False,spatial_localization_situs,open_ended,0.1809444409700518,False,True
2308551,0024 - Heico - Sigma - 5.avi,False,False,object_aggregation,number,0.1809444409700518,False,True
2308233,0024 - Heico - Sigma - 5.avi,False,False,object_aggregation,number,0.1809444409700518,False,False
2308681,0024 - Heico - Sigma - 5.avi,False,False,object_aggregation,number,0.1809444409700518,False,False
2308871,0024 - Heico - Sigma - 5.avi,False,False,object_aggregation,number,0.1809444409700518,False,False
2310984,0024 - Heico - Sigma - 5.avi,False,False,object_aggregation,number,0.1809444409700518,False,True
2309929,0024 - Heico - Sigma - 5.avi,False,False,object_aggregation,number,0.1809444409700518,False,False
2310782,0024 - Heico - Sigma - 5.avi,False,False,object_aggregation,number,0.1809444409700518,False,False
2321818,0024 - Heico - Sigma - 5.avi,False,False,object_aggregation,binary,0.1809444409700518,False,True
2320480,0024 - Heico - Sigma - 5.avi,False,False,object_aggregation,binary,0.1809444409700518,False,True
2346847,0024 - Heico - Sigma - 5.avi,False,False,object_aggregation,binary,0.1809444409700518,False,True
2346834,0024 - Heico - Sigma - 5.avi,False,False,object_aggregation,binary,0.1809444409700518,False,True
2278593,0024 - Heico - Sigma - 5.avi,False,False,object_identification,fo_class,0.1809444409700518,False,True
2278594,0024 - Heico - Sigma - 5.avi,False,False,object_identification,fo_class,0.1809444409700518,False,True
2278502,0024 - Heico - Sigma - 5.avi,False,False,object_identification,fo_class,0.1809444409700518,False,False
2278526,0024 - Heico - Sigma - 5.avi,False,False,object_identification,fo_class,0.1809444409700518,False,False
2294553,0024 - Heico - Sigma - 5.avi,False,False,object_identification,fo_class,0.1809444409700518,False,True
2294466,0024 - Heico - Sigma - 5.avi,False,False,object_identification,fo_class,0.1809444409700518,False,False
2294302,0024 - Heico - Sigma - 5.avi,False,False,object_identification,fo_class,0.1809444409700518,False,False
2294568,0024 - Heico - Sigma - 5.avi,False,False,object_identification,fo_class,0.1809444409700518,False,False
2294158,0024 - Heico - Sigma - 5.avi,False,False,object_identification,fo_class,0.1809444409700518,False,True
2298635,0024 - Heico - Sigma - 5.avi,False,False,object_identification,fo_class,0.1807964500003436,False,True
2298550,0024 - Heico - Sigma - 5.avi,False,False,object_identification,fo_class,0.1807964500003436,False,False
2298541,0024 - Heico - Sigma - 5.avi,False,False,object_identification,fo_class,0.1807964500003436,False,False
2298461,0024 - Heico - Sigma - 5.avi,False,False,object_identification,fo_class,0.1807964500003436,False,False
2298496,0024 - Heico - Sigma - 5.avi,False,False,object_identification,fo_class,0.1807964500003436,False,False
2359422,0024 - Heico - Sigma - 5.avi,False,False,object_identification,fo_class,0.1807964500003436,False,True
2359208,0024 - Heico - Sigma - 5.avi,False,False,object_identification,fo_class,0.1807964500003436,False,False
2359201,0024 - Heico - Sigma - 5.avi,False,False,object_identification,fo_class,0.1807964500003436,False,False
2359426,0024 - Heico - Sigma - 5.avi,False,False,object_identification,fo_class,0.1807964500003436,False,False
2359465,0024 - Heico - Sigma - 5.avi,False,False,object_identification,fo_class,0.1807964500003436,False,True
2345562,0024 - Heico - Sigma - 5.avi,False,False,spatial_localization_camera,open_ended,0.1807964500003436,False,False
2383219,0024 - Heico - Sigma - 5.avi,False,False,spatial_localization_camera,fo_class,0.1807964500003436,False,True
2383186,0024 - Heico - Sigma - 5.avi,False,False,spatial_localization_camera,fo_class,0.1807964500003436,False,False
2394939,0024 - Heico - Sigma - 5.avi,False,False,spatial_localization_camera,multiple_choice,0.1807964500003436,False,False
2394923,0024 - Heico - Sigma - 5.avi,False,False,spatial_localization_camera,multiple_choice,0.1807964500003436,False,False
2681963,0024 - Heico - Sigma - 5.avi,False,False,spatial_localization_situs,open_ended,0.1807964500003436,False,False
2308585,0024 - Heico - Sigma - 5.avi,False,False,object_aggregation,number,0.1807964500003436,False,True
2308538,0024 - Heico - Sigma - 5.avi,False,False,object_aggregation,number,0.1807964500003436,False,False
2309041,0024 - Heico - Sigma - 5.avi,False,False,object_aggregation,number,0.1807964500003436,False,True
2309106,0024 - Heico - Sigma - 5.avi,False,False,object_aggregation,number,0.1807964500003436,False,True
2310267,0024 - Heico - Sigma - 5.avi,False,False,object_aggregation,number,0.1807964500003436,False,True
2310806,0024 - Heico - Sigma - 5.avi,False,False,object_aggregation,number,0.1807964500003436,False,True
2310784,0024 - Heico - Sigma - 5.avi,False,False,object_aggregation,number,0.1807964500003436,False,True
2320815,0024 - Heico - Sigma - 5.avi,False,False,object_aggregation,binary,0.1807964500003436,False,True
2320143,0024 - Heico - Sigma - 5.avi,False,False,object_aggregation,binary,0.1807964500003436,False,False
2346732,0024 - Heico - Sigma - 5.avi,False,False,object_aggregation,binary,0.1807964500003436,False,True
2346747,0024 - Heico - Sigma - 5.avi,False,False,object_aggregation,binary,0.1807964500003436,False,True
2278587,0024 - Heico - Sigma - 5.avi,False,False,object_identification,fo_class,0.1807964500003436,False,False
2278599,0024 - Heico - Sigma - 5.avi,False,False,object_identification,fo_class,0.1807964500003436,False,True
2278563,0024 - Heico - Sigma - 5.avi,False,False,object_identification,fo_class,0.1807964500003436,False,False
2278521,0024 - Heico - Sigma - 5.avi,False,False,object_identification,fo_class,0.1807964500003436,False,False
2294281,0024 - Heico - Sigma - 5.avi,False,False,object_identification,fo_class,0.1807964500003436,False,False
2294492,0024 - Heico - Sigma - 5.avi,False,False,object_identification,fo_class,0.17804164106564713,False,False
2294604,0024 - Heico - Sigma - 5.avi,False,False,object_identification,fo_class,0.17804164106564713,False,True
2294547,0024 - Heico - Sigma - 5.avi,False,False,object_identification,fo_class,0.17804164106564713,False,True
2298246,0024 - Heico - Sigma - 5.avi,False,False,object_identification,fo_class,0.17804164106564713,False,True
2298223,0024 - Heico - Sigma - 5.avi,False,False,object_identification,fo_class,0.17804164106564713,False,False
2298252,0024 - Heico - Sigma - 5.avi,False,False,object_identification,fo_class,0.17804164106564713,False,False
2298518,0024 - Heico - Sigma - 5.avi,False,False,object_identification,fo_class,0.17804164106564713,False,True
2298333,0024 - Heico - Sigma - 5.avi,False,False,object_identification,fo_class,0.17804164106564713,False,False
2359222,0024 - Heico - Sigma - 5.avi,False,False,object_identification,fo_class,0.17804164106564713,False,False
2359163,0024 - Heico - Sigma - 5.avi,False,False,object_identification,fo_class,0.17804164106564713,False,False
2359160,0024 - Heico - Sigma - 5.avi,False,False,object_identification,fo_class,0.17804164106564713,False,False
2359430,0024 - Heico - Sigma - 5.avi,False,False,object_identification,fo_class,0.17804164106564713,False,False
2359381,0024 - Heico - Sigma - 5.avi,False,False,object_identification,fo_class,0.17804164106564713,False,False
2345425,0024 - Heico - Sigma - 5.avi,False,False,spatial_localization_camera,open_ended,0.17804164106564713,False,True
2383197,0024 - Heico - Sigma - 5.avi,False,False,spatial_localization_camera,fo_class,0.17804164106564713,False,False
2394934,0024 - Heico - Sigma - 5.avi,False,False,spatial_localization_camera,multiple_choice,0.17804164106564713,False,False
2394925,0024 - Heico - Sigma - 5.avi,False,False,spatial_localization_camera,multiple_choice,0.17804164106564713,False,True
2681954,0024 - Heico - Sigma - 5.avi,False,False,spatial_localization_situs,open_ended,0.17804164106564713,False,False
2308537,0024 - Heico - Sigma - 5.avi,False,False,object_aggregation,number,0.17804164106564713,False,False
2308567,0024 - Heico - Sigma - 5.avi,False,False,object_aggregation,number,0.17804164106564713,False,True
2308782,0024 - Heico - Sigma - 5.avi,False,False,object_aggregation,number,0.17804164106564713,False,True
2309063,0024 - Heico - Sigma - 5.avi,False,False,object_aggregation,number,0.17804164106564713,False,False
2310159,0024 - Heico - Sigma - 5.avi,False,False,object_aggregation,number,0.17804164106564713,False,True
2310084,0024 - Heico - Sigma - 5.avi,False,False,object_aggregation,number,0.17804164106564713,False,False
2310787,0024 - Heico - Sigma - 5.avi,False,False,object_aggregation,number,0.17804164106564713,False,True
2321483,0024 - Heico - Sigma - 5.avi,False,False,object_aggregation,binary,0.17804164106564713,False,True
2321531,0024 - Heico - Sigma - 5.avi,False,False,object_aggregation,binary,0.17804164106564713,False,False
2346766,0024 - Heico - Sigma - 5.avi,False,False,object_aggregation,binary,0.17804164106564713,False,True
2346830,0024 - Heico - Sigma - 5.avi,False,False,object_aggregation,binary,0.17804164106564713,False,True
2278590,0024 - Heico - Sigma - 5.avi,False,False,object_identification,fo_class,0.17804164106564713,False,True
2278600,0024 - Heico - Sigma - 5.avi,False,False,object_identification,fo_class,0.17804164106564713,False,True
2278510,0024 - Heico - Sigma - 5.avi,False,False,object_identification,fo_class,0.17804164106564713,False,False
2278525,0024 - Heico - Sigma - 5.avi,False,False,object_identification,fo_class,0.17804998659266857,False,False
2294542,0024 - Heico - Sigma - 5.avi,False,False,object_identification,fo_class,0.17804998659266857,False,True
2294523,0024 - Heico - Sigma - 5.avi,False,False,object_identification,fo_class,0.17804998659266857,False,True
2294577,0024 - Heico - Sigma - 5.avi,False,False,object_identification,fo_class,0.17804998659266857,False,True
2294168,0024 - Heico - Sigma - 5.avi,False,False,object_identification,fo_class,0.17804998659266857,False,False
2298653,0024 - Heico - Sigma - 5.avi,False,False,object_identification,fo_class,0.17804998659266857,False,False
2298539,0024 - Heico - Sigma - 5.avi,False,False,object_identification,fo_class,0.17804998659266857,False,False
2298431,0024 - Heico - Sigma - 5.avi,False,False,object_identification,fo_class,0.17804998659266857,False,False
2298569,0024 - Heico - Sigma - 5.avi,False,False,object_identification,fo_class,0.17804998659266857,False,True
2298290,0024 - Heico - Sigma - 5.avi,False,False,object_identification,fo_class,0.17804998659266857,False,False
2359418,0024 - Heico - Sigma - 5.avi,False,False,object_identification,fo_class,0.17804998659266857,False,True
2359174,0024 - Heico - Sigma - 5.avi,False,False,object_identification,fo_class,0.17804998659266857,False,False
2359151,0024 - Heico - Sigma - 5.avi,False,False,object_identification,fo_class,0.17804998659266857,False,False
2359431,0024 - Heico - Sigma - 5.avi,False,False,object_identification,fo_class,0.17804998659266857,False,False
2359364,0024 - Heico - Sigma - 5.avi,False,False,object_identification,fo_class,0.17804998659266857,False,True
2345721,0024 - Heico - Sigma - 5.avi,False,False,spatial_localization_camera,open_ended,0.17804998659266857,False,True
2383188,0024 - Heico - Sigma - 5.avi,False,False,spatial_localization_camera,fo_class,0.17804998659266857,False,False
2394935,0024 - Heico - Sigma - 5.avi,False,False,spatial_localization_camera,multiple_choice,0.17804998659266857,False,False
2394929,0024 - Heico - Sigma - 5.avi,False,False,spatial_localization_camera,multiple_choice,0.17804998659266857,False,False
2681958,0024 - Heico - Sigma - 5.avi,False,False,spatial_localization_situs,open_ended,0.17804998659266857,False,False
2308192,0024 - Heico - Sigma - 5.avi,False,False,object_aggregation,number,0.17804998659266857,False,True
2308564,0024 - Heico - Sigma - 5.avi,False,False,object_aggregation,number,0.17804998659266857,False,False
2308943,0024 - Heico - Sigma - 5.avi,False,False,object_aggregation,number,0.17804998659266857,False,True
2308757,0024 - Heico - Sigma - 5.avi,False,False,object_aggregation,number,0.17804998659266857,False,False
2310562,0024 - Heico - Sigma - 5.avi,False,False,object_aggregation,number,0.17804998659266857,False,True
2310805,0024 - Heico - Sigma - 5.avi,False,False,object_aggregation,number,0.17804998659266857,False,True
2310783,0024 - Heico - Sigma - 5.avi,False,False,object_aggregation,number,0.17804998659266857,False,True
2321311,0024 - Heico - Sigma - 5.avi,False,False,object_aggregation,binary,0.17804998659266857,False,True
2319952,0024 - Heico - Sigma - 5.avi,False,False,object_aggregation,binary,0.17804998659266857,False,False
2346798,0024 - Heico - Sigma - 5.avi,False,False,object_aggregation,binary,0.17804998659266857,False,True
2346754,0024 - Heico - Sigma - 5.avi,False,False,object_aggregation,binary,0.17804998659266857,False,True
2278595,0024 - Heico - Sigma - 5.avi,False,False,object_identification,fo_class,0.17804998659266857,False,True
2278568,0024 - Heico - Sigma - 5.avi,False,False,object_identification,fo_class,0.17804654612700688,False,False
2278522,0024 - Heico - Sigma - 5.avi,False,False,object_identification,fo_class,0.17804654612700688,False,True
2294555,0024 - Heico - Sigma - 5.avi,False,False,object_identification,fo_class,0.17804654612700688,False,True
2294435,0024 - Heico - Sigma - 5.avi,False,False,object_identification,fo_class,0.17804654612700688,False,True
2294167,0024 - Heico - Sigma - 5.avi,False,False,object_identification,fo_class,0.17804654612700688,False,True
2294456,0024 - Heico - Sigma - 5.avi,False,False,object_identification,fo_class,0.17804654612700688,False,True
2298709,0024 - Heico - Sigma - 5.avi,False,False,object_identification,fo_class,0.17804654612700688,False,False
2298284,0024 - Heico - Sigma - 5.avi,False,False,object_identification,fo_class,0.17804654612700688,False,True
2298264,0024 - Heico - Sigma - 5.avi,False,False,object_identification,fo_class,0.17804654612700688,False,False
2298659,0024 - Heico - Sigma - 5.avi,False,False,object_identification,fo_class,0.17804654612700688,False,False
2298529,0024 - Heico - Sigma - 5.avi,False,False,object_identification,fo_class,0.17804654612700688,False,False
2359223,0024 - Heico - Sigma - 5.avi,False,False,object_identification,fo_class,0.17804654612700688,False,False
2359207,0024 - Heico - Sigma - 5.avi,False,False,object_identification,fo_class,0.17804654612700688,False,False
2359155,0024 - Heico - Sigma - 5.avi,False,False,object_identification,fo_class,0.17804654612700688,False,False
2359429,0024 - Heico - Sigma - 5.avi,False,False,object_identification,fo_class,0.17804654612700688,False,False
2359403,0024 - Heico - Sigma - 5.avi,False,False,object_identification,fo_class,0.17804654612700688,False,False
2345241,0024 - Heico - Sigma - 5.avi,False,False,spatial_localization_camera,open_ended,0.17804654612700688,False,True
2383200,0024 - Heico - Sigma - 5.avi,False,False,spatial_localization_camera,fo_class,0.17804654612700688,False,False
2394936,0024 - Heico - Sigma - 5.avi,False,False,spatial_localization_camera,multiple_choice,0.17804654612700688,False,False
2394928,0024 - Heico - Sigma - 5.avi,False,False,spatial_localization_camera,multiple_choice,0.17804654612700688,False,True
2681964,0024 - Heico - Sigma - 5.avi,False,False,spatial_localization_situs,open_ended,0.17804654612700688,False,False
2308226,0024 - Heico - Sigma - 5.avi,False,False,object_aggregation,number,0.17804654612700688,False,False
2308602,0024 - Heico - Sigma - 5.avi,False,False,object_aggregation,number,0.17804654612700688,False,False
2308839,0024 - Heico - Sigma - 5.avi,False,False,object_aggregation,number,0.17804654612700688,False,True
2309103,0024 - Heico - Sigma - 5.avi,False,False,object_aggregation,number,0.17804654612700688,False,False
2309931,0024 - Heico - Sigma - 5.avi,False,False,object_aggregation,number,0.17804654612700688,False,True
2309930,0024 - Heico - Sigma - 5.avi,False,False,object_aggregation,number,0.17804654612700688,False,False
2310785,0024 - Heico - Sigma - 5.avi,False,False,object_aggregation,number,0.17804654612700688,False,True
2319955,0024 - Heico - Sigma - 5.avi,False,False,object_aggregation,binary,0.17804654612700688,False,True
2320705,0024 - Heico - Sigma - 5.avi,False,False,object_aggregation,binary,0.17804654612700688,False,True
2346850,0024 - Heico - Sigma - 5.avi,False,False,object_aggregation,binary,0.17804654612700688,False,True
2346829,0024 - Heico - Sigma - 5.avi,False,False,object_aggregation,binary,0.17804654612700688,False,True
2278598,0024 - Heico - Sigma - 5.avi,False,False,object_identification,fo_class,0.17804997631174047,False,True
2278501,0024 - Heico - Sigma - 5.avi,False,False,object_identification,fo_class,0.17804997631174047,False,False
2278523,0024 - Heico - Sigma - 5.avi,False,False,object_identification,fo_class,0.17804997631174047,False,True
2294551,0024 - Heico - Sigma - 5.avi,False,False,object_identification,fo_class,0.17804997631174047,False,True
2294517,0024 - Heico - Sigma - 5.avi,False,False,object_identification,fo_class,0.17804997631174047,False,False
2294616,0024 - Heico - Sigma - 5.avi,False,False,object_identification,fo_class,0.17804997631174047,False,True
2294226,0024 - Heico - Sigma - 5.avi,False,False,object_identification,fo_class,0.17804997631174047,False,True
2298642,0024 - Heico - Sigma - 5.avi,False,False,object_identification,fo_class,0.17804997631174047,False,True
2298562,0024 - Heico - Sigma - 5.avi,False,False,object_identification,fo_class,0.17804997631174047,False,False
2298353,0024 - Heico - Sigma - 5.avi,False,False,object_identification,fo_class,0.17804997631174047,False,False
2298504,0024 - Heico - Sigma - 5.avi,False,False,object_identification,fo_class,0.17804997631174047,False,True
2298265,0024 - Heico - Sigma - 5.avi,False,False,object_identification,fo_class,0.17804997631174047,False,False
2359423,0024 - Heico - Sigma - 5.avi,False,False,object_identification,fo_class,0.17804997631174047,False,True
2359203,0024 - Heico - Sigma - 5.avi,False,False,object_identification,fo_class,0.17804997631174047,False,False
2359157,0024 - Heico - Sigma - 5.avi,False,False,object_identification,fo_class,0.17804997631174047,False,False
2359441,0024 - Heico - Sigma - 5.avi,False,False,object_identification,fo_class,0.17804997631174047,False,False
2345427,0024 - Heico - Sigma - 5.avi,False,False,spatial_localization_camera,open_ended,0.17804997631174047,False,False
2383187,0024 - Heico - Sigma - 5.avi,False,False,spatial_localization_camera,fo_class,0.17804997631174047,False,False
2394937,0024 - Heico - Sigma - 5.avi,False,False,spatial_localization_camera,multiple_choice,0.17804997631174047,False,False
2394926,0024 - Heico - Sigma - 5.avi,False,False,spatial_localization_camera,multiple_choice,0.17804997631174047,False,True
2681955,0024 - Heico - Sigma - 5.avi,False,False,spatial_localization_situs,open_ended,0.17804997631174047,False,False
2308483,0024 - Heico - Sigma - 5.avi,False,False,object_aggregation,number,0.17804997631174047,False,False
2308440,0024 - Heico - Sigma - 5.avi,False,False,object_aggregation,number,0.17804997631174047,False,False
2308887,0024 - Heico - Sigma - 5.avi,False,False,object_aggregation,number,0.17804997631174047,False,True
2308741,0024 - Heico - Sigma - 5.avi,False,False,object_aggregation,number,0.17804997631174047,False,False
2310096,0024 - Heico - Sigma - 5.avi,False,False,object_aggregation,number,0.17804997631174047,False,True
2310788,0024 - Heico - Sigma - 5.avi,False,False,object_aggregation,number,0.17804997631174047,False,False
2310791,0024 - Heico - Sigma - 5.avi,False,False,object_aggregation,number,0.17804997631174047,False,False
2320591,0024 - Heico - Sigma - 5.avi,False,False,object_aggregation,binary,0.17804997631174047,False,False
2321791,0024 - Heico - Sigma - 5.avi,False,False,object_aggregation,binary,0.17804997631174047,False,False
2346740,0024 - Heico - Sigma - 5.avi,False,False,object_aggregation,binary,0.17804997631174047,False,False
2346749,0024 - Heico - Sigma - 5.avi,False,False,object_aggregation,binary,0.17804997631174047,False,True
2278535,0024 - Heico - Sigma - 5.avi,False,False,object_identification,fo_class,0.18078796809277264,False,False
2278520,0024 - Heico - Sigma - 5.avi,False,False,object_identification,fo_class,0.18078796809277264,False,False
2294249,0024 - Heico - Sigma - 5.avi,False,False,object_identification,fo_class,0.18078796809277264,False,True
2294207,0024 - Heico - Sigma - 5.avi,False,False,object_identification,fo_class,0.18078796809277264,False,False
2294275,0024 - Heico - Sigma - 5.avi,False,False,object_identification,fo_class,0.18078796809277264,False,True
2294246,0024 - Heico - Sigma - 5.avi,False,False,object_identification,fo_class,0.18078796809277264,False,True
2298573,0024 - Heico - Sigma - 5.avi,False,False,object_identification,fo_class,0.18078796809277264,False,True
2298509,0024 - Heico - Sigma - 5.avi,False,False,object_identification,fo_class,0.18078796809277264,False,False
2298463,0024 - Heico - Sigma - 5.avi,False,False,object_identification,fo_class,0.18078796809277264,False,False
2298350,0024 - Heico - Sigma - 5.avi,False,False,object_identification,fo_class,0.18078796809277264,False,False
2298543,0024 - Heico - Sigma - 5.avi,False,False,object_identification,fo_class,0.18078796809277264,False,True
2359420,0024 - Heico - Sigma - 5.avi,False,False,object_identification,fo_class,0.18078796809277264,False,True
2359215,0024 - Heico - Sigma - 5.avi,False,False,object_identification,fo_class,0.18078796809277264,False,False
2359159,0024 - Heico - Sigma - 5.avi,False,False,object_identification,fo_class,0.18078796809277264,False,False
2359519,0024 - Heico - Sigma - 5.avi,False,False,object_identification,fo_class,0.18078796809277264,False,True
2345465,0024 - Heico - Sigma - 5.avi,False,False,spatial_localization_camera,open_ended,0.18078796809277264,False,False
2383211,0024 - Heico - Sigma - 5.avi,False,False,spatial_localization_camera,fo_class,0.18078796809277264,False,False
2394932,0024 - Heico - Sigma - 5.avi,False,False,spatial_localization_camera,multiple_choice,0.18078796809277264,False,False
2394924,0024 - Heico - Sigma - 5.avi,False,False,spatial_localization_camera,multiple_choice,0.18078796809277264,False,True
2681962,0024 - Heico - Sigma - 5.avi,False,False,spatial_localization_situs,open_ended,0.18078796809277264,False,True
2308573,0024 - Heico - Sigma - 5.avi,False,False,object_aggregation,number,0.18078796809277264,False,False
2308566,0024 - Heico - Sigma - 5.avi,False,False,object_aggregation,number,0.18078796809277264,False,False
2308856,0024 - Heico - Sigma - 5.avi,False,False,object_aggregation,number,0.18078796809277264,False,True
2308728,0024 - Heico - Sigma - 5.avi,False,False,object_aggregation,number,0.18078796809277264,False,True
2311139,0024 - Heico - Sigma - 5.avi,False,False,object_aggregation,number,0.18078796809277264,False,True
2310247,0024 - Heico - Sigma - 5.avi,False,False,object_aggregation,number,0.18078796809277264,False,False
2310792,0024 - Heico - Sigma - 5.avi,False,False,object_aggregation,number,0.18078796809277264,False,True
2320760,0024 - Heico - Sigma - 5.avi,False,False,object_aggregation,binary,0.18078796809277264,False,False
2319946,0024 - Heico - Sigma - 5.avi,False,False,object_aggregation,binary,0.18078796809277264,False,False
2346772,0024 - Heico - Sigma - 5.avi,False,False,object_aggregation,binary,0.18078796809277264,False,True
2346831,0024 - Heico - Sigma - 5.avi,False,False,object_aggregation,binary,0.18078796809277264,False,False
2278507,0024 - Heico - Sigma - 5.avi,False,False,object_identification,fo_class,0.18078796809277264,False,False
2278513,0024 - Heico - Sigma - 5.avi,False,False,object_identification,fo_class,0.1808294064067013,False,False
2294537,0024 - Heico - Sigma - 5.avi,False,False,object_identification,fo_class,0.1808294064067013,False,True
2294233,0024 - Heico - Sigma - 5.avi,False,False,object_identification,fo_class,0.1808294064067013,False,True
2294626,0024 - Heico - Sigma - 5.avi,False,False,object_identification,fo_class,0.1808294064067013,False,True
2294544,0024 - Heico - Sigma - 5.avi,False,False,object_identification,fo_class,0.1808294064067013,False,True
2298643,0024 - Heico - Sigma - 5.avi,False,False,object_identification,fo_class,0.1808294064067013,False,True
2298578,0024 - Heico - Sigma - 5.avi,False,False,object_identification,fo_class,0.1808294064067013,False,True
2298538,0024 - Heico - Sigma - 5.avi,False,False,object_identification,fo_class,0.1808294064067013,False,False
2298497,0024 - Heico - Sigma - 5.avi,False,False,object_identification,fo_class,0.1808294064067013,False,False
2298556,0024 - Heico - Sigma - 5.avi,False,False,object_identification,fo_class,0.1808294064067013,False,False
2359419,0024 - Heico - Sigma - 5.avi,False,False,object_identification,fo_class,0.1808294064067013,False,True
2359209,0024 - Heico - Sigma - 5.avi,False,False,object_identification,fo_class,0.1808294064067013,False,False
2359156,0024 - Heico - Sigma - 5.avi,False,False,object_identification,fo_class,0.1808294064067013,False,False
2359243,0024 - Heico - Sigma - 5.avi,False,False,object_identification,fo_class,0.1808294064067013,False,False
2345547,0024 - Heico - Sigma - 5.avi,False,False,spatial_localization_camera,open_ended,0.1808294064067013,False,False
2383191,0024 - Heico - Sigma - 5.avi,False,False,spatial_localization_camera,fo_class,0.1808294064067013,False,False
2394942,0024 - Heico - Sigma - 5.avi,False,False,spatial_localization_camera,multiple_choice,0.1808294064067013,False,False
2681953,0024 - Heico - Sigma - 5.avi,False,False,spatial_localization_situs,open_ended,0.1808294064067013,False,False
2308364,0024 - Heico - Sigma - 5.avi,False,False,object_aggregation,number,0.1808294064067013,False,True
2308411,0024 - Heico - Sigma - 5.avi,False,False,object_aggregation,number,0.1808294064067013,False,False
2308914,0024 - Heico - Sigma - 5.avi,False,False,object_aggregation,number,0.1808294064067013,False,False
2309069,0024 - Heico - Sigma - 5.avi,False,False,object_aggregation,number,0.1808294064067013,False,True
2311000,0024 - Heico - Sigma - 5.avi,False,False,object_aggregation,number,0.1808294064067013,False,True
2321624,0024 - Heico - Sigma - 5.avi,False,False,object_aggregation,binary,0.1808294064067013,False,False
2320414,0024 - Heico - Sigma - 5.avi,False,False,object_aggregation,binary,0.1808294064067013,False,True
2346776,0024 - Heico - Sigma - 5.avi,False,False,object_aggregation,binary,0.1808294064067013,False,True
2346746,0024 - Heico - Sigma - 5.avi,False,False,object_aggregation,binary,0.1808294064067013,False,True
2278543,0024 - Heico - Sigma - 5.avi,False,False,object_identification,fo_class,0.1808294064067013,False,False
2278524,0024 - Heico - Sigma - 5.avi,False,False,object_identification,fo_class,0.1808294064067013,False,True
2294224,0024 - Heico - Sigma - 5.avi,False,False,object_identification,fo_class,0.1808294064067013,False,True
2294485,0024 - Heico - Sigma - 5.avi,False,False,object_identification,fo_class,0.1808294064067013,False,False
2405211,0025 - Heico - Sigma - 6.avi,False,False,object_identification,fo_class,0.1808294064067013,False,True
2405284,0025 - Heico - Sigma - 6.avi,False,False,object_identification,fo_class,0.17949223481264198,False,True
2405874,0025 - Heico - Sigma - 6.avi,False,False,object_identification,fo_class,0.17949223481264198,False,True
2406010,0025 - Heico - Sigma - 6.avi,False,False,object_identification,fo_class,0.17949223481264198,False,False
2423389,0025 - Heico - Sigma - 6.avi,False,False,object_identification,fo_class,0.17949223481264198,False,False
2681431,0025 - Heico - Sigma - 6.avi,False,False,object_identification,open_ended,0.17949223481264198,False,False
2681433,0025 - Heico - Sigma - 6.avi,False,False,object_attributes,open_ended,0.17949223481264198,False,False
2420124,0025 - Heico - Sigma - 6.avi,False,False,spatial_localization_camera,open_ended,0.17949223481264198,False,False
2432603,0025 - Heico - Sigma - 6.avi,False,False,spatial_localization_camera,multiple_choice,0.17949223481264198,False,True
2432609,0025 - Heico - Sigma - 6.avi,False,False,spatial_localization_camera,multiple_choice,0.17949223481264198,False,True
2432604,0025 - Heico - Sigma - 6.avi,False,False,spatial_localization_camera,multiple_choice,0.17949223481264198,False,True
2432605,0025 - Heico - Sigma - 6.avi,False,False,spatial_localization_camera,multiple_choice,0.17949223481264198,False,True
2409550,0025 - Heico - Sigma - 6.avi,False,False,object_aggregation,number,0.17949223481264198,False,True
2409760,0025 - Heico - Sigma - 6.avi,False,False,object_aggregation,number,0.17949223481264198,False,True
2411128,0025 - Heico - Sigma - 6.avi,False,False,object_aggregation,number,0.17949223481264198,False,False
2413996,0025 - Heico - Sigma - 6.avi,False,False,object_aggregation,binary,0.17949223481264198,False,True
2405236,0025 - Heico - Sigma - 6.avi,False,False,object_identification,fo_class,0.17949223481264198,False,True
2405330,0025 - Heico - Sigma - 6.avi,False,False,object_identification,fo_class,0.17949223481264198,False,True
2405904,0025 - Heico - Sigma - 6.avi,False,False,object_identification,fo_class,0.17949223481264198,False,True
2405984,0025 - Heico - Sigma - 6.avi,False,False,object_identification,fo_class,0.17949223481264198,False,True
2423391,0025 - Heico - Sigma - 6.avi,False,False,object_identification,fo_class,0.17949223481264198,False,True
2420125,0025 - Heico - Sigma - 6.avi,False,False,spatial_localization_camera,open_ended,0.17949223481264198,False,True
2432606,0025 - Heico - Sigma - 6.avi,False,False,spatial_localization_camera,multiple_choice,0.17949223481264198,False,True
2432600,0025 - Heico - Sigma - 6.avi,False,False,spatial_localization_camera,multiple_choice,0.17949223481264198,False,True
2432607,0025 - Heico - Sigma - 6.avi,False,False,spatial_localization_camera,multiple_choice,0.17949223481264198,False,True
2409701,0025 - Heico - Sigma - 6.avi,False,False,object_aggregation,number,0.17949223481264198,False,True
2409904,0025 - Heico - Sigma - 6.avi,False,False,object_aggregation,number,0.17949223481264198,False,False
2410975,0025 - Heico - Sigma - 6.avi,False,False,object_aggregation,number,0.17949223481264198,False,True
2414154,0025 - Heico - Sigma - 6.avi,False,False,object_aggregation,binary,0.17949223481264198,False,True
2405192,0025 - Heico - Sigma - 6.avi,False,False,object_identification,fo_class,0.17949223481264198,False,False
2405324,0025 - Heico - Sigma - 6.avi,False,False,object_identification,fo_class,0.17949223481264198,False,True
2405886,0025 - Heico - Sigma - 6.avi,False,False,object_identification,fo_class,0.17949223481264198,False,True
2405916,0025 - Heico - Sigma - 6.avi,False,False,object_identification,fo_class,0.17949223481264198,False,True
2423392,0025 - Heico - Sigma - 6.avi,False,False,object_identification,fo_class,0.17948202534535085,False,True
2420113,0025 - Heico - Sigma - 6.avi,False,False,spatial_localization_camera,open_ended,0.17948202534535085,False,False
2432599,0025 - Heico - Sigma - 6.avi,False,False,spatial_localization_camera,multiple_choice,0.17948202534535085,False,True
2432608,0025 - Heico - Sigma - 6.avi,False,False,spatial_localization_camera,multiple_choice,0.17948202534535085,False,True
2409583,0025 - Heico - Sigma - 6.avi,False,False,object_aggregation,number,0.17948202534535085,False,True
2409773,0025 - Heico - Sigma - 6.avi,False,False,object_aggregation,number,0.17948202534535085,False,True
2411108,0025 - Heico - Sigma - 6.avi,False,False,object_aggregation,number,0.17948202534535085,False,False
2413987,0025 - Heico - Sigma - 6.avi,False,False,object_aggregation,binary,0.17948202534535085,False,True
2405235,0025 - Heico - Sigma - 6.avi,False,False,object_identification,fo_class,0.17948202534535085,False,True
2405250,0025 - Heico - Sigma - 6.avi,False,False,object_identification,fo_class,0.17948202534535085,False,True
2405908,0025 - Heico - Sigma - 6.avi,False,False,object_identification,fo_class,0.17948202534535085,False,True
2405999,0025 - Heico - Sigma - 6.avi,False,False,object_identification,fo_class,0.17948202534535085,False,True
2423387,0025 - Heico - Sigma - 6.avi,False,False,object_identification,fo_class,0.17948202534535085,False,True
2420123,0025 - Heico - Sigma - 6.avi,False,False,spatial_localization_camera,open_ended,0.17948202534535085,False,True
2432602,0025 - Heico - Sigma - 6.avi,False,False,spatial_localization_camera,multiple_choice,0.17948202534535085,False,True
2409618,0025 - Heico - Sigma - 6.avi,False,False,object_aggregation,number,0.17948202534535085,False,False
2409792,0025 - Heico - Sigma - 6.avi,False,False,object_aggregation,number,0.17948202534535085,False,False
2411058,0025 - Heico - Sigma - 6.avi,False,False,object_aggregation,number,0.17948202534535085,False,True
2414033,0025 - Heico - Sigma - 6.avi,False,False,object_aggregation,binary,0.17948202534535085,False,False
2405195,0025 - Heico - Sigma - 6.avi,False,False,object_identification,fo_class,0.17948202534535085,False,True
2405309,0025 - Heico - Sigma - 6.avi,False,False,object_identification,fo_class,0.17948202534535085,False,True
2405879,0025 - Heico - Sigma - 6.avi,False,False,object_identification,fo_class,0.17948202534535085,False,True
2406048,0025 - Heico - Sigma - 6.avi,False,False,object_identification,fo_class,0.17948202534535085,False,True
2423385,0025 - Heico - Sigma - 6.avi,False,False,object_identification,fo_class,0.17948202534535085,False,True
2420114,0025 - Heico - Sigma - 6.avi,False,False,spatial_localization_camera,open_ended,0.17948202534535085,False,True
2432601,0025 - Heico - Sigma - 6.avi,False,False,spatial_localization_camera,multiple_choice,0.17948202534535085,False,False
2409558,0025 - Heico - Sigma - 6.avi,False,False,object_aggregation,number,0.17948202534535085,False,True
2409762,0025 - Heico - Sigma - 6.avi,False,False,object_aggregation,number,0.17948202534535085,False,True
2411114,0025 - Heico - Sigma - 6.avi,False,False,object_aggregation,number,0.17948202534535085,False,True
2413978,0025 - Heico - Sigma - 6.avi,False,False,object_aggregation,binary,0.17948202534535085,False,True
2405233,0025 - Heico - Sigma - 6.avi,False,False,object_identification,fo_class,0.17948202534535085,False,True
2405248,0025 - Heico - Sigma - 6.avi,False,False,object_identification,fo_class,0.17948202534535085,False,False
2405906,0025 - Heico - Sigma - 6.avi,False,False,object_identification,fo_class,0.17948657459419337,False,True
2406003,0025 - Heico - Sigma - 6.avi,False,False,object_identification,fo_class,0.17948657459419337,False,False
2423390,0025 - Heico - Sigma - 6.avi,False,False,object_identification,fo_class,0.17948657459419337,False,True
2420117,0025 - Heico - Sigma - 6.avi,False,False,spatial_localization_camera,open_ended,0.17948657459419337,False,True
2432598,0025 - Heico - Sigma - 6.avi,False,False,spatial_localization_camera,multiple_choice,0.17948657459419337,False,True
2409647,0025 - Heico - Sigma - 6.avi,False,False,object_aggregation,number,0.17948657459419337,False,True
2409910,0025 - Heico - Sigma - 6.avi,False,False,object_aggregation,number,0.17948657459419337,False,False
2411005,0025 - Heico - Sigma - 6.avi,False,False,object_aggregation,number,0.17948657459419337,False,True
2414059,0025 - Heico - Sigma - 6.avi,False,False,object_aggregation,binary,0.17948657459419337,False,False
2405200,0025 - Heico - Sigma - 6.avi,False,False,object_identification,fo_class,0.17948657459419337,False,True
2405352,0025 - Heico - Sigma - 6.avi,False,False,object_identification,fo_class,0.17948657459419337,False,True
2405883,0025 - Heico - Sigma - 6.avi,False,False,object_identification,fo_class,0.17948657459419337,False,True
2405997,0025 - Heico - Sigma - 6.avi,False,False,object_identification,fo_class,0.17948657459419337,False,False
2423386,0025 - Heico - Sigma - 6.avi,False,False,object_identification,fo_class,0.17948657459419337,False,False
2420116,0025 - Heico - Sigma - 6.avi,False,False,spatial_localization_camera,open_ended,0.17948657459419337,False,False
2409551,0025 - Heico - Sigma - 6.avi,False,False,object_aggregation,number,0.17948657459419337,False,False
2409786,0025 - Heico - Sigma - 6.avi,False,False,object_aggregation,number,0.17948657459419337,False,True
2411135,0025 - Heico - Sigma - 6.avi,False,False,object_aggregation,number,0.17948657459419337,False,False
2413967,0025 - Heico - Sigma - 6.avi,False,False,object_aggregation,binary,0.17948657459419337,False,False
2405226,0025 - Heico - Sigma - 6.avi,False,False,object_identification,fo_class,0.17948657459419337,False,True
2405328,0025 - Heico - Sigma - 6.avi,False,False,object_identification,fo_class,0.17948657459419337,False,True
2405912,0025 - Heico - Sigma - 6.avi,False,False,object_identification,fo_class,0.17948657459419337,False,True
2405989,0025 - Heico - Sigma - 6.avi,False,False,object_identification,fo_class,0.17948657459419337,False,True
2423393,0025 - Heico - Sigma - 6.avi,False,False,object_identification,fo_class,0.17948657459419337,False,True
2420121,0025 - Heico - Sigma - 6.avi,False,False,spatial_localization_camera,open_ended,0.17948657459419337,False,True
2409740,0025 - Heico - Sigma - 6.avi,False,False,object_aggregation,number,0.17948657459419337,False,True
2409811,0025 - Heico - Sigma - 6.avi,False,False,object_aggregation,number,0.17948657459419337,False,False
2411022,0025 - Heico - Sigma - 6.avi,False,False,object_aggregation,number,0.17948657459419337,False,True
2414032,0025 - Heico - Sigma - 6.avi,False,False,object_aggregation,binary,0.17948657459419337,False,True
2405201,0025 - Heico - Sigma - 6.avi,False,False,object_identification,fo_class,0.17948657459419337,False,True
2405337,0025 - Heico - Sigma - 6.avi,False,False,object_identification,fo_class,0.17948657459419337,False,True
2405872,0025 - Heico - Sigma - 6.avi,False,False,object_identification,fo_class,0.17948657459419337,False,True
2406044,0025 - Heico - Sigma - 6.avi,False,False,object_identification,fo_class,0.21018100249784766,False,True
2423394,0025 - Heico - Sigma - 6.avi,False,False,object_identification,fo_class,0.21018100249784766,False,True
2420119,0025 - Heico - Sigma - 6.avi,False,False,spatial_localization_camera,open_ended,0.21018100249784766,False,False
2409554,0025 - Heico - Sigma - 6.avi,False,False,object_aggregation,number,0.21018100249784766,False,False
2409781,0025 - Heico - Sigma - 6.avi,False,False,object_aggregation,number,0.21018100249784766,False,True
2411104,0025 - Heico - Sigma - 6.avi,False,False,object_aggregation,number,0.21018100249784766,False,False
2413985,0025 - Heico - Sigma - 6.avi,False,False,object_aggregation,binary,0.21018100249784766,False,True
2405234,0025 - Heico - Sigma - 6.avi,False,False,object_identification,fo_class,0.21018100249784766,False,True
2405358,0025 - Heico - Sigma - 6.avi,False,False,object_identification,fo_class,0.21018100249784766,False,True
2405902,0025 - Heico - Sigma - 6.avi,False,False,object_identification,fo_class,0.21018100249784766,False,True
2405980,0025 - Heico - Sigma - 6.avi,False,False,object_identification,fo_class,0.21018100249784766,False,False
2423388,0025 - Heico - Sigma - 6.avi,False,False,object_identification,fo_class,0.21018100249784766,False,True
2420111,0025 - Heico - Sigma - 6.avi,False,False,spatial_localization_camera,open_ended,0.21018100249784766,False,False
2409713,0025 - Heico - Sigma - 6.avi,False,False,object_aggregation,number,0.21018100249784766,False,False
2409886,0025 - Heico - Sigma - 6.avi,False,False,object_aggregation,number,0.21018100249784766,False,False
2411072,0025 - Heico - Sigma - 6.avi,False,False,object_aggregation,number,0.21018100249784766,False,True
2414076,0025 - Heico - Sigma - 6.avi,False,False,object_aggregation,binary,0.21018100249784766,False,True
2405216,0025 - Heico - Sigma - 6.avi,False,False,object_identification,fo_class,0.21018100249784766,False,False
2405276,0025 - Heico - Sigma - 6.avi,False,False,object_identification,fo_class,0.21018100249784766,False,True
2405895,0025 - Heico - Sigma - 6.avi,False,False,object_identification,fo_class,0.21018100249784766,False,True
2405925,0025 - Heico - Sigma - 6.avi,False,False,object_identification,fo_class,0.21018100249784766,False,False
2423395,0025 - Heico - Sigma - 6.avi,False,False,object_identification,fo_class,0.21018100249784766,False,False
2420122,0025 - Heico - Sigma - 6.avi,False,False,spatial_localization_camera,open_ended,0.21018100249784766,False,True
2409566,0025 - Heico - Sigma - 6.avi,False,False,object_aggregation,number,0.21018100249784766,False,True
2409770,0025 - Heico - Sigma - 6.avi,False,False,object_aggregation,number,0.21018100249784766,False,False
2411136,0025 - Heico - Sigma - 6.avi,False,False,object_aggregation,number,0.21018100249784766,False,False
2413999,0025 - Heico - Sigma - 6.avi,False,False,object_aggregation,binary,0.21018100249784766,False,False
2405225,0025 - Heico - Sigma - 6.avi,False,False,object_identification,fo_class,0.21018100249784766,False,True
2405376,0025 - Heico - Sigma - 6.avi,False,False,object_identification,fo_class,0.21018100249784766,False,True
2405907,0025 - Heico - Sigma - 6.avi,False,False,object_identification,fo_class,0.21018100249784766,False,True
2406033,0025 - Heico - Sigma - 6.avi,False,False,object_identification,fo_class,0.21018100249784766,False,False
2423384,0025 - Heico - Sigma - 6.avi,False,False,object_identification,fo_class,0.21018100249784766,False,False
2420112,0025 - Heico - Sigma - 6.avi,False,False,spatial_localization_camera,open_ended,0.1794783440309402,False,False
2409667,0025 - Heico - Sigma - 6.avi,False,False,object_aggregation,number,0.1794783440309402,False,True
2409905,0025 - Heico - Sigma - 6.avi,False,False,object_aggregation,number,0.1794783440309402,False,True
2410980,0025 - Heico - Sigma - 6.avi,False,False,object_aggregation,number,0.1794783440309402,False,True
2414084,0025 - Heico - Sigma - 6.avi,False,False,object_aggregation,binary,0.1794783440309402,False,True
2405218,0025 - Heico - Sigma - 6.avi,False,False,object_identification,fo_class,0.1794783440309402,False,True
2405272,0025 - Heico - Sigma - 6.avi,False,False,object_identification,fo_class,0.1794783440309402,False,True
2405861,0025 - Heico - Sigma - 6.avi,False,False,object_identification,fo_class,0.1794783440309402,False,True
2406019,0025 - Heico - Sigma - 6.avi,False,False,object_identification,fo_class,0.1794783440309402,False,True
2420126,0025 - Heico - Sigma - 6.avi,False,False,spatial_localization_camera,open_ended,0.1794783440309402,False,True
2409568,0025 - Heico - Sigma - 6.avi,False,False,object_aggregation,number,0.1794783440309402,False,False
2409756,0025 - Heico - Sigma - 6.avi,False,False,object_aggregation,number,0.1794783440309402,False,True
2411118,0025 - Heico - Sigma - 6.avi,False,False,object_aggregation,number,0.1794783440309402,False,True
2414004,0025 - Heico - Sigma - 6.avi,False,False,object_aggregation,binary,0.1794783440309402,False,False
2405232,0025 - Heico - Sigma - 6.avi,False,False,object_identification,fo_class,0.1794783440309402,False,True
2405280,0025 - Heico - Sigma - 6.avi,False,False,object_identification,fo_class,0.1794783440309402,False,False
2405910,0025 - Heico - Sigma - 6.avi,False,False,object_identification,fo_class,0.1794783440309402,False,True
2406046,0025 - Heico - Sigma - 6.avi,False,False,object_identification,fo_class,0.1794783440309402,False,True
2420128,0025 - Heico - Sigma - 6.avi,False,False,spatial_localization_camera,open_ended,0.1794783440309402,False,True
2409737,0025 - Heico - Sigma - 6.avi,False,False,object_aggregation,number,0.1794783440309402,False,True
2409900,0025 - Heico - Sigma - 6.avi,False,False,object_aggregation,number,0.1794783440309402,False,False
2410985,0025 - Heico - Sigma - 6.avi,False,False,object_aggregation,number,0.1794783440309402,False,True
2414107,0025 - Heico - Sigma - 6.avi,False,False,object_aggregation,binary,0.1794783440309402,False,False
2405221,0025 - Heico - Sigma - 6.avi,False,False,object_identification,fo_class,0.1794783440309402,False,False
2405289,0025 - Heico - Sigma - 6.avi,False,False,object_identification,fo_class,0.1794783440309402,False,True
2405897,0025 - Heico - Sigma - 6.avi,False,False,object_identification,fo_class,0.1794783440309402,False,True
2406050,0025 - Heico - Sigma - 6.avi,False,False,object_identification,fo_class,0.1794783440309402,False,True
2420118,0025 - Heico - Sigma - 6.avi,False,False,spatial_localization_camera,open_ended,0.1794783440309402,False,True
2409576,0025 - Heico - Sigma - 6.avi,False,False,object_aggregation,number,0.1794783440309402,False,False
2409764,0025 - Heico - Sigma - 6.avi,False,False,object_aggregation,number,0.1794783440309402,False,True
2411107,0025 - Heico - Sigma - 6.avi,False,False,object_aggregation,number,0.1794783440309402,False,False
2413988,0025 - Heico - Sigma - 6.avi,False,False,object_aggregation,binary,0.1794783440309402,False,False
2405230,0025 - Heico - Sigma - 6.avi,False,False,object_identification,fo_class,0.17943851521704346,False,True
2405379,0025 - Heico - Sigma - 6.avi,False,False,object_identification,fo_class,0.17943851521704346,False,True
2405909,0025 - Heico - Sigma - 6.avi,False,False,object_identification,fo_class,0.17943851521704346,False,True
2406058,0025 - Heico - Sigma - 6.avi,False,False,object_identification,fo_class,0.17943851521704346,False,False
2420115,0025 - Heico - Sigma - 6.avi,False,False,spatial_localization_camera,open_ended,0.17943851521704346,False,False
2409696,0025 - Heico - Sigma - 6.avi,False,False,object_aggregation,number,0.17943851521704346,False,True
2409920,0025 - Heico - Sigma - 6.avi,False,False,object_aggregation,number,0.17943851521704346,False,False
2411091,0025 - Heico - Sigma - 6.avi,False,False,object_aggregation,number,0.17943851521704346,False,True
2414156,0025 - Heico - Sigma - 6.avi,False,False,object_aggregation,binary,0.17943851521704346,False,True
2405189,0025 - Heico - Sigma - 6.avi,False,False,object_identification,fo_class,0.17943851521704346,False,True
2405317,0025 - Heico - Sigma - 6.avi,False,False,object_identification,fo_class,0.17943851521704346,False,True
2405871,0025 - Heico - Sigma - 6.avi,False,False,object_identification,fo_class,0.17943851521704346,False,True
2406021,0025 - Heico - Sigma - 6.avi,False,False,object_identification,fo_class,0.17943851521704346,False,True
2420127,0025 - Heico - Sigma - 6.avi,False,False,spatial_localization_camera,open_ended,0.17943851521704346,False,True
2409547,0025 - Heico - Sigma - 6.avi,False,False,object_aggregation,number,0.17943851521704346,False,True
2409775,0025 - Heico - Sigma - 6.avi,False,False,object_aggregation,number,0.17943851521704346,False,False
2411110,0025 - Heico - Sigma - 6.avi,False,False,object_aggregation,number,0.17943851521704346,False,False
2413980,0025 - Heico - Sigma - 6.avi,False,False,object_aggregation,binary,0.17943851521704346,False,True
2405228,0025 - Heico - Sigma - 6.avi,False,False,object_identification,fo_class,0.17943851521704346,False,True
2405311,0025 - Heico - Sigma - 6.avi,False,False,object_identification,fo_class,0.17943851521704346,False,True
2405905,0025 - Heico - Sigma - 6.avi,False,False,object_identification,fo_class,0.17943851521704346,False,True
2406007,0025 - Heico - Sigma - 6.avi,False,False,object_identification,fo_class,0.17943851521704346,False,False
2420129,0025 - Heico - Sigma - 6.avi,False,False,spatial_localization_camera,open_ended,0.17943851521704346,False,True
2409639,0025 - Heico - Sigma - 6.avi,False,False,object_aggregation,number,0.17943851521704346,False,True
2409852,0025 - Heico - Sigma - 6.avi,False,False,object_aggregation,number,0.17943851521704346,False,False
2410951,0025 - Heico - Sigma - 6.avi,False,False,object_aggregation,number,0.17943851521704346,False,True
2414132,0025 - Heico - Sigma - 6.avi,False,False,object_aggregation,binary,0.17943851521704346,False,False
2405207,0025 - Heico - Sigma - 6.avi,False,False,object_identification,fo_class,0.17943851521704346,False,True
2405288,0025 - Heico - Sigma - 6.avi,False,False,object_identification,fo_class,0.17943851521704346,False,True
2405876,0025 - Heico - Sigma - 6.avi,False,False,object_identification,fo_class,0.17943851521704346,False,True
2405946,0025 - Heico - Sigma - 6.avi,False,False,object_identification,fo_class,0.17943851521704346,False,True
2420120,0025 - Heico - Sigma - 6.avi,False,False,spatial_localization_camera,open_ended,0.17943851521704346,False,False
2409548,0025 - Heico - Sigma - 6.avi,False,False,object_aggregation,number,0.16398954353280715,False,True
2409752,0025 - Heico - Sigma - 6.avi,False,False,object_aggregation,number,0.16398954353280715,False,True
2411102,0025 - Heico - Sigma - 6.avi,False,False,object_aggregation,number,0.16398954353280715,False,False
2413975,0025 - Heico - Sigma - 6.avi,False,False,object_aggregation,binary,0.16398954353280715,False,True
2405231,0025 - Heico - Sigma - 6.avi,False,False,object_identification,fo_class,0.16398954353280715,False,True
2405257,0025 - Heico - Sigma - 6.avi,False,False,object_identification,fo_class,0.16398954353280715,False,True
2405913,0025 - Heico - Sigma - 6.avi,False,False,object_identification,fo_class,0.16398954353280715,False,True
2406041,0025 - Heico - Sigma - 6.avi,False,False,object_identification,fo_class,0.16398954353280715,False,False
2409671,0025 - Heico - Sigma - 6.avi,False,False,object_aggregation,number,0.16398954353280715,False,False
2409924,0025 - Heico - Sigma - 6.avi,False,False,object_aggregation,number,0.16398954353280715,False,False
2411099,0025 - Heico - Sigma - 6.avi,False,False,object_aggregation,number,0.16398954353280715,False,True
2414021,0025 - Heico - Sigma - 6.avi,False,False,object_aggregation,binary,0.16398954353280715,False,False
2405214,0025 - Heico - Sigma - 6.avi,False,False,object_identification,fo_class,0.16398954353280715,False,True
2405363,0025 - Heico - Sigma - 6.avi,False,False,object_identification,fo_class,0.16398954353280715,False,True
2405870,0025 - Heico - Sigma - 6.avi,False,False,object_identification,fo_class,0.16398954353280715,False,True
2406020,0025 - Heico - Sigma - 6.avi,False,False,object_identification,fo_class,0.16398954353280715,False,True
2409565,0025 - Heico - Sigma - 6.avi,False,False,object_aggregation,number,0.16398954353280715,False,True
2409774,0025 - Heico - Sigma - 6.avi,False,False,object_aggregation,number,0.16398954353280715,False,True
2411117,0025 - Heico - Sigma - 6.avi,False,False,object_aggregation,number,0.16398954353280715,False,False
2413995,0025 - Heico - Sigma - 6.avi,False,False,object_aggregation,binary,0.16398954353280715,False,True
2405229,0025 - Heico - Sigma - 6.avi,False,False,object_identification,fo_class,0.16398954353280715,False,True
2405329,0025 - Heico - Sigma - 6.avi,False,False,object_identification,fo_class,0.16398954353280715,False,False
2405903,0025 - Heico - Sigma - 6.avi,False,False,object_identification,fo_class,0.16398954353280715,False,True
2406028,0025 - Heico - Sigma - 6.avi,False,False,object_identification,fo_class,0.16398954353280715,False,True
2409599,0025 - Heico - Sigma - 6.avi,False,False,object_aggregation,number,0.16398954353280715,False,True
2409930,0025 - Heico - Sigma - 6.avi,False,False,object_aggregation,number,0.16398954353280715,False,True
2411151,0025 - Heico - Sigma - 6.avi,False,False,object_aggregation,number,0.16398954353280715,False,False
2414042,0025 - Heico - Sigma - 6.avi,False,False,object_aggregation,binary,0.16398954353280715,False,True
2405223,0025 - Heico - Sigma - 6.avi,False,False,object_identification,fo_class,0.16398954353280715,False,True
2405281,0025 - Heico - Sigma - 6.avi,False,False,object_identification,fo_class,0.16398954353280715,False,False
2405894,0025 - Heico - Sigma - 6.avi,False,False,object_identification,fo_class,0.16398954353280715,False,True
2406026,0025 - Heico - Sigma - 6.avi,False,False,object_identification,fo_class,0.16398954353280715,False,True
2409552,0025 - Heico - Sigma - 6.avi,False,False,object_aggregation,number,0.16259350859036203,False,True
2409754,0025 - Heico - Sigma - 6.avi,False,False,object_aggregation,number,0.16259350859036203,False,True
2411122,0025 - Heico - Sigma - 6.avi,False,False,object_aggregation,number,0.16259350859036203,False,True
2413983,0025 - Heico - Sigma - 6.avi,False,False,object_aggregation,binary,0.16259350859036203,False,True
2405227,0025 - Heico - Sigma - 6.avi,False,False,object_identification,fo_class,0.16259350859036203,False,True
2405244,0025 - Heico - Sigma - 6.avi,False,False,object_identification,fo_class,0.16259350859036203,False,True
2405911,0025 - Heico - Sigma - 6.avi,False,False,object_identification,fo_class,0.16259350859036203,False,True
2405933,0025 - Heico - Sigma - 6.avi,False,False,object_identification,fo_class,0.16259350859036203,False,False
2409709,0025 - Heico - Sigma - 6.avi,False,False,object_aggregation,number,0.16259350859036203,False,True
2409825,0025 - Heico - Sigma - 6.avi,False,False,object_aggregation,number,0.16259350859036203,False,True
2410995,0025 - Heico - Sigma - 6.avi,False,False,object_aggregation,number,0.16259350859036203,False,True
2414070,0025 - Heico - Sigma - 6.avi,False,False,object_aggregation,binary,0.16259350859036203,False,False
2405210,0025 - Heico - Sigma - 6.avi,False,False,object_identification,fo_class,0.16259350859036203,False,True
2405344,0025 - Heico - Sigma - 6.avi,False,False,object_identification,fo_class,0.16259350859036203,False,True
2405873,0025 - Heico - Sigma - 6.avi,False,False,object_identification,fo_class,0.16259350859036203,False,True
2405982,0025 - Heico - Sigma - 6.avi,False,False,object_identification,fo_class,0.16259350859036203,False,False
2409569,0025 - Heico - Sigma - 6.avi,False,False,object_aggregation,number,0.16259350859036203,False,False
2409785,0025 - Heico - Sigma - 6.avi,False,False,object_aggregation,number,0.16259350859036203,False,True
2411112,0025 - Heico - Sigma - 6.avi,False,False,object_aggregation,number,0.16259350859036203,False,True
2413969,0025 - Heico - Sigma - 6.avi,False,False,object_aggregation,binary,0.16259350859036203,False,True
2405185,0025 - Heico - Sigma - 6.avi,False,False,object_identification,fo_class,0.16259350859036203,False,True
2405346,0025 - Heico - Sigma - 6.avi,False,False,object_identification,fo_class,0.16259350859036203,False,True
2405881,0025 - Heico - Sigma - 6.avi,False,False,object_identification,fo_class,0.16259350859036203,False,True
2405959,0025 - Heico - Sigma - 6.avi,False,False,object_identification,fo_class,0.16259350859036203,False,False
2409616,0025 - Heico - Sigma - 6.avi,False,False,object_aggregation,number,0.16259350859036203,False,True
2409819,0025 - Heico - Sigma - 6.avi,False,False,object_aggregation,number,0.16259350859036203,False,False
2410996,0025 - Heico - Sigma - 6.avi,False,False,object_aggregation,number,0.16259350859036203,False,True
2414075,0025 - Heico - Sigma - 6.avi,False,False,object_aggregation,binary,0.16259350859036203,False,True
2405217,0025 - Heico - Sigma - 6.avi,False,False,object_identification,fo_class,0.16259350859036203,False,True
2405271,0025 - Heico - Sigma - 6.avi,False,False,object_identification,fo_class,0.16259350859036203,False,True
2405863,0025 - Heico - Sigma - 6.avi,False,False,object_identification,fo_class,0.16259350859036203,False,False
2406059,0025 - Heico - Sigma - 6.avi,False,False,object_identification,fo_class,0.16259350859036203,False,True
2409572,0025 - Heico - Sigma - 6.avi,False,False,object_aggregation,number,0.1625777947192546,False,False
2409767,0025 - Heico - Sigma - 6.avi,False,False,object_aggregation,number,0.1625777947192546,False,True
2411109,0025 - Heico - Sigma - 6.avi,False,False,object_aggregation,number,0.1625777947192546,False,False
2414001,0025 - Heico - Sigma - 6.avi,False,False,object_aggregation,binary,0.1625777947192546,False,True
2405197,0025 - Heico - Sigma - 6.avi,False,False,object_identification,fo_class,0.1625777947192546,False,False
2405275,0025 - Heico - Sigma - 6.avi,False,False,object_identification,fo_class,0.1625777947192546,False,True
2405880,0025 - Heico - Sigma - 6.avi,False,False,object_identification,fo_class,0.1625777947192546,False,True
2405977,0025 - Heico - Sigma - 6.avi,False,False,object_identification,fo_class,0.1625777947192546,False,False
2409601,0025 - Heico - Sigma - 6.avi,False,False,object_aggregation,number,0.1625777947192546,False,True
2409817,0025 - Heico - Sigma - 6.avi,False,False,object_aggregation,number,0.1625777947192546,False,False
2410950,0025 - Heico - Sigma - 6.avi,False,False,object_aggregation,number,0.1625777947192546,False,True
2414061,0025 - Heico - Sigma - 6.avi,False,False,object_aggregation,binary,0.1625777947192546,False,False
2405188,0025 - Heico - Sigma - 6.avi,False,False,object_identification,fo_class,0.1625777947192546,False,True
2405238,0025 - Heico - Sigma - 6.avi,False,False,object_identification,fo_class,0.1625777947192546,False,True
2405900,0025 - Heico - Sigma - 6.avi,False,False,object_identification,fo_class,0.1625777947192546,False,True
2405927,0025 - Heico - Sigma - 6.avi,False,False,object_identification,fo_class,0.1625777947192546,False,True
2409560,0025 - Heico - Sigma - 6.avi,False,False,object_aggregation,number,0.1625777947192546,False,False
2409761,0025 - Heico - Sigma - 6.avi,False,False,object_aggregation,number,0.1625777947192546,False,True
2411120,0025 - Heico - Sigma - 6.avi,False,False,object_aggregation,number,0.1625777947192546,False,False
2413982,0025 - Heico - Sigma - 6.avi,False,False,object_aggregation,binary,0.1625777947192546,False,True
2405220,0025 - Heico - Sigma - 6.avi,False,False,object_identification,fo_class,0.1625777947192546,False,False
2405321,0025 - Heico - Sigma - 6.avi,False,False,object_identification,fo_class,0.1625777947192546,False,False
2405868,0025 - Heico - Sigma - 6.avi,False,False,object_identification,fo_class,0.1625777947192546,False,True
2406053,0025 - Heico - Sigma - 6.avi,False,False,object_identification,fo_class,0.1625777947192546,False,True
2409591,0025 - Heico - Sigma - 6.avi,False,False,object_aggregation,number,0.1625777947192546,False,False
2409942,0025 - Heico - Sigma - 6.avi,False,False,object_aggregation,number,0.1625777947192546,False,True
2411142,0025 - Heico - Sigma - 6.avi,False,False,object_aggregation,number,0.1625777947192546,False,False
2414131,0025 - Heico - Sigma - 6.avi,False,False,object_aggregation,binary,0.1625777947192546,False,True
2405209,0025 - Heico - Sigma - 6.avi,False,False,object_identification,fo_class,0.1625777947192546,False,True
2405304,0025 - Heico - Sigma - 6.avi,False,False,object_identification,fo_class,0.1625777947192546,False,False
2405862,0025 - Heico - Sigma - 6.avi,False,False,object_identification,fo_class,0.1625777947192546,False,True
2406000,0025 - Heico - Sigma - 6.avi,False,False,object_identification,fo_class,0.1625777947192546,False,True
2409557,0025 - Heico - Sigma - 6.avi,False,False,object_aggregation,number,0.16399515009106835,False,True
2409766,0025 - Heico - Sigma - 6.avi,False,False,object_aggregation,number,0.16399515009106835,False,True
2411119,0025 - Heico - Sigma - 6.avi,False,False,object_aggregation,number,0.16399515009106835,False,False
2414005,0025 - Heico - Sigma - 6.avi,False,False,object_aggregation,binary,0.16399515009106835,False,True
2405222,0025 - Heico - Sigma - 6.avi,False,False,object_identification,fo_class,0.16399515009106835,False,False
2405353,0025 - Heico - Sigma - 6.avi,False,False,object_identification,fo_class,0.16399515009106835,False,True
2405888,0025 - Heico - Sigma - 6.avi,False,False,object_identification,fo_class,0.16399515009106835,False,True
2406035,0025 - Heico - Sigma - 6.avi,False,False,object_identification,fo_class,0.16399515009106835,False,True
2409588,0025 - Heico - Sigma - 6.avi,False,False,object_aggregation,number,0.16399515009106835,False,True
2409793,0025 - Heico - Sigma - 6.avi,False,False,object_aggregation,number,0.16399515009106835,False,False
2411080,0025 - Heico - Sigma - 6.avi,False,False,object_aggregation,number,0.16399515009106835,False,True
2414054,0025 - Heico - Sigma - 6.avi,False,False,object_aggregation,binary,0.16399515009106835,False,False
2405190,0025 - Heico - Sigma - 6.avi,False,False,object_identification,fo_class,0.16399515009106835,False,True
2405367,0025 - Heico - Sigma - 6.avi,False,False,object_identification,fo_class,0.16399515009106835,False,True
2405875,0025 - Heico - Sigma - 6.avi,False,False,object_identification,fo_class,0.16399515009106835,False,False
2406051,0025 - Heico - Sigma - 6.avi,False,False,object_identification,fo_class,0.16399515009106835,False,False
2409573,0025 - Heico - Sigma - 6.avi,False,False,object_aggregation,number,0.16399515009106835,False,True
2409784,0025 - Heico - Sigma - 6.avi,False,False,object_aggregation,number,0.16399515009106835,False,False
2411134,0025 - Heico - Sigma - 6.avi,False,False,object_aggregation,number,0.16399515009106835,False,False
2414006,0025 - Heico - Sigma - 6.avi,False,False,object_aggregation,binary,0.16399515009106835,False,True
2405219,0025 - Heico - Sigma - 6.avi,False,False,object_identification,fo_class,0.16399515009106835,False,True
2405295,0025 - Heico - Sigma - 6.avi,False,False,object_identification,fo_class,0.16399515009106835,False,True
2405878,0025 - Heico - Sigma - 6.avi,False,False,object_identification,fo_class,0.16399515009106835,False,True
2406062,0025 - Heico - Sigma - 6.avi,False,False,object_identification,fo_class,0.16399515009106835,False,True
2409680,0025 - Heico - Sigma - 6.avi,False,False,object_aggregation,number,0.16399515009106835,False,True
2409860,0025 - Heico - Sigma - 6.avi,False,False,object_aggregation,number,0.16399515009106835,False,True
2411082,0025 - Heico - Sigma - 6.avi,False,False,object_aggregation,number,0.16399515009106835,False,True
2414088,0025 - Heico - Sigma - 6.avi,False,False,object_aggregation,binary,0.16399515009106835,False,True
2405196,0025 - Heico - Sigma - 6.avi,False,False,object_identification,fo_class,0.16399515009106835,False,True
2405319,0025 - Heico - Sigma - 6.avi,False,False,object_identification,fo_class,0.16399515009106835,False,True
2405893,0025 - Heico - Sigma - 6.avi,False,False,object_identification,fo_class,0.16399515009106835,False,False
2406052,0025 - Heico - Sigma - 6.avi,False,False,object_identification,fo_class,0.16399515009106835,False,False
2409579,0025 - Heico - Sigma - 6.avi,False,False,object_aggregation,number,0.16397042346943635,False,False
2409771,0025 - Heico - Sigma - 6.avi,False,False,object_aggregation,number,0.16397042346943635,False,True
2411126,0025 - Heico - Sigma - 6.avi,False,False,object_aggregation,number,0.16397042346943635,False,False
2414000,0025 - Heico - Sigma - 6.avi,False,False,object_aggregation,binary,0.16397042346943635,False,True
2405186,0025 - Heico - Sigma - 6.avi,False,False,object_identification,fo_class,0.16397042346943635,False,True
2405322,0025 - Heico - Sigma - 6.avi,False,False,object_identification,fo_class,0.16397042346943635,False,True
2405877,0025 - Heico - Sigma - 6.avi,False,False,object_identification,fo_class,0.16397042346943635,False,True
2406013,0025 - Heico - Sigma - 6.avi,False,False,object_identification,fo_class,0.16397042346943635,False,True
2409732,0025 - Heico - Sigma - 6.avi,False,False,object_aggregation,number,0.16397042346943635,False,True
2409885,0025 - Heico - Sigma - 6.avi,False,False,object_aggregation,number,0.16397042346943635,False,False
2410991,0025 - Heico - Sigma - 6.avi,False,False,object_aggregation,number,0.16397042346943635,False,True
2414015,0025 - Heico - Sigma - 6.avi,False,False,object_aggregation,binary,0.16397042346943635,False,True
2405213,0025 - Heico - Sigma - 6.avi,False,False,object_identification,fo_class,0.16397042346943635,False,True
2405277,0025 - Heico - Sigma - 6.avi,False,False,object_identification,fo_class,0.16397042346943635,False,True
2405896,0025 - Heico - Sigma - 6.avi,False,False,object_identification,fo_class,0.16397042346943635,False,True
2405978,0025 - Heico - Sigma - 6.avi,False,False,object_identification,fo_class,0.16397042346943635,False,False
2409555,0025 - Heico - Sigma - 6.avi,False,False,object_aggregation,number,0.16397042346943635,False,False
2409751,0025 - Heico - Sigma - 6.avi,False,False,object_aggregation,number,0.16397042346943635,False,True
2411113,0025 - Heico - Sigma - 6.avi,False,False,object_aggregation,number,0.16397042346943635,False,True
2413968,0025 - Heico - Sigma - 6.avi,False,False,object_aggregation,binary,0.16397042346943635,False,True
2405198,0025 - Heico - Sigma - 6.avi,False,False,object_identification,fo_class,0.16397042346943635,False,False
2405354,0025 - Heico - Sigma - 6.avi,False,False,object_identification,fo_class,0.16397042346943635,False,True
2405885,0025 - Heico - Sigma - 6.avi,False,False,object_identification,fo_class,0.16397042346943635,False,True
2406017,0025 - Heico - Sigma - 6.avi,False,False,object_identification,fo_class,0.16397042346943635,False,True
2409731,0025 - Heico - Sigma - 6.avi,False,False,object_aggregation,number,0.16397042346943635,False,True
2409798,0025 - Heico - Sigma - 6.avi,False,False,object_aggregation,number,0.16397042346943635,False,True
2411060,0025 - Heico - Sigma - 6.avi,False,False,object_aggregation,number,0.16397042346943635,False,True
2414027,0025 - Heico - Sigma - 6.avi,False,False,object_aggregation,binary,0.16397042346943635,False,False
2405193,0025 - Heico - Sigma - 6.avi,False,False,object_identification,fo_class,0.16397042346943635,False,True
2405246,0025 - Heico - Sigma - 6.avi,False,False,object_identification,fo_class,0.16397042346943635,False,True
2405898,0025 - Heico - Sigma - 6.avi,False,False,object_identification,fo_class,0.16397042346943635,False,False
2405943,0025 - Heico - Sigma - 6.avi,False,False,object_identification,fo_class,0.16397042346943635,False,True
2409556,0025 - Heico - Sigma - 6.avi,False,False,object_aggregation,number,0.1639957995939767,False,True
2409753,0025 - Heico - Sigma - 6.avi,False,False,object_aggregation,number,0.1639957995939767,False,True
2411116,0025 - Heico - Sigma - 6.avi,False,False,object_aggregation,number,0.1639957995939767,False,False
2413984,0025 - Heico - Sigma - 6.avi,False,False,object_aggregation,binary,0.1639957995939767,False,True
2405184,0025 - Heico - Sigma - 6.avi,False,False,object_identification,fo_class,0.1639957995939767,False,True
2405286,0025 - Heico - Sigma - 6.avi,False,False,object_identification,fo_class,0.1639957995939767,False,True
2405892,0025 - Heico - Sigma - 6.avi,False,False,object_identification,fo_class,0.1639957995939767,False,True
2405945,0025 - Heico - Sigma - 6.avi,False,False,object_identification,fo_class,0.1639957995939767,False,False
2409678,0025 - Heico - Sigma - 6.avi,False,False,object_aggregation,number,0.1639957995939767,False,False
2409841,0025 - Heico - Sigma - 6.avi,False,False,object_aggregation,number,0.1639957995939767,False,False
2411037,0025 - Heico - Sigma - 6.avi,False,False,object_aggregation,number,0.1639957995939767,False,True
2414093,0025 - Heico - Sigma - 6.avi,False,False,object_aggregation,binary,0.1639957995939767,False,False
2405187,0025 - Heico - Sigma - 6.avi,False,False,object_identification,fo_class,0.1639957995939767,False,True
2405307,0025 - Heico - Sigma - 6.avi,False,False,object_identification,fo_class,0.1639957995939767,False,True
2405864,0025 - Heico - Sigma - 6.avi,False,False,object_identification,fo_class,0.1639957995939767,False,True
2406023,0025 - Heico - Sigma - 6.avi,False,False,object_identification,fo_class,0.1639957995939767,False,True
2409549,0025 - Heico - Sigma - 6.avi,False,False,object_aggregation,number,0.1639957995939767,False,True
2409768,0025 - Heico - Sigma - 6.avi,False,False,object_aggregation,number,0.1639957995939767,False,True
2411121,0025 - Heico - Sigma - 6.avi,False,False,object_aggregation,number,0.1639957995939767,False,False
2413972,0025 - Heico - Sigma - 6.avi,False,False,object_aggregation,binary,0.1639957995939767,False,True
2405194,0025 - Heico - Sigma - 6.avi,False,False,object_identification,fo_class,0.1639957995939767,False,True
2405297,0025 - Heico - Sigma - 6.avi,False,False,object_identification,fo_class,0.1639957995939767,False,False
2405869,0025 - Heico - Sigma - 6.avi,False,False,object_identification,fo_class,0.1639957995939767,False,False
2405996,0025 - Heico - Sigma - 6.avi,False,False,object_identification,fo_class,0.1639957995939767,False,False
2409596,0025 - Heico - Sigma - 6.avi,False,False,object_aggregation,number,0.1639957995939767,False,False
2409887,0025 - Heico - Sigma - 6.avi,False,False,object_aggregation,number,0.1639957995939767,False,True
2410953,0025 - Heico - Sigma - 6.avi,False,False,object_aggregation,number,0.1639957995939767,False,True
2414100,0025 - Heico - Sigma - 6.avi,False,False,object_aggregation,binary,0.1639957995939767,False,False
2405212,0025 - Heico - Sigma - 6.avi,False,False,object_identification,fo_class,0.1639957995939767,False,False
2405385,0025 - Heico - Sigma - 6.avi,False,False,object_identification,fo_class,0.1639957995939767,False,True
2405891,0025 - Heico - Sigma - 6.avi,False,False,object_identification,fo_class,0.1639957995939767,False,True
2405967,0025 - Heico - Sigma - 6.avi,False,False,object_identification,fo_class,0.1639957995939767,False,True
2409574,0025 - Heico - Sigma - 6.avi,False,False,object_aggregation,number,0.18926578293394414,False,False
2409749,0025 - Heico - Sigma - 6.avi,False,False,object_aggregation,number,0.18926578293394414,False,False
2411131,0025 - Heico - Sigma - 6.avi,False,False,object_aggregation,number,0.18926578293394414,False,False
2413973,0025 - Heico - Sigma - 6.avi,False,False,object_aggregation,binary,0.18926578293394414,False,True
2405204,0025 - Heico - Sigma - 6.avi,False,False,object_identification,fo_class,0.18926578293394414,False,True
2405326,0025 - Heico - Sigma - 6.avi,False,False,object_identification,fo_class,0.18926578293394414,False,False
2405899,0025 - Heico - Sigma - 6.avi,False,False,object_identification,fo_class,0.18926578293394414,False,True
2406057,0025 - Heico - Sigma - 6.avi,False,False,object_identification,fo_class,0.18926578293394414,False,True
2409654,0025 - Heico - Sigma - 6.avi,False,False,object_aggregation,number,0.18926578293394414,False,True
2409945,0025 - Heico - Sigma - 6.avi,False,False,object_aggregation,number,0.18926578293394414,False,True
2411039,0025 - Heico - Sigma - 6.avi,False,False,object_aggregation,number,0.18926578293394414,False,True
2414023,0025 - Heico - Sigma - 6.avi,False,False,object_aggregation,binary,0.18926578293394414,False,True
2405191,0025 - Heico - Sigma - 6.avi,False,False,object_identification,fo_class,0.18926578293394414,False,True
2405258,0025 - Heico - Sigma - 6.avi,False,False,object_identification,fo_class,0.18926578293394414,False,False
2405884,0025 - Heico - Sigma - 6.avi,False,False,object_identification,fo_class,0.18926578293394414,False,False
2441223,0026 - Heico - Sigma - 7.avi,False,False,object_identification,fo_class,0.18926578293394414,False,True
2450828,0026 - Heico - Sigma - 7.avi,False,False,object_identification,fo_class,0.18926578293394414,False,True
2451116,0026 - Heico - Sigma - 7.avi,False,False,object_identification,fo_class,0.18926578293394414,False,True
2450811,0026 - Heico - Sigma - 7.avi,False,False,object_identification,fo_class,0.18926578293394414,False,True
2452463,0026 - Heico - Sigma - 7.avi,False,False,object_identification,fo_class,0.18926578293394414,False,True
2452739,0026 - Heico - Sigma - 7.avi,False,False,object_identification,fo_class,0.18926578293394414,False,False
2452617,0026 - Heico - Sigma - 7.avi,False,False,object_identification,fo_class,0.18926578293394414,False,False
2452386,0026 - Heico - Sigma - 7.avi,False,False,object_identification,fo_class,0.18926578293394414,False,False
2482862,0026 - Heico - Sigma - 7.avi,False,False,object_identification,fo_class,0.18926578293394414,False,False
2483002,0026 - Heico - Sigma - 7.avi,False,False,object_identification,fo_class,0.18926578293394414,False,True
2482785,0026 - Heico - Sigma - 7.avi,False,False,object_identification,fo_class,0.18926578293394414,False,True
2682289,0026 - Heico - Sigma - 7.avi,False,False,object_attributes,open_ended,0.18926578293394414,False,True
2476717,0026 - Heico - Sigma - 7.avi,False,False,spatial_localization_camera,open_ended,0.18926578293394414,False,True
2495339,0026 - Heico - Sigma - 7.avi,False,False,spatial_localization_camera,fo_class,0.18926578293394414,False,True
2495348,0026 - Heico - Sigma - 7.avi,False,False,spatial_localization_camera,fo_class,0.18926578293394414,False,False
2501089,0026 - Heico - Sigma - 7.avi,False,False,spatial_localization_camera,multiple_choice,0.18926578293394414,False,True
2501118,0026 - Heico - Sigma - 7.avi,False,False,spatial_localization_camera,multiple_choice,0.18926578293394414,False,True
2681443,0026 - Heico - Sigma - 7.avi,False,False,spatial_localization_camera,open_ended,0.17812244853121229,False,True
2681442,0026 - Heico - Sigma - 7.avi,False,False,spatial_localization_situs,open_ended,0.17812244853121229,False,True
2681436,0026 - Heico - Sigma - 7.avi,False,False,spatial_localization_situs,open_ended,0.17812244853121229,False,True
2681950,0026 - Heico - Sigma - 7.avi,False,False,spatial_localization_situs,open_ended,0.17812244853121229,False,True
2457843,0026 - Heico - Sigma - 7.avi,False,False,object_aggregation,number,0.17812244853121229,False,True
2457937,0026 - Heico - Sigma - 7.avi,False,False,object_aggregation,number,0.17812244853121229,False,True
2458000,0026 - Heico - Sigma - 7.avi,False,False,object_aggregation,number,0.17812244853121229,False,False
2457917,0026 - Heico - Sigma - 7.avi,False,False,object_aggregation,number,0.17812244853121229,False,False
2458338,0026 - Heico - Sigma - 7.avi,False,False,object_aggregation,number,0.17812244853121229,False,True
2458661,0026 - Heico - Sigma - 7.avi,False,False,object_aggregation,number,0.17812244853121229,False,True
2459731,0026 - Heico - Sigma - 7.avi,False,False,object_aggregation,number,0.17812244853121229,False,True
2460353,0026 - Heico - Sigma - 7.avi,False,False,object_aggregation,number,0.17812244853121229,False,True
2460357,0026 - Heico - Sigma - 7.avi,False,False,object_aggregation,number,0.17812244853121229,False,False
2460550,0026 - Heico - Sigma - 7.avi,False,False,object_aggregation,number,0.17812244853121229,False,False
2465721,0026 - Heico - Sigma - 7.avi,False,False,object_aggregation,binary,0.17812244853121229,False,True
2466279,0026 - Heico - Sigma - 7.avi,False,False,object_aggregation,binary,0.17812244853121229,False,True
2478158,0026 - Heico - Sigma - 7.avi,False,False,object_aggregation,binary,0.17812244853121229,False,False
2478299,0026 - Heico - Sigma - 7.avi,False,False,object_aggregation,binary,0.17812244853121229,False,True
2441259,0026 - Heico - Sigma - 7.avi,False,False,object_identification,fo_class,0.17812244853121229,False,True
2451218,0026 - Heico - Sigma - 7.avi,False,False,object_identification,fo_class,0.17812244853121229,False,True
2450919,0026 - Heico - Sigma - 7.avi,False,False,object_identification,fo_class,0.17812244853121229,False,True
2451187,0026 - Heico - Sigma - 7.avi,False,False,object_identification,fo_class,0.17812244853121229,False,True
2452840,0026 - Heico - Sigma - 7.avi,False,False,object_identification,fo_class,0.17812244853121229,False,True
2452738,0026 - Heico - Sigma - 7.avi,False,False,object_identification,fo_class,0.17812244853121229,False,True
2452727,0026 - Heico - Sigma - 7.avi,False,False,object_identification,fo_class,0.17812244853121229,False,True
2452424,0026 - Heico - Sigma - 7.avi,False,False,object_identification,fo_class,0.17812244853121229,False,False
2482870,0026 - Heico - Sigma - 7.avi,False,False,object_identification,fo_class,0.17812244853121229,False,True
2483014,0026 - Heico - Sigma - 7.avi,False,False,object_identification,fo_class,0.17812244853121229,False,True
2482980,0026 - Heico - Sigma - 7.avi,False,False,object_identification,fo_class,0.17812244853121229,False,False
2476834,0026 - Heico - Sigma - 7.avi,False,False,spatial_localization_camera,open_ended,0.17812244853121229,False,True
2495396,0026 - Heico - Sigma - 7.avi,False,False,spatial_localization_camera,fo_class,0.17812244853121229,False,False
2495352,0026 - Heico - Sigma - 7.avi,False,False,spatial_localization_camera,fo_class,0.17812244853121229,False,True
2501161,0026 - Heico - Sigma - 7.avi,False,False,spatial_localization_camera,multiple_choice,0.1780337097188749,False,True
2501106,0026 - Heico - Sigma - 7.avi,False,False,spatial_localization_camera,multiple_choice,0.1780337097188749,False,True
2458266,0026 - Heico - Sigma - 7.avi,False,False,object_aggregation,number,0.1780337097188749,False,True
2458195,0026 - Heico - Sigma - 7.avi,False,False,object_aggregation,number,0.1780337097188749,False,False
2458108,0026 - Heico - Sigma - 7.avi,False,False,object_aggregation,number,0.1780337097188749,False,False
2457992,0026 - Heico - Sigma - 7.avi,False,False,object_aggregation,number,0.1780337097188749,False,False
2458507,0026 - Heico - Sigma - 7.avi,False,False,object_aggregation,number,0.1780337097188749,False,True
2458536,0026 - Heico - Sigma - 7.avi,False,False,object_aggregation,number,0.1780337097188749,False,False
2460103,0026 - Heico - Sigma - 7.avi,False,False,object_aggregation,number,0.1780337097188749,False,True
2460565,0026 - Heico - Sigma - 7.avi,False,False,object_aggregation,number,0.1780337097188749,False,True
2460541,0026 - Heico - Sigma - 7.avi,False,False,object_aggregation,number,0.1780337097188749,False,True
2460553,0026 - Heico - Sigma - 7.avi,False,False,object_aggregation,number,0.1780337097188749,False,False
2466012,0026 - Heico - Sigma - 7.avi,False,False,object_aggregation,binary,0.1780337097188749,False,True
2466624,0026 - Heico - Sigma - 7.avi,False,False,object_aggregation,binary,0.1780337097188749,False,True
2478265,0026 - Heico - Sigma - 7.avi,False,False,object_aggregation,binary,0.1780337097188749,False,False
2478333,0026 - Heico - Sigma - 7.avi,False,False,object_aggregation,binary,0.1780337097188749,False,False
2441171,0026 - Heico - Sigma - 7.avi,False,False,object_identification,fo_class,0.1780337097188749,False,True
2451219,0026 - Heico - Sigma - 7.avi,False,False,object_identification,fo_class,0.1780337097188749,False,True
2450897,0026 - Heico - Sigma - 7.avi,False,False,object_identification,fo_class,0.1780337097188749,False,True
2450984,0026 - Heico - Sigma - 7.avi,False,False,object_identification,fo_class,0.1780337097188749,False,True
2452390,0026 - Heico - Sigma - 7.avi,False,False,object_identification,fo_class,0.1780337097188749,False,True
2452614,0026 - Heico - Sigma - 7.avi,False,False,object_identification,fo_class,0.1780337097188749,False,True
2452471,0026 - Heico - Sigma - 7.avi,False,False,object_identification,fo_class,0.1780337097188749,False,False
2452837,0026 - Heico - Sigma - 7.avi,False,False,object_identification,fo_class,0.1780337097188749,False,True
2482876,0026 - Heico - Sigma - 7.avi,False,False,object_identification,fo_class,0.1780337097188749,False,True
2483016,0026 - Heico - Sigma - 7.avi,False,False,object_identification,fo_class,0.1780337097188749,False,True
2482701,0026 - Heico - Sigma - 7.avi,False,False,object_identification,fo_class,0.1780337097188749,False,False
2477021,0026 - Heico - Sigma - 7.avi,False,False,spatial_localization_camera,open_ended,0.1780337097188749,False,True
2495338,0026 - Heico - Sigma - 7.avi,False,False,spatial_localization_camera,fo_class,0.1780337097188749,False,True
2495371,0026 - Heico - Sigma - 7.avi,False,False,spatial_localization_camera,fo_class,0.1780337097188749,False,False
2501088,0026 - Heico - Sigma - 7.avi,False,False,spatial_localization_camera,multiple_choice,0.1780337097188749,False,True
2501105,0026 - Heico - Sigma - 7.avi,False,False,spatial_localization_camera,multiple_choice,0.1780337097188749,False,True
2458049,0026 - Heico - Sigma - 7.avi,False,False,object_aggregation,number,0.17951449093743577,False,True
2458104,0026 - Heico - Sigma - 7.avi,False,False,object_aggregation,number,0.17951449093743577,False,False
2458246,0026 - Heico - Sigma - 7.avi,False,False,object_aggregation,number,0.17951449093743577,False,False
2458028,0026 - Heico - Sigma - 7.avi,False,False,object_aggregation,number,0.17951449093743577,False,False
2458436,0026 - Heico - Sigma - 7.avi,False,False,object_aggregation,number,0.17951449093743577,False,True
2458816,0026 - Heico - Sigma - 7.avi,False,False,object_aggregation,number,0.17951449093743577,False,True
2460566,0026 - Heico - Sigma - 7.avi,False,False,object_aggregation,number,0.17951449093743577,False,False
2460568,0026 - Heico - Sigma - 7.avi,False,False,object_aggregation,number,0.17951449093743577,False,False
2460362,0026 - Heico - Sigma - 7.avi,False,False,object_aggregation,number,0.17951449093743577,False,False
2460549,0026 - Heico - Sigma - 7.avi,False,False,object_aggregation,number,0.17951449093743577,False,True
2465961,0026 - Heico - Sigma - 7.avi,False,False,object_aggregation,binary,0.17951449093743577,False,True
2466482,0026 - Heico - Sigma - 7.avi,False,False,object_aggregation,binary,0.17951449093743577,False,False
2478190,0026 - Heico - Sigma - 7.avi,False,False,object_aggregation,binary,0.17951449093743577,False,True
2478332,0026 - Heico - Sigma - 7.avi,False,False,object_aggregation,binary,0.17951449093743577,False,True
2441263,0026 - Heico - Sigma - 7.avi,False,False,object_identification,fo_class,0.17951449093743577,False,True
2451046,0026 - Heico - Sigma - 7.avi,False,False,object_identification,fo_class,0.17951449093743577,False,True
2451054,0026 - Heico - Sigma - 7.avi,False,False,object_identification,fo_class,0.17951449093743577,False,True
2451248,0026 - Heico - Sigma - 7.avi,False,False,object_identification,fo_class,0.17951449093743577,False,True
2452373,0026 - Heico - Sigma - 7.avi,False,False,object_identification,fo_class,0.17951449093743577,False,True
2452510,0026 - Heico - Sigma - 7.avi,False,False,object_identification,fo_class,0.17951449093743577,False,True
2452480,0026 - Heico - Sigma - 7.avi,False,False,object_identification,fo_class,0.17951449093743577,False,True
2452381,0026 - Heico - Sigma - 7.avi,False,False,object_identification,fo_class,0.17951449093743577,False,True
2482860,0026 - Heico - Sigma - 7.avi,False,False,object_identification,fo_class,0.17951449093743577,False,True
2482877,0026 - Heico - Sigma - 7.avi,False,False,object_identification,fo_class,0.17951449093743577,False,True
2482900,0026 - Heico - Sigma - 7.avi,False,False,object_identification,fo_class,0.17951449093743577,False,True
2477089,0026 - Heico - Sigma - 7.avi,False,False,spatial_localization_camera,open_ended,0.17951449093743577,False,True
2495406,0026 - Heico - Sigma - 7.avi,False,False,spatial_localization_camera,fo_class,0.17951449093743577,False,True
2495384,0026 - Heico - Sigma - 7.avi,False,False,spatial_localization_camera,fo_class,0.17951449093743577,False,True
2501160,0026 - Heico - Sigma - 7.avi,False,False,spatial_localization_camera,multiple_choice,0.17951449093743577,False,True
2501122,0026 - Heico - Sigma - 7.avi,False,False,spatial_localization_camera,multiple_choice,0.17951449093743577,False,True
2458008,0026 - Heico - Sigma - 7.avi,False,False,object_aggregation,number,0.17951449093743577,False,True
2457911,0026 - Heico - Sigma - 7.avi,False,False,object_aggregation,number,0.17951449093743577,False,False
2457953,0026 - Heico - Sigma - 7.avi,False,False,object_aggregation,number,0.17811308199816267,False,False
2458187,0026 - Heico - Sigma - 7.avi,False,False,object_aggregation,number,0.17811308199816267,False,False
2458431,0026 - Heico - Sigma - 7.avi,False,False,object_aggregation,number,0.17811308199816267,False,True
2458556,0026 - Heico - Sigma - 7.avi,False,False,object_aggregation,number,0.17811308199816267,False,True
2460291,0026 - Heico - Sigma - 7.avi,False,False,object_aggregation,number,0.17811308199816267,False,True
2460351,0026 - Heico - Sigma - 7.avi,False,False,object_aggregation,number,0.17811308199816267,False,True
2460557,0026 - Heico - Sigma - 7.avi,False,False,object_aggregation,number,0.17811308199816267,False,True
2460551,0026 - Heico - Sigma - 7.avi,False,False,object_aggregation,number,0.17811308199816267,False,True
2466670,0026 - Heico - Sigma - 7.avi,False,False,object_aggregation,binary,0.17811308199816267,False,True
2466383,0026 - Heico - Sigma - 7.avi,False,False,object_aggregation,binary,0.17811308199816267,False,True
2478261,0026 - Heico - Sigma - 7.avi,False,False,object_aggregation,binary,0.17811308199816267,False,False
2478323,0026 - Heico - Sigma - 7.avi,False,False,object_aggregation,binary,0.17811308199816267,False,True
2441237,0026 - Heico - Sigma - 7.avi,False,False,object_identification,fo_class,0.17811308199816267,False,True
2450908,0026 - Heico - Sigma - 7.avi,False,False,object_identification,fo_class,0.17811308199816267,False,True
2451268,0026 - Heico - Sigma - 7.avi,False,False,object_identification,fo_class,0.17811308199816267,False,True
2450821,0026 - Heico - Sigma - 7.avi,False,False,object_identification,fo_class,0.17811308199816267,False,True
2452514,0026 - Heico - Sigma - 7.avi,False,False,object_identification,fo_class,0.17811308199816267,False,True
2452671,0026 - Heico - Sigma - 7.avi,False,False,object_identification,fo_class,0.17811308199816267,False,False
2452419,0026 - Heico - Sigma - 7.avi,False,False,object_identification,fo_class,0.17811308199816267,False,True
2452380,0026 - Heico - Sigma - 7.avi,False,False,object_identification,fo_class,0.17811308199816267,False,True
2482873,0026 - Heico - Sigma - 7.avi,False,False,object_identification,fo_class,0.17811308199816267,False,True
2482986,0026 - Heico - Sigma - 7.avi,False,False,object_identification,fo_class,0.17811308199816267,False,True
2482976,0026 - Heico - Sigma - 7.avi,False,False,object_identification,fo_class,0.17811308199816267,False,True
2476718,0026 - Heico - Sigma - 7.avi,False,False,spatial_localization_camera,open_ended,0.17811308199816267,False,True
2495333,0026 - Heico - Sigma - 7.avi,False,False,spatial_localization_camera,fo_class,0.17811308199816267,False,False
2495360,0026 - Heico - Sigma - 7.avi,False,False,spatial_localization_camera,fo_class,0.17811308199816267,False,False
2501117,0026 - Heico - Sigma - 7.avi,False,False,spatial_localization_camera,multiple_choice,0.17811308199816267,False,True
2457840,0026 - Heico - Sigma - 7.avi,False,False,object_aggregation,number,0.17811308199816267,False,True
2458149,0026 - Heico - Sigma - 7.avi,False,False,object_aggregation,number,0.17811308199816267,False,False
2458004,0026 - Heico - Sigma - 7.avi,False,False,object_aggregation,number,0.17811308199816267,False,False
2457973,0026 - Heico - Sigma - 7.avi,False,False,object_aggregation,number,0.17811308199816267,False,False
2458367,0026 - Heico - Sigma - 7.avi,False,False,object_aggregation,number,0.17811308199816267,False,False
2458790,0026 - Heico - Sigma - 7.avi,False,False,object_aggregation,number,0.1781423840948264,False,True
2459754,0026 - Heico - Sigma - 7.avi,False,False,object_aggregation,number,0.1781423840948264,False,True
2460561,0026 - Heico - Sigma - 7.avi,False,False,object_aggregation,number,0.1781423840948264,False,True
2460359,0026 - Heico - Sigma - 7.avi,False,False,object_aggregation,number,0.1781423840948264,False,False
2460552,0026 - Heico - Sigma - 7.avi,False,False,object_aggregation,number,0.1781423840948264,False,False
2465707,0026 - Heico - Sigma - 7.avi,False,False,object_aggregation,binary,0.1781423840948264,False,True
2466206,0026 - Heico - Sigma - 7.avi,False,False,object_aggregation,binary,0.1781423840948264,False,False
2478131,0026 - Heico - Sigma - 7.avi,False,False,object_aggregation,binary,0.1781423840948264,False,False
2478282,0026 - Heico - Sigma - 7.avi,False,False,object_aggregation,binary,0.1781423840948264,False,True
2441270,0026 - Heico - Sigma - 7.avi,False,False,object_identification,fo_class,0.1781423840948264,False,False
2450914,0026 - Heico - Sigma - 7.avi,False,False,object_identification,fo_class,0.1781423840948264,False,True
2451240,0026 - Heico - Sigma - 7.avi,False,False,object_identification,fo_class,0.1781423840948264,False,False
2451160,0026 - Heico - Sigma - 7.avi,False,False,object_identification,fo_class,0.1781423840948264,False,True
2452515,0026 - Heico - Sigma - 7.avi,False,False,object_identification,fo_class,0.1781423840948264,False,True
2452409,0026 - Heico - Sigma - 7.avi,False,False,object_identification,fo_class,0.1781423840948264,False,False
2452805,0026 - Heico - Sigma - 7.avi,False,False,object_identification,fo_class,0.1781423840948264,False,True
2452468,0026 - Heico - Sigma - 7.avi,False,False,object_identification,fo_class,0.1781423840948264,False,True
2482875,0026 - Heico - Sigma - 7.avi,False,False,object_identification,fo_class,0.1781423840948264,False,True
2483005,0026 - Heico - Sigma - 7.avi,False,False,object_identification,fo_class,0.1781423840948264,False,False
2482985,0026 - Heico - Sigma - 7.avi,False,False,object_identification,fo_class,0.1781423840948264,False,False
2476915,0026 - Heico - Sigma - 7.avi,False,False,spatial_localization_camera,open_ended,0.1781423840948264,False,False
2495402,0026 - Heico - Sigma - 7.avi,False,False,spatial_localization_camera,fo_class,0.1781423840948264,False,False
2495358,0026 - Heico - Sigma - 7.avi,False,False,spatial_localization_camera,fo_class,0.1781423840948264,False,True
2501149,0026 - Heico - Sigma - 7.avi,False,False,spatial_localization_camera,multiple_choice,0.1781423840948264,False,True
2458148,0026 - Heico - Sigma - 7.avi,False,False,object_aggregation,number,0.1781423840948264,False,True
2458081,0026 - Heico - Sigma - 7.avi,False,False,object_aggregation,number,0.1781423840948264,False,False
2457855,0026 - Heico - Sigma - 7.avi,False,False,object_aggregation,number,0.1781423840948264,False,False
2458189,0026 - Heico - Sigma - 7.avi,False,False,object_aggregation,number,0.1781423840948264,False,True
2458506,0026 - Heico - Sigma - 7.avi,False,False,object_aggregation,number,0.1781423840948264,False,True
2458751,0026 - Heico - Sigma - 7.avi,False,False,object_aggregation,number,0.1781423840948264,False,False
2459891,0026 - Heico - Sigma - 7.avi,False,False,object_aggregation,number,0.1781423840948264,False,True
2460363,0026 - Heico - Sigma - 7.avi,False,False,object_aggregation,number,0.1781423840948264,False,True
2460555,0026 - Heico - Sigma - 7.avi,False,False,object_aggregation,number,0.1780380671552848,False,True
2460548,0026 - Heico - Sigma - 7.avi,False,False,object_aggregation,number,0.1780380671552848,False,False
2466451,0026 - Heico - Sigma - 7.avi,False,False,object_aggregation,binary,0.1780380671552848,False,False
2466649,0026 - Heico - Sigma - 7.avi,False,False,object_aggregation,binary,0.1780380671552848,False,True
2478254,0026 - Heico - Sigma - 7.avi,False,False,object_aggregation,binary,0.1780380671552848,False,False
2478296,0026 - Heico - Sigma - 7.avi,False,False,object_aggregation,binary,0.1780380671552848,False,True
2441199,0026 - Heico - Sigma - 7.avi,False,False,object_identification,fo_class,0.1780380671552848,False,True
2450910,0026 - Heico - Sigma - 7.avi,False,False,object_identification,fo_class,0.1780380671552848,False,True
2450844,0026 - Heico - Sigma - 7.avi,False,False,object_identification,fo_class,0.1780380671552848,False,True
2451020,0026 - Heico - Sigma - 7.avi,False,False,object_identification,fo_class,0.1780380671552848,False,True
2452809,0026 - Heico - Sigma - 7.avi,False,False,object_identification,fo_class,0.1780380671552848,False,False
2452448,0026 - Heico - Sigma - 7.avi,False,False,object_identification,fo_class,0.1780380671552848,False,True
2452670,0026 - Heico - Sigma - 7.avi,False,False,object_identification,fo_class,0.1780380671552848,False,True
2452656,0026 - Heico - Sigma - 7.avi,False,False,object_identification,fo_class,0.1780380671552848,False,False
2482859,0026 - Heico - Sigma - 7.avi,False,False,object_identification,fo_class,0.1780380671552848,False,True
2482992,0026 - Heico - Sigma - 7.avi,False,False,object_identification,fo_class,0.1780380671552848,False,False
2482767,0026 - Heico - Sigma - 7.avi,False,False,object_identification,fo_class,0.1780380671552848,False,True
2477027,0026 - Heico - Sigma - 7.avi,False,False,spatial_localization_camera,open_ended,0.1780380671552848,False,True
2495327,0026 - Heico - Sigma - 7.avi,False,False,spatial_localization_camera,fo_class,0.1780380671552848,False,True
2495361,0026 - Heico - Sigma - 7.avi,False,False,spatial_localization_camera,fo_class,0.1780380671552848,False,False
2501144,0026 - Heico - Sigma - 7.avi,False,False,spatial_localization_camera,multiple_choice,0.1780380671552848,False,True
2457952,0026 - Heico - Sigma - 7.avi,False,False,object_aggregation,number,0.1780380671552848,False,False
2458158,0026 - Heico - Sigma - 7.avi,False,False,object_aggregation,number,0.1780380671552848,False,True
2458142,0026 - Heico - Sigma - 7.avi,False,False,object_aggregation,number,0.1780380671552848,False,False
2458555,0026 - Heico - Sigma - 7.avi,False,False,object_aggregation,number,0.1780380671552848,False,True
2458410,0026 - Heico - Sigma - 7.avi,False,False,object_aggregation,number,0.1780380671552848,False,False
2460467,0026 - Heico - Sigma - 7.avi,False,False,object_aggregation,number,0.1780380671552848,False,True
2460545,0026 - Heico - Sigma - 7.avi,False,False,object_aggregation,number,0.1780380671552848,False,False
2460356,0026 - Heico - Sigma - 7.avi,False,False,object_aggregation,number,0.1780380671552848,False,True
2466407,0026 - Heico - Sigma - 7.avi,False,False,object_aggregation,binary,0.1780380671552848,False,True
2466317,0026 - Heico - Sigma - 7.avi,False,False,object_aggregation,binary,0.1780380671552848,False,True
2478232,0026 - Heico - Sigma - 7.avi,False,False,object_aggregation,binary,0.1780380671552848,False,False
2478290,0026 - Heico - Sigma - 7.avi,False,False,object_aggregation,binary,0.17802157765618176,False,True
2441262,0026 - Heico - Sigma - 7.avi,False,False,object_identification,fo_class,0.17802157765618176,False,False
2451038,0026 - Heico - Sigma - 7.avi,False,False,object_identification,fo_class,0.17802157765618176,False,True
2450935,0026 - Heico - Sigma - 7.avi,False,False,object_identification,fo_class,0.17802157765618176,False,True
2451272,0026 - Heico - Sigma - 7.avi,False,False,object_identification,fo_class,0.17802157765618176,False,True
2452487,0026 - Heico - Sigma - 7.avi,False,False,object_identification,fo_class,0.17802157765618176,False,True
2452389,0026 - Heico - Sigma - 7.avi,False,False,object_identification,fo_class,0.17802157765618176,False,True
2452597,0026 - Heico - Sigma - 7.avi,False,False,object_identification,fo_class,0.17802157765618176,False,False
2452400,0026 - Heico - Sigma - 7.avi,False,False,object_identification,fo_class,0.17802157765618176,False,False
2482868,0026 - Heico - Sigma - 7.avi,False,False,object_identification,fo_class,0.17802157765618176,False,True
2483034,0026 - Heico - Sigma - 7.avi,False,False,object_identification,fo_class,0.17802157765618176,False,True
2482969,0026 - Heico - Sigma - 7.avi,False,False,object_identification,fo_class,0.17802157765618176,False,True
2477032,0026 - Heico - Sigma - 7.avi,False,False,spatial_localization_camera,open_ended,0.17802157765618176,False,False
2495391,0026 - Heico - Sigma - 7.avi,False,False,spatial_localization_camera,fo_class,0.17802157765618176,False,True
2495374,0026 - Heico - Sigma - 7.avi,False,False,spatial_localization_camera,fo_class,0.17802157765618176,False,False
2501131,0026 - Heico - Sigma - 7.avi,False,False,spatial_localization_camera,multiple_choice,0.17802157765618176,False,True
2458041,0026 - Heico - Sigma - 7.avi,False,False,object_aggregation,number,0.17802157765618176,False,True
2458257,0026 - Heico - Sigma - 7.avi,False,False,object_aggregation,number,0.17802157765618176,False,False
2457936,0026 - Heico - Sigma - 7.avi,False,False,object_aggregation,number,0.17802157765618176,False,False
2458628,0026 - Heico - Sigma - 7.avi,False,False,object_aggregation,number,0.17802157765618176,False,False
2458802,0026 - Heico - Sigma - 7.avi,False,False,object_aggregation,number,0.17802157765618176,False,False
2460241,0026 - Heico - Sigma - 7.avi,False,False,object_aggregation,number,0.17802157765618176,False,True
2460352,0026 - Heico - Sigma - 7.avi,False,False,object_aggregation,number,0.17802157765618176,False,True
2460511,0026 - Heico - Sigma - 7.avi,False,False,object_aggregation,number,0.17802157765618176,False,False
2466095,0026 - Heico - Sigma - 7.avi,False,False,object_aggregation,binary,0.17802157765618176,False,True
2466422,0026 - Heico - Sigma - 7.avi,False,False,object_aggregation,binary,0.17802157765618176,False,True
2478252,0026 - Heico - Sigma - 7.avi,False,False,object_aggregation,binary,0.17802157765618176,False,False
2478303,0026 - Heico - Sigma - 7.avi,False,False,object_aggregation,binary,0.17802157765618176,False,True
2441227,0026 - Heico - Sigma - 7.avi,False,False,object_identification,fo_class,0.17802157765618176,False,True
2451236,0026 - Heico - Sigma - 7.avi,False,False,object_identification,fo_class,0.17802157765618176,False,True
2450902,0026 - Heico - Sigma - 7.avi,False,False,object_identification,fo_class,0.17802157765618176,False,True
2450840,0026 - Heico - Sigma - 7.avi,False,False,object_identification,fo_class,0.17802157765618176,False,True
2452632,0026 - Heico - Sigma - 7.avi,False,False,object_identification,fo_class,0.17803454696695553,False,True
2452403,0026 - Heico - Sigma - 7.avi,False,False,object_identification,fo_class,0.17803454696695553,False,True
2452574,0026 - Heico - Sigma - 7.avi,False,False,object_identification,fo_class,0.17803454696695553,False,True
2452359,0026 - Heico - Sigma - 7.avi,False,False,object_identification,fo_class,0.17803454696695553,False,True
2482874,0026 - Heico - Sigma - 7.avi,False,False,object_identification,fo_class,0.17803454696695553,False,True
2483041,0026 - Heico - Sigma - 7.avi,False,False,object_identification,fo_class,0.17803454696695553,False,True
2482700,0026 - Heico - Sigma - 7.avi,False,False,object_identification,fo_class,0.17803454696695553,False,True
2476755,0026 - Heico - Sigma - 7.avi,False,False,spatial_localization_camera,open_ended,0.17803454696695553,False,True
2495336,0026 - Heico - Sigma - 7.avi,False,False,spatial_localization_camera,fo_class,0.17803454696695553,False,False
2495357,0026 - Heico - Sigma - 7.avi,False,False,spatial_localization_camera,fo_class,0.17803454696695553,False,True
2501125,0026 - Heico - Sigma - 7.avi,False,False,spatial_localization_camera,multiple_choice,0.17803454696695553,False,True
2457857,0026 - Heico - Sigma - 7.avi,False,False,object_aggregation,number,0.17803454696695553,False,True
2458137,0026 - Heico - Sigma - 7.avi,False,False,object_aggregation,number,0.17803454696695553,False,False
2457891,0026 - Heico - Sigma - 7.avi,False,False,object_aggregation,number,0.17803454696695553,False,False
2458361,0026 - Heico - Sigma - 7.avi,False,False,object_aggregation,number,0.17803454696695553,False,True
2458569,0026 - Heico - Sigma - 7.avi,False,False,object_aggregation,number,0.17803454696695553,False,False
2459743,0026 - Heico - Sigma - 7.avi,False,False,object_aggregation,number,0.17803454696695553,False,True
2460564,0026 - Heico - Sigma - 7.avi,False,False,object_aggregation,number,0.17803454696695553,False,False
2460360,0026 - Heico - Sigma - 7.avi,False,False,object_aggregation,number,0.17803454696695553,False,False
2465709,0026 - Heico - Sigma - 7.avi,False,False,object_aggregation,binary,0.17803454696695553,False,True
2466566,0026 - Heico - Sigma - 7.avi,False,False,object_aggregation,binary,0.17803454696695553,False,True
2478178,0026 - Heico - Sigma - 7.avi,False,False,object_aggregation,binary,0.17803454696695553,False,False
2478300,0026 - Heico - Sigma - 7.avi,False,False,object_aggregation,binary,0.17803454696695553,False,True
2441265,0026 - Heico - Sigma - 7.avi,False,False,object_identification,fo_class,0.17803454696695553,False,False
2450837,0026 - Heico - Sigma - 7.avi,False,False,object_identification,fo_class,0.17803454696695553,False,True
2451058,0026 - Heico - Sigma - 7.avi,False,False,object_identification,fo_class,0.17803454696695553,False,True
2451250,0026 - Heico - Sigma - 7.avi,False,False,object_identification,fo_class,0.17803454696695553,False,True
2452539,0026 - Heico - Sigma - 7.avi,False,False,object_identification,fo_class,0.17803454696695553,False,True
2452466,0026 - Heico - Sigma - 7.avi,False,False,object_identification,fo_class,0.17803454696695553,False,False
2452628,0026 - Heico - Sigma - 7.avi,False,False,object_identification,fo_class,0.17803454696695553,False,False
2452547,0026 - Heico - Sigma - 7.avi,False,False,object_identification,fo_class,0.17803454696695553,False,False
2482861,0026 - Heico - Sigma - 7.avi,False,False,object_identification,fo_class,0.17803454696695553,False,False
2482993,0026 - Heico - Sigma - 7.avi,False,False,object_identification,fo_class,0.1780565693115932,False,False
2482901,0026 - Heico - Sigma - 7.avi,False,False,object_identification,fo_class,0.1780565693115932,False,True
2476994,0026 - Heico - Sigma - 7.avi,False,False,spatial_localization_camera,open_ended,0.1780565693115932,False,True
2495386,0026 - Heico - Sigma - 7.avi,False,False,spatial_localization_camera,fo_class,0.1780565693115932,False,True
2495373,0026 - Heico - Sigma - 7.avi,False,False,spatial_localization_camera,fo_class,0.1780565693115932,False,False
2501139,0026 - Heico - Sigma - 7.avi,False,False,spatial_localization_camera,multiple_choice,0.1780565693115932,False,True
2457894,0026 - Heico - Sigma - 7.avi,False,False,object_aggregation,number,0.1780565693115932,False,True
2458144,0026 - Heico - Sigma - 7.avi,False,False,object_aggregation,number,0.1780565693115932,False,True
2458014,0026 - Heico - Sigma - 7.avi,False,False,object_aggregation,number,0.1780565693115932,False,False
2458634,0026 - Heico - Sigma - 7.avi,False,False,object_aggregation,number,0.1780565693115932,False,True
2458461,0026 - Heico - Sigma - 7.avi,False,False,object_aggregation,number,0.1780565693115932,False,False
2459746,0026 - Heico - Sigma - 7.avi,False,False,object_aggregation,number,0.1780565693115932,False,True
2460354,0026 - Heico - Sigma - 7.avi,False,False,object_aggregation,number,0.1780565693115932,False,True
2460538,0026 - Heico - Sigma - 7.avi,False,False,object_aggregation,number,0.1780565693115932,False,False
2465804,0026 - Heico - Sigma - 7.avi,False,False,object_aggregation,binary,0.1780565693115932,False,True
2466232,0026 - Heico - Sigma - 7.avi,False,False,object_aggregation,binary,0.1780565693115932,False,True
2478268,0026 - Heico - Sigma - 7.avi,False,False,object_aggregation,binary,0.1780565693115932,False,False
2478312,0026 - Heico - Sigma - 7.avi,False,False,object_aggregation,binary,0.1780565693115932,False,True
2441210,0026 - Heico - Sigma - 7.avi,False,False,object_identification,fo_class,0.1780565693115932,False,True
2451079,0026 - Heico - Sigma - 7.avi,False,False,object_identification,fo_class,0.1780565693115932,False,True
2450977,0026 - Heico - Sigma - 7.avi,False,False,object_identification,fo_class,0.1780565693115932,False,False
2452600,0026 - Heico - Sigma - 7.avi,False,False,object_identification,fo_class,0.1780565693115932,False,True
2452534,0026 - Heico - Sigma - 7.avi,False,False,object_identification,fo_class,0.1780565693115932,False,False
2452807,0026 - Heico - Sigma - 7.avi,False,False,object_identification,fo_class,0.1780565693115932,False,True
2452450,0026 - Heico - Sigma - 7.avi,False,False,object_identification,fo_class,0.1780565693115932,False,False
2482872,0026 - Heico - Sigma - 7.avi,False,False,object_identification,fo_class,0.1780565693115932,False,True
2483007,0026 - Heico - Sigma - 7.avi,False,False,object_identification,fo_class,0.1780565693115932,False,True
2482981,0026 - Heico - Sigma - 7.avi,False,False,object_identification,fo_class,0.1780565693115932,False,True
2477030,0026 - Heico - Sigma - 7.avi,False,False,spatial_localization_camera,open_ended,0.1780565693115932,False,True
2495332,0026 - Heico - Sigma - 7.avi,False,False,spatial_localization_camera,fo_class,0.1780565693115932,False,False
2495375,0026 - Heico - Sigma - 7.avi,False,False,spatial_localization_camera,fo_class,0.1780565693115932,False,False
2501116,0026 - Heico - Sigma - 7.avi,False,False,spatial_localization_camera,multiple_choice,0.1780565693115932,False,True
2457842,0026 - Heico - Sigma - 7.avi,False,False,object_aggregation,number,0.18784919518657262,False,True
2457984,0026 - Heico - Sigma - 7.avi,False,False,object_aggregation,number,0.18784919518657262,False,False
2458321,0026 - Heico - Sigma - 7.avi,False,False,object_aggregation,number,0.18784919518657262,False,False
2458458,0026 - Heico - Sigma - 7.avi,False,False,object_aggregation,number,0.18784919518657262,False,True
2458548,0026 - Heico - Sigma - 7.avi,False,False,object_aggregation,number,0.18784919518657262,False,True
2460466,0026 - Heico - Sigma - 7.avi,False,False,object_aggregation,number,0.18784919518657262,False,True
2460498,0026 - Heico - Sigma - 7.avi,False,False,object_aggregation,number,0.18784919518657262,False,True
2460358,0026 - Heico - Sigma - 7.avi,False,False,object_aggregation,number,0.18784919518657262,False,True
2466162,0026 - Heico - Sigma - 7.avi,False,False,object_aggregation,binary,0.18784919518657262,False,True
2466253,0026 - Heico - Sigma - 7.avi,False,False,object_aggregation,binary,0.18784919518657262,False,True
2478156,0026 - Heico - Sigma - 7.avi,False,False,object_aggregation,binary,0.18784919518657262,False,True
2478295,0026 - Heico - Sigma - 7.avi,False,False,object_aggregation,binary,0.18784919518657262,False,True
2441254,0026 - Heico - Sigma - 7.avi,False,False,object_identification,fo_class,0.18784919518657262,False,False
2451266,0026 - Heico - Sigma - 7.avi,False,False,object_identification,fo_class,0.18784919518657262,False,True
2451007,0026 - Heico - Sigma - 7.avi,False,False,object_identification,fo_class,0.18784919518657262,False,True
2452692,0026 - Heico - Sigma - 7.avi,False,False,object_identification,fo_class,0.18784919518657262,False,True
2452443,0026 - Heico - Sigma - 7.avi,False,False,object_identification,fo_class,0.18784919518657262,False,True
2452750,0026 - Heico - Sigma - 7.avi,False,False,object_identification,fo_class,0.18784919518657262,False,False
2452382,0026 - Heico - Sigma - 7.avi,False,False,object_identification,fo_class,0.18784919518657262,False,False
2482863,0026 - Heico - Sigma - 7.avi,False,False,object_identification,fo_class,0.18784919518657262,False,True
2482999,0026 - Heico - Sigma - 7.avi,False,False,object_identification,fo_class,0.18784919518657262,False,True
2482815,0026 - Heico - Sigma - 7.avi,False,False,object_identification,fo_class,0.18784919518657262,False,False
2476845,0026 - Heico - Sigma - 7.avi,False,False,spatial_localization_camera,open_ended,0.18784919518657262,False,False
2495397,0026 - Heico - Sigma - 7.avi,False,False,spatial_localization_camera,fo_class,0.18784919518657262,False,True
2495350,0026 - Heico - Sigma - 7.avi,False,False,spatial_localization_camera,fo_class,0.18784919518657262,False,False
2501113,0026 - Heico - Sigma - 7.avi,False,False,spatial_localization_camera,multiple_choice,0.18784919518657262,False,True
2458324,0026 - Heico - Sigma - 7.avi,False,False,object_aggregation,number,0.18784919518657262,False,True
2458037,0026 - Heico - Sigma - 7.avi,False,False,object_aggregation,number,0.18784919518657262,False,False
2458198,0026 - Heico - Sigma - 7.avi,False,False,object_aggregation,number,0.18784919518657262,False,True
2458684,0026 - Heico - Sigma - 7.avi,False,False,object_aggregation,number,0.18784919518657262,False,True
2458488,0026 - Heico - Sigma - 7.avi,False,False,object_aggregation,number,0.18784919518657262,False,False
2460306,0026 - Heico - Sigma - 7.avi,False,False,object_aggregation,number,0.18784919518657262,False,True
2460355,0026 - Heico - Sigma - 7.avi,False,False,object_aggregation,number,0.17800988200178836,False,True
2460517,0026 - Heico - Sigma - 7.avi,False,False,object_aggregation,number,0.17800988200178836,False,True
2465955,0026 - Heico - Sigma - 7.avi,False,False,object_aggregation,binary,0.17800988200178836,False,True
2466374,0026 - Heico - Sigma - 7.avi,False,False,object_aggregation,binary,0.17800988200178836,False,False
2478264,0026 - Heico - Sigma - 7.avi,False,False,object_aggregation,binary,0.17800988200178836,False,False
2478309,0026 - Heico - Sigma - 7.avi,False,False,object_aggregation,binary,0.17800988200178836,False,True
2441164,0026 - Heico - Sigma - 7.avi,False,False,object_identification,fo_class,0.17800988200178836,False,True
2451131,0026 - Heico - Sigma - 7.avi,False,False,object_identification,fo_class,0.17800988200178836,False,True
2450832,0026 - Heico - Sigma - 7.avi,False,False,object_identification,fo_class,0.17800988200178836,False,True
2452846,0026 - Heico - Sigma - 7.avi,False,False,object_identification,fo_class,0.17800988200178836,False,True
2452405,0026 - Heico - Sigma - 7.avi,False,False,object_identification,fo_class,0.17800988200178836,False,False
2452705,0026 - Heico - Sigma - 7.avi,False,False,object_identification,fo_class,0.17800988200178836,False,True
2452350,0026 - Heico - Sigma - 7.avi,False,False,object_identification,fo_class,0.17800988200178836,False,True
2482867,0026 - Heico - Sigma - 7.avi,False,False,object_identification,fo_class,0.17800988200178836,False,True
2483047,0026 - Heico - Sigma - 7.avi,False,False,object_identification,fo_class,0.17800988200178836,False,True
2482978,0026 - Heico - Sigma - 7.avi,False,False,object_identification,fo_class,0.17800988200178836,False,False
2477002,0026 - Heico - Sigma - 7.avi,False,False,spatial_localization_camera,open_ended,0.17800988200178836,False,False
2495346,0026 - Heico - Sigma - 7.avi,False,False,spatial_localization_camera,fo_class,0.17800988200178836,False,True
2495376,0026 - Heico - Sigma - 7.avi,False,False,spatial_localization_camera,fo_class,0.17800988200178836,False,False
2501152,0026 - Heico - Sigma - 7.avi,False,False,spatial_localization_camera,multiple_choice,0.17800988200178836,False,True
2457851,0026 - Heico - Sigma - 7.avi,False,False,object_aggregation,number,0.17800988200178836,False,True
2458063,0026 - Heico - Sigma - 7.avi,False,False,object_aggregation,number,0.17800988200178836,False,True
2458256,0026 - Heico - Sigma - 7.avi,False,False,object_aggregation,number,0.17800988200178836,False,False
2458360,0026 - Heico - Sigma - 7.avi,False,False,object_aggregation,number,0.17800988200178836,False,True
2458613,0026 - Heico - Sigma - 7.avi,False,False,object_aggregation,number,0.17800988200178836,False,False
2459749,0026 - Heico - Sigma - 7.avi,False,False,object_aggregation,number,0.17800988200178836,False,True
2460544,0026 - Heico - Sigma - 7.avi,False,False,object_aggregation,number,0.17800988200178836,False,True
2460543,0026 - Heico - Sigma - 7.avi,False,False,object_aggregation,number,0.17800988200178836,False,True
2465713,0026 - Heico - Sigma - 7.avi,False,False,object_aggregation,binary,0.17800988200178836,False,True
2466378,0026 - Heico - Sigma - 7.avi,False,False,object_aggregation,binary,0.17800988200178836,False,False
2478199,0026 - Heico - Sigma - 7.avi,False,False,object_aggregation,binary,0.17800988200178836,False,False
2478314,0026 - Heico - Sigma - 7.avi,False,False,object_aggregation,binary,0.17800988200178836,False,True
2441268,0026 - Heico - Sigma - 7.avi,False,False,object_identification,fo_class,0.1780387353428523,False,True
2450900,0026 - Heico - Sigma - 7.avi,False,False,object_identification,fo_class,0.1780387353428523,False,True
2450954,0026 - Heico - Sigma - 7.avi,False,False,object_identification,fo_class,0.1780387353428523,False,True
2452460,0026 - Heico - Sigma - 7.avi,False,False,object_identification,fo_class,0.1780387353428523,False,True
2452558,0026 - Heico - Sigma - 7.avi,False,False,object_identification,fo_class,0.1780387353428523,False,True
2452530,0026 - Heico - Sigma - 7.avi,False,False,object_identification,fo_class,0.1780387353428523,False,True
2452629,0026 - Heico - Sigma - 7.avi,False,False,object_identification,fo_class,0.1780387353428523,False,True
2482869,0026 - Heico - Sigma - 7.avi,False,False,object_identification,fo_class,0.1780387353428523,False,True
2483038,0026 - Heico - Sigma - 7.avi,False,False,object_identification,fo_class,0.1780387353428523,False,True
2482746,0026 - Heico - Sigma - 7.avi,False,False,object_identification,fo_class,0.1780387353428523,False,True
2477088,0026 - Heico - Sigma - 7.avi,False,False,spatial_localization_camera,open_ended,0.1780387353428523,False,False
2495400,0026 - Heico - Sigma - 7.avi,False,False,spatial_localization_camera,fo_class,0.1780387353428523,False,False
2495351,0026 - Heico - Sigma - 7.avi,False,False,spatial_localization_camera,fo_class,0.1780387353428523,False,True
2501121,0026 - Heico - Sigma - 7.avi,False,False,spatial_localization_camera,multiple_choice,0.1780387353428523,False,True
2458307,0026 - Heico - Sigma - 7.avi,False,False,object_aggregation,number,0.1780387353428523,False,True
2458239,0026 - Heico - Sigma - 7.avi,False,False,object_aggregation,number,0.1780387353428523,False,False
2458061,0026 - Heico - Sigma - 7.avi,False,False,object_aggregation,number,0.1780387353428523,False,True
2458416,0026 - Heico - Sigma - 7.avi,False,False,object_aggregation,number,0.1780387353428523,False,True
2458642,0026 - Heico - Sigma - 7.avi,False,False,object_aggregation,number,0.1780387353428523,False,False
2460365,0026 - Heico - Sigma - 7.avi,False,False,object_aggregation,number,0.1780387353428523,False,False
2460500,0026 - Heico - Sigma - 7.avi,False,False,object_aggregation,number,0.1780387353428523,False,True
2460504,0026 - Heico - Sigma - 7.avi,False,False,object_aggregation,number,0.1780387353428523,False,False
2466597,0026 - Heico - Sigma - 7.avi,False,False,object_aggregation,binary,0.1780387353428523,False,False
2466432,0026 - Heico - Sigma - 7.avi,False,False,object_aggregation,binary,0.1780387353428523,False,True
2478258,0026 - Heico - Sigma - 7.avi,False,False,object_aggregation,binary,0.1780387353428523,False,False
2478315,0026 - Heico - Sigma - 7.avi,False,False,object_aggregation,binary,0.1780387353428523,False,True
2441248,0026 - Heico - Sigma - 7.avi,False,False,object_identification,fo_class,0.1780387353428523,False,False
2451137,0026 - Heico - Sigma - 7.avi,False,False,object_identification,fo_class,0.1780387353428523,False,True
2451183,0026 - Heico - Sigma - 7.avi,False,False,object_identification,fo_class,0.1780387353428523,False,True
2452800,0026 - Heico - Sigma - 7.avi,False,False,object_identification,fo_class,0.1780387353428523,False,True
2452441,0026 - Heico - Sigma - 7.avi,False,False,object_identification,fo_class,0.1780387353428523,False,True
2511990,0027 - Heico - Sigma - 8.avi,False,False,object_identification,fo_class,0.1780387353428523,False,True
2511941,0027 - Heico - Sigma - 8.avi,False,False,object_identification,fo_class,0.17798167247019592,False,True
2525216,0027 - Heico - Sigma - 8.avi,False,False,object_identification,fo_class,0.17798167247019592,False,True
2525247,0027 - Heico - Sigma - 8.avi,False,False,object_identification,fo_class,0.17798167247019592,False,True
2525276,0027 - Heico - Sigma - 8.avi,False,False,object_identification,fo_class,0.17798167247019592,False,True
2524799,0027 - Heico - Sigma - 8.avi,False,False,object_identification,fo_class,0.17798167247019592,False,True
2529192,0027 - Heico - Sigma - 8.avi,False,False,object_identification,fo_class,0.17798167247019592,False,True
2529100,0027 - Heico - Sigma - 8.avi,False,False,object_identification,fo_class,0.17798167247019592,False,False
2528955,0027 - Heico - Sigma - 8.avi,False,False,object_identification,fo_class,0.17798167247019592,False,False
2528956,0027 - Heico - Sigma - 8.avi,False,False,object_identification,fo_class,0.17798167247019592,False,True
2528805,0027 - Heico - Sigma - 8.avi,False,False,object_identification,fo_class,0.17798167247019592,False,True
2569526,0027 - Heico - Sigma - 8.avi,False,False,object_identification,fo_class,0.17798167247019592,False,True
2569390,0027 - Heico - Sigma - 8.avi,False,False,object_identification,fo_class,0.17798167247019592,False,True
2569405,0027 - Heico - Sigma - 8.avi,False,False,object_identification,fo_class,0.17798167247019592,False,True
2569412,0027 - Heico - Sigma - 8.avi,False,False,object_identification,fo_class,0.17798167247019592,False,True
2681470,0027 - Heico - Sigma - 8.avi,False,False,object_identification,open_ended,0.17798167247019592,False,False
2681475,0027 - Heico - Sigma - 8.avi,False,False,object_attributes,open_ended,0.17798167247019592,False,True
2681465,0027 - Heico - Sigma - 8.avi,False,False,object_attributes,open_ended,0.17798167247019592,False,False
2561930,0027 - Heico - Sigma - 8.avi,False,False,spatial_localization_camera,open_ended,0.17798167247019592,False,True
2586624,0027 - Heico - Sigma - 8.avi,False,False,spatial_localization_camera,fo_class,0.17798167247019592,False,False
2586634,0027 - Heico - Sigma - 8.avi,False,False,spatial_localization_camera,fo_class,0.17798167247019592,False,False
2595415,0027 - Heico - Sigma - 8.avi,False,False,spatial_localization_camera,multiple_choice,0.17798167247019592,False,False
2595414,0027 - Heico - Sigma - 8.avi,False,False,spatial_localization_camera,multiple_choice,0.17798167247019592,False,True
2595413,0027 - Heico - Sigma - 8.avi,False,False,spatial_localization_camera,multiple_choice,0.17798167247019592,False,False
2681967,0027 - Heico - Sigma - 8.avi,False,False,spatial_localization_situs,open_ended,0.17798167247019592,False,True
2681965,0027 - Heico - Sigma - 8.avi,False,False,spatial_localization_situs,open_ended,0.17798167247019592,False,False
2536885,0027 - Heico - Sigma - 8.avi,False,False,object_aggregation,number,0.17798167247019592,False,True
2537108,0027 - Heico - Sigma - 8.avi,False,False,object_aggregation,number,0.17798167247019592,False,False
2536988,0027 - Heico - Sigma - 8.avi,False,False,object_aggregation,number,0.17798167247019592,False,False
2536973,0027 - Heico - Sigma - 8.avi,False,False,object_aggregation,number,0.17798167247019592,False,False
2537086,0027 - Heico - Sigma - 8.avi,False,False,object_aggregation,number,0.17798167247019592,False,False
2537351,0027 - Heico - Sigma - 8.avi,False,False,object_aggregation,number,0.17798167247019592,False,True
2537806,0027 - Heico - Sigma - 8.avi,False,False,object_aggregation,number,0.17798167247019592,False,False
2538846,0027 - Heico - Sigma - 8.avi,False,False,object_aggregation,number,0.17800768484084983,False,True
2540101,0027 - Heico - Sigma - 8.avi,False,False,object_aggregation,number,0.17800768484084983,False,False
2540077,0027 - Heico - Sigma - 8.avi,False,False,object_aggregation,number,0.17800768484084983,False,False
2540183,0027 - Heico - Sigma - 8.avi,False,False,object_aggregation,number,0.17800768484084983,False,False
2540172,0027 - Heico - Sigma - 8.avi,False,False,object_aggregation,number,0.17800768484084983,False,False
2547370,0027 - Heico - Sigma - 8.avi,False,False,object_aggregation,binary,0.17800768484084983,False,True
2547933,0027 - Heico - Sigma - 8.avi,False,False,object_aggregation,binary,0.17800768484084983,False,False
2563206,0027 - Heico - Sigma - 8.avi,False,False,object_aggregation,binary,0.17800768484084983,False,False
2563205,0027 - Heico - Sigma - 8.avi,False,False,object_aggregation,binary,0.17800768484084983,False,True
2511958,0027 - Heico - Sigma - 8.avi,False,False,object_identification,fo_class,0.17800768484084983,False,True
2524907,0027 - Heico - Sigma - 8.avi,False,False,object_identification,fo_class,0.17800768484084983,False,True
2524835,0027 - Heico - Sigma - 8.avi,False,False,object_identification,fo_class,0.17800768484084983,False,True
2525039,0027 - Heico - Sigma - 8.avi,False,False,object_identification,fo_class,0.17800768484084983,False,True
2525193,0027 - Heico - Sigma - 8.avi,False,False,object_identification,fo_class,0.17800768484084983,False,True
2528826,0027 - Heico - Sigma - 8.avi,False,False,object_identification,fo_class,0.17800768484084983,False,True
2528872,0027 - Heico - Sigma - 8.avi,False,False,object_identification,fo_class,0.17800768484084983,False,True
2529080,0027 - Heico - Sigma - 8.avi,False,False,object_identification,fo_class,0.17800768484084983,False,True
2529234,0027 - Heico - Sigma - 8.avi,False,False,object_identification,fo_class,0.17800768484084983,False,True
2528864,0027 - Heico - Sigma - 8.avi,False,False,object_identification,fo_class,0.17800768484084983,False,True
2569401,0027 - Heico - Sigma - 8.avi,False,False,object_identification,fo_class,0.17800768484084983,False,True
2569554,0027 - Heico - Sigma - 8.avi,False,False,object_identification,fo_class,0.17800768484084983,False,False
2569389,0027 - Heico - Sigma - 8.avi,False,False,object_identification,fo_class,0.17800768484084983,False,False
2569437,0027 - Heico - Sigma - 8.avi,False,False,object_identification,fo_class,0.17800768484084983,False,True
2681473,0027 - Heico - Sigma - 8.avi,False,False,object_identification,open_ended,0.17800768484084983,False,True
2681464,0027 - Heico - Sigma - 8.avi,False,False,object_attributes,open_ended,0.17800768484084983,False,False
2561999,0027 - Heico - Sigma - 8.avi,False,False,spatial_localization_camera,open_ended,0.17800768484084983,False,True
2586631,0027 - Heico - Sigma - 8.avi,False,False,spatial_localization_camera,fo_class,0.17800768484084983,False,True
2586636,0027 - Heico - Sigma - 8.avi,False,False,spatial_localization_camera,fo_class,0.17800768484084983,False,False
2595416,0027 - Heico - Sigma - 8.avi,False,False,spatial_localization_camera,multiple_choice,0.17800768484084983,False,True
2681968,0027 - Heico - Sigma - 8.avi,False,False,spatial_localization_situs,open_ended,0.17800768484084983,False,False
2681971,0027 - Heico - Sigma - 8.avi,False,False,spatial_localization_situs,open_ended,0.17800768484084983,False,False
2537125,0027 - Heico - Sigma - 8.avi,False,False,object_aggregation,number,0.17800768484084983,False,True
2536878,0027 - Heico - Sigma - 8.avi,False,False,object_aggregation,number,0.17805475162458606,False,False
2537268,0027 - Heico - Sigma - 8.avi,False,False,object_aggregation,number,0.17805475162458606,False,False
2536969,0027 - Heico - Sigma - 8.avi,False,False,object_aggregation,number,0.17805475162458606,False,False
2537251,0027 - Heico - Sigma - 8.avi,False,False,object_aggregation,number,0.17805475162458606,False,False
2537646,0027 - Heico - Sigma - 8.avi,False,False,object_aggregation,number,0.17805475162458606,False,True
2537371,0027 - Heico - Sigma - 8.avi,False,False,object_aggregation,number,0.17805475162458606,False,False
2539222,0027 - Heico - Sigma - 8.avi,False,False,object_aggregation,number,0.17805475162458606,False,True
2540120,0027 - Heico - Sigma - 8.avi,False,False,object_aggregation,number,0.17805475162458606,False,False
2540214,0027 - Heico - Sigma - 8.avi,False,False,object_aggregation,number,0.17805475162458606,False,False
2540190,0027 - Heico - Sigma - 8.avi,False,False,object_aggregation,number,0.17805475162458606,False,False
2540209,0027 - Heico - Sigma - 8.avi,False,False,object_aggregation,number,0.17805475162458606,False,False
2548119,0027 - Heico - Sigma - 8.avi,False,False,object_aggregation,binary,0.17805475162458606,False,True
2547905,0027 - Heico - Sigma - 8.avi,False,False,object_aggregation,binary,0.17805475162458606,False,False
2563248,0027 - Heico - Sigma - 8.avi,False,False,object_aggregation,binary,0.17805475162458606,False,False
2563241,0027 - Heico - Sigma - 8.avi,False,False,object_aggregation,binary,0.17805475162458606,False,True
2511982,0027 - Heico - Sigma - 8.avi,False,False,object_identification,fo_class,0.17805475162458606,False,True
2524814,0027 - Heico - Sigma - 8.avi,False,False,object_identification,fo_class,0.17805475162458606,False,True
2525262,0027 - Heico - Sigma - 8.avi,False,False,object_identification,fo_class,0.17805475162458606,False,True
2525017,0027 - Heico - Sigma - 8.avi,False,False,object_identification,fo_class,0.17805475162458606,False,False
2525093,0027 - Heico - Sigma - 8.avi,False,False,object_identification,fo_class,0.17805475162458606,False,True
2529141,0027 - Heico - Sigma - 8.avi,False,False,object_identification,fo_class,0.17805475162458606,False,True
2529270,0027 - Heico - Sigma - 8.avi,False,False,object_identification,fo_class,0.17805475162458606,False,False
2529140,0027 - Heico - Sigma - 8.avi,False,False,object_identification,fo_class,0.17805475162458606,False,True
2529075,0027 - Heico - Sigma - 8.avi,False,False,object_identification,fo_class,0.17805475162458606,False,False
2528877,0027 - Heico - Sigma - 8.avi,False,False,object_identification,fo_class,0.17805475162458606,False,False
2569376,0027 - Heico - Sigma - 8.avi,False,False,object_identification,fo_class,0.17805475162458606,False,True
2569408,0027 - Heico - Sigma - 8.avi,False,False,object_identification,fo_class,0.17805475162458606,False,False
2569380,0027 - Heico - Sigma - 8.avi,False,False,object_identification,fo_class,0.17805475162458606,False,False
2569348,0027 - Heico - Sigma - 8.avi,False,False,object_identification,fo_class,0.17805475162458606,False,False
2562105,0027 - Heico - Sigma - 8.avi,False,False,spatial_localization_camera,open_ended,0.17805475162458606,False,True
2586621,0027 - Heico - Sigma - 8.avi,False,False,spatial_localization_camera,fo_class,0.17805475162458606,False,False
2586637,0027 - Heico - Sigma - 8.avi,False,False,spatial_localization_camera,fo_class,0.17805475162458606,False,True
2681970,0027 - Heico - Sigma - 8.avi,False,False,spatial_localization_situs,open_ended,0.16811670974857407,False,True
2681978,0027 - Heico - Sigma - 8.avi,False,False,spatial_localization_situs,open_ended,0.16811670974857407,False,True
2537061,0027 - Heico - Sigma - 8.avi,False,False,object_aggregation,number,0.16811670974857407,False,True
2537301,0027 - Heico - Sigma - 8.avi,False,False,object_aggregation,number,0.16811670974857407,False,True
2537323,0027 - Heico - Sigma - 8.avi,False,False,object_aggregation,number,0.16811670974857407,False,False
2537026,0027 - Heico - Sigma - 8.avi,False,False,object_aggregation,number,0.16811670974857407,False,False
2537058,0027 - Heico - Sigma - 8.avi,False,False,object_aggregation,number,0.16811670974857407,False,False
2537827,0027 - Heico - Sigma - 8.avi,False,False,object_aggregation,number,0.16811670974857407,False,True
2537578,0027 - Heico - Sigma - 8.avi,False,False,object_aggregation,number,0.16811670974857407,False,True
2539042,0027 - Heico - Sigma - 8.avi,False,False,object_aggregation,number,0.16811670974857407,False,True
2540157,0027 - Heico - Sigma - 8.avi,False,False,object_aggregation,number,0.16811670974857407,False,True
2540195,0027 - Heico - Sigma - 8.avi,False,False,object_aggregation,number,0.16811670974857407,False,False
2540169,0027 - Heico - Sigma - 8.avi,False,False,object_aggregation,number,0.16811670974857407,False,False
2540210,0027 - Heico - Sigma - 8.avi,False,False,object_aggregation,number,0.16811670974857407,False,False
2547825,0027 - Heico - Sigma - 8.avi,False,False,object_aggregation,binary,0.16811670974857407,False,True
2548164,0027 - Heico - Sigma - 8.avi,False,False,object_aggregation,binary,0.16811670974857407,False,True
2563401,0027 - Heico - Sigma - 8.avi,False,False,object_aggregation,binary,0.16811670974857407,False,False
2563286,0027 - Heico - Sigma - 8.avi,False,False,object_aggregation,binary,0.16811670974857407,False,True
2511921,0027 - Heico - Sigma - 8.avi,False,False,object_identification,fo_class,0.16811670974857407,False,False
2525016,0027 - Heico - Sigma - 8.avi,False,False,object_identification,fo_class,0.16811670974857407,False,True
2525053,0027 - Heico - Sigma - 8.avi,False,False,object_identification,fo_class,0.16811670974857407,False,False
2525269,0027 - Heico - Sigma - 8.avi,False,False,object_identification,fo_class,0.16811670974857407,False,False
2525056,0027 - Heico - Sigma - 8.avi,False,False,object_identification,fo_class,0.16811670974857407,False,True
2528851,0027 - Heico - Sigma - 8.avi,False,False,object_identification,fo_class,0.16811670974857407,False,True
2528823,0027 - Heico - Sigma - 8.avi,False,False,object_identification,fo_class,0.16811670974857407,False,False
2529258,0027 - Heico - Sigma - 8.avi,False,False,object_identification,fo_class,0.16811670974857407,False,False
2528952,0027 - Heico - Sigma - 8.avi,False,False,object_identification,fo_class,0.16811670974857407,False,False
2529073,0027 - Heico - Sigma - 8.avi,False,False,object_identification,fo_class,0.16811670974857407,False,False
2569394,0027 - Heico - Sigma - 8.avi,False,False,object_identification,fo_class,0.16811670974857407,False,True
2569391,0027 - Heico - Sigma - 8.avi,False,False,object_identification,fo_class,0.16811670974857407,False,True
2569407,0027 - Heico - Sigma - 8.avi,False,False,object_identification,fo_class,0.16811670974857407,False,False
2569392,0027 - Heico - Sigma - 8.avi,False,False,object_identification,fo_class,0.16811670974857407,False,False
2562129,0027 - Heico - Sigma - 8.avi,False,False,spatial_localization_camera,open_ended,0.17805960484110983,False,True
2586630,0027 - Heico - Sigma - 8.avi,False,False,spatial_localization_camera,fo_class,0.17805960484110983,False,True
2586633,0027 - Heico - Sigma - 8.avi,False,False,spatial_localization_camera,fo_class,0.17805960484110983,False,False
2681972,0027 - Heico - Sigma - 8.avi,False,False,spatial_localization_situs,open_ended,0.17805960484110983,False,True
2536850,0027 - Heico - Sigma - 8.avi,False,False,object_aggregation,number,0.17805960484110983,False,False
2537139,0027 - Heico - Sigma - 8.avi,False,False,object_aggregation,number,0.17805960484110983,False,True
2537336,0027 - Heico - Sigma - 8.avi,False,False,object_aggregation,number,0.17805960484110983,False,False
2537110,0027 - Heico - Sigma - 8.avi,False,False,object_aggregation,number,0.17805960484110983,False,False
2537787,0027 - Heico - Sigma - 8.avi,False,False,object_aggregation,number,0.17805960484110983,False,True
2537785,0027 - Heico - Sigma - 8.avi,False,False,object_aggregation,number,0.17805960484110983,False,False
2539174,0027 - Heico - Sigma - 8.avi,False,False,object_aggregation,number,0.17805960484110983,False,True
2540281,0027 - Heico - Sigma - 8.avi,False,False,object_aggregation,number,0.17805960484110983,False,False
2540204,0027 - Heico - Sigma - 8.avi,False,False,object_aggregation,number,0.17805960484110983,False,False
2540218,0027 - Heico - Sigma - 8.avi,False,False,object_aggregation,number,0.17805960484110983,False,False
2540184,0027 - Heico - Sigma - 8.avi,False,False,object_aggregation,number,0.17805960484110983,False,False
2548106,0027 - Heico - Sigma - 8.avi,False,False,object_aggregation,binary,0.17805960484110983,False,True
2548051,0027 - Heico - Sigma - 8.avi,False,False,object_aggregation,binary,0.17805960484110983,False,True
2563422,0027 - Heico - Sigma - 8.avi,False,False,object_aggregation,binary,0.17805960484110983,False,True
2563390,0027 - Heico - Sigma - 8.avi,False,False,object_aggregation,binary,0.17805960484110983,False,True
2511954,0027 - Heico - Sigma - 8.avi,False,False,object_identification,fo_class,0.17805960484110983,False,True
2524925,0027 - Heico - Sigma - 8.avi,False,False,object_identification,fo_class,0.17805960484110983,False,False
2525274,0027 - Heico - Sigma - 8.avi,False,False,object_identification,fo_class,0.17805960484110983,False,False
2525055,0027 - Heico - Sigma - 8.avi,False,False,object_identification,fo_class,0.17805960484110983,False,False
2525172,0027 - Heico - Sigma - 8.avi,False,False,object_identification,fo_class,0.17805960484110983,False,False
2529179,0027 - Heico - Sigma - 8.avi,False,False,object_identification,fo_class,0.17805960484110983,False,True
2528892,0027 - Heico - Sigma - 8.avi,False,False,object_identification,fo_class,0.17805960484110983,False,False
2528974,0027 - Heico - Sigma - 8.avi,False,False,object_identification,fo_class,0.17805960484110983,False,True
2529142,0027 - Heico - Sigma - 8.avi,False,False,object_identification,fo_class,0.17805960484110983,False,False
2529138,0027 - Heico - Sigma - 8.avi,False,False,object_identification,fo_class,0.17805960484110983,False,False
2569374,0027 - Heico - Sigma - 8.avi,False,False,object_identification,fo_class,0.17805960484110983,False,False
2569378,0027 - Heico - Sigma - 8.avi,False,False,object_identification,fo_class,0.17805960484110983,False,False
2569359,0027 - Heico - Sigma - 8.avi,False,False,object_identification,fo_class,0.17805960484110983,False,True
2562144,0027 - Heico - Sigma - 8.avi,False,False,spatial_localization_camera,open_ended,0.17804894503206015,False,False
2586625,0027 - Heico - Sigma - 8.avi,False,False,spatial_localization_camera,fo_class,0.17804894503206015,False,False
2586638,0027 - Heico - Sigma - 8.avi,False,False,spatial_localization_camera,fo_class,0.17804894503206015,False,False
2681977,0027 - Heico - Sigma - 8.avi,False,False,spatial_localization_situs,open_ended,0.17804894503206015,False,True
2536968,0027 - Heico - Sigma - 8.avi,False,False,object_aggregation,number,0.17804894503206015,False,True
2537339,0027 - Heico - Sigma - 8.avi,False,False,object_aggregation,number,0.17804894503206015,False,False
2537254,0027 - Heico - Sigma - 8.avi,False,False,object_aggregation,number,0.17804894503206015,False,False
2537743,0027 - Heico - Sigma - 8.avi,False,False,object_aggregation,number,0.17804894503206015,False,True
2537692,0027 - Heico - Sigma - 8.avi,False,False,object_aggregation,number,0.17804894503206015,False,False
2539060,0027 - Heico - Sigma - 8.avi,False,False,object_aggregation,number,0.17804894503206015,False,True
2540073,0027 - Heico - Sigma - 8.avi,False,False,object_aggregation,number,0.17804894503206015,False,False
2540163,0027 - Heico - Sigma - 8.avi,False,False,object_aggregation,number,0.17804894503206015,False,False
2540168,0027 - Heico - Sigma - 8.avi,False,False,object_aggregation,number,0.17804894503206015,False,False
2540181,0027 - Heico - Sigma - 8.avi,False,False,object_aggregation,number,0.17804894503206015,False,False
2547518,0027 - Heico - Sigma - 8.avi,False,False,object_aggregation,binary,0.17804894503206015,False,True
2548294,0027 - Heico - Sigma - 8.avi,False,False,object_aggregation,binary,0.17804894503206015,False,False
2563210,0027 - Heico - Sigma - 8.avi,False,False,object_aggregation,binary,0.17804894503206015,False,True
2563204,0027 - Heico - Sigma - 8.avi,False,False,object_aggregation,binary,0.17804894503206015,False,True
2511985,0027 - Heico - Sigma - 8.avi,False,False,object_identification,fo_class,0.17804894503206015,False,True
2524951,0027 - Heico - Sigma - 8.avi,False,False,object_identification,fo_class,0.17804894503206015,False,True
2524827,0027 - Heico - Sigma - 8.avi,False,False,object_identification,fo_class,0.17804894503206015,False,False
2525015,0027 - Heico - Sigma - 8.avi,False,False,object_identification,fo_class,0.17804894503206015,False,False
2524837,0027 - Heico - Sigma - 8.avi,False,False,object_identification,fo_class,0.17804894503206015,False,True
2528968,0027 - Heico - Sigma - 8.avi,False,False,object_identification,fo_class,0.17804894503206015,False,True
2528961,0027 - Heico - Sigma - 8.avi,False,False,object_identification,fo_class,0.17804894503206015,False,False
2529228,0027 - Heico - Sigma - 8.avi,False,False,object_identification,fo_class,0.17804894503206015,False,False
2529194,0027 - Heico - Sigma - 8.avi,False,False,object_identification,fo_class,0.17804894503206015,False,True
2528824,0027 - Heico - Sigma - 8.avi,False,False,object_identification,fo_class,0.17804894503206015,False,False
2569397,0027 - Heico - Sigma - 8.avi,False,False,object_identification,fo_class,0.17804894503206015,False,True
2569406,0027 - Heico - Sigma - 8.avi,False,False,object_identification,fo_class,0.17804894503206015,False,False
2569411,0027 - Heico - Sigma - 8.avi,False,False,object_identification,fo_class,0.17804894503206015,False,True
2562159,0027 - Heico - Sigma - 8.avi,False,False,spatial_localization_camera,open_ended,0.17804894503206015,False,True
2586629,0027 - Heico - Sigma - 8.avi,False,False,spatial_localization_camera,fo_class,0.17804822900143336,False,False
2586632,0027 - Heico - Sigma - 8.avi,False,False,spatial_localization_camera,fo_class,0.17804822900143336,False,False
2681966,0027 - Heico - Sigma - 8.avi,False,False,spatial_localization_situs,open_ended,0.17804822900143336,False,True
2537141,0027 - Heico - Sigma - 8.avi,False,False,object_aggregation,number,0.17804822900143336,False,True
2536986,0027 - Heico - Sigma - 8.avi,False,False,object_aggregation,number,0.17804822900143336,False,False
2537188,0027 - Heico - Sigma - 8.avi,False,False,object_aggregation,number,0.17804822900143336,False,False
2537624,0027 - Heico - Sigma - 8.avi,False,False,object_aggregation,number,0.17804822900143336,False,True
2537829,0027 - Heico - Sigma - 8.avi,False,False,object_aggregation,number,0.17804822900143336,False,True
2539780,0027 - Heico - Sigma - 8.avi,False,False,object_aggregation,number,0.17804822900143336,False,True
2540118,0027 - Heico - Sigma - 8.avi,False,False,object_aggregation,number,0.17804822900143336,False,False
2540160,0027 - Heico - Sigma - 8.avi,False,False,object_aggregation,number,0.17804822900143336,False,False
2540170,0027 - Heico - Sigma - 8.avi,False,False,object_aggregation,number,0.17804822900143336,False,False
2540171,0027 - Heico - Sigma - 8.avi,False,False,object_aggregation,number,0.17804822900143336,False,False
2547538,0027 - Heico - Sigma - 8.avi,False,False,object_aggregation,binary,0.17804822900143336,False,True
2547922,0027 - Heico - Sigma - 8.avi,False,False,object_aggregation,binary,0.17804822900143336,False,True
2563251,0027 - Heico - Sigma - 8.avi,False,False,object_aggregation,binary,0.17804822900143336,False,True
2563236,0027 - Heico - Sigma - 8.avi,False,False,object_aggregation,binary,0.17804822900143336,False,True
2511947,0027 - Heico - Sigma - 8.avi,False,False,object_identification,fo_class,0.17804822900143336,False,False
2525185,0027 - Heico - Sigma - 8.avi,False,False,object_identification,fo_class,0.17804822900143336,False,True
2525101,0027 - Heico - Sigma - 8.avi,False,False,object_identification,fo_class,0.17804822900143336,False,True
2525119,0027 - Heico - Sigma - 8.avi,False,False,object_identification,fo_class,0.17804822900143336,False,False
2525169,0027 - Heico - Sigma - 8.avi,False,False,object_identification,fo_class,0.17804822900143336,False,True
2528874,0027 - Heico - Sigma - 8.avi,False,False,object_identification,fo_class,0.17804822900143336,False,True
2529157,0027 - Heico - Sigma - 8.avi,False,False,object_identification,fo_class,0.17804822900143336,False,True
2529136,0027 - Heico - Sigma - 8.avi,False,False,object_identification,fo_class,0.17804822900143336,False,True
2529169,0027 - Heico - Sigma - 8.avi,False,False,object_identification,fo_class,0.17804822900143336,False,False
2528987,0027 - Heico - Sigma - 8.avi,False,False,object_identification,fo_class,0.17804822900143336,False,True
2569375,0027 - Heico - Sigma - 8.avi,False,False,object_identification,fo_class,0.17804822900143336,False,False
2569550,0027 - Heico - Sigma - 8.avi,False,False,object_identification,fo_class,0.17804822900143336,False,False
2569332,0027 - Heico - Sigma - 8.avi,False,False,object_identification,fo_class,0.17804822900143336,False,True
2562186,0027 - Heico - Sigma - 8.avi,False,False,spatial_localization_camera,open_ended,0.17804822900143336,False,True
2586622,0027 - Heico - Sigma - 8.avi,False,False,spatial_localization_camera,fo_class,0.17804822900143336,False,False
2586635,0027 - Heico - Sigma - 8.avi,False,False,spatial_localization_camera,fo_class,0.1779916171581135,False,False
2681973,0027 - Heico - Sigma - 8.avi,False,False,spatial_localization_situs,open_ended,0.1779916171581135,False,True
2537047,0027 - Heico - Sigma - 8.avi,False,False,object_aggregation,number,0.1779916171581135,False,True
2536907,0027 - Heico - Sigma - 8.avi,False,False,object_aggregation,number,0.1779916171581135,False,False
2537320,0027 - Heico - Sigma - 8.avi,False,False,object_aggregation,number,0.1779916171581135,False,False
2537476,0027 - Heico - Sigma - 8.avi,False,False,object_aggregation,number,0.1779916171581135,False,False
2537482,0027 - Heico - Sigma - 8.avi,False,False,object_aggregation,number,0.1779916171581135,False,False
2539474,0027 - Heico - Sigma - 8.avi,False,False,object_aggregation,number,0.1779916171581135,False,True
2540208,0027 - Heico - Sigma - 8.avi,False,False,object_aggregation,number,0.1779916171581135,False,True
2540164,0027 - Heico - Sigma - 8.avi,False,False,object_aggregation,number,0.1779916171581135,False,True
2540182,0027 - Heico - Sigma - 8.avi,False,False,object_aggregation,number,0.1779916171581135,False,False
2540177,0027 - Heico - Sigma - 8.avi,False,False,object_aggregation,number,0.1779916171581135,False,False
2547301,0027 - Heico - Sigma - 8.avi,False,False,object_aggregation,binary,0.1779916171581135,False,True
2548190,0027 - Heico - Sigma - 8.avi,False,False,object_aggregation,binary,0.1779916171581135,False,True
2563398,0027 - Heico - Sigma - 8.avi,False,False,object_aggregation,binary,0.1779916171581135,False,False
2563270,0027 - Heico - Sigma - 8.avi,False,False,object_aggregation,binary,0.1779916171581135,False,True
2511967,0027 - Heico - Sigma - 8.avi,False,False,object_identification,fo_class,0.1779916171581135,False,True
2525058,0027 - Heico - Sigma - 8.avi,False,False,object_identification,fo_class,0.1779916171581135,False,False
2524989,0027 - Heico - Sigma - 8.avi,False,False,object_identification,fo_class,0.1779916171581135,False,True
2524922,0027 - Heico - Sigma - 8.avi,False,False,object_identification,fo_class,0.1779916171581135,False,False
2525117,0027 - Heico - Sigma - 8.avi,False,False,object_identification,fo_class,0.1779916171581135,False,True
2529175,0027 - Heico - Sigma - 8.avi,False,False,object_identification,fo_class,0.1779916171581135,False,True
2528971,0027 - Heico - Sigma - 8.avi,False,False,object_identification,fo_class,0.1779916171581135,False,False
2528799,0027 - Heico - Sigma - 8.avi,False,False,object_identification,fo_class,0.1779916171581135,False,True
2529043,0027 - Heico - Sigma - 8.avi,False,False,object_identification,fo_class,0.1779916171581135,False,False
2529285,0027 - Heico - Sigma - 8.avi,False,False,object_identification,fo_class,0.1779916171581135,False,True
2569400,0027 - Heico - Sigma - 8.avi,False,False,object_identification,fo_class,0.1779916171581135,False,True
2569388,0027 - Heico - Sigma - 8.avi,False,False,object_identification,fo_class,0.1779916171581135,False,True
2569522,0027 - Heico - Sigma - 8.avi,False,False,object_identification,fo_class,0.1779916171581135,False,False
2561928,0027 - Heico - Sigma - 8.avi,False,False,spatial_localization_camera,open_ended,0.1779916171581135,False,True
2586627,0027 - Heico - Sigma - 8.avi,False,False,spatial_localization_camera,fo_class,0.1779916171581135,False,False
2681975,0027 - Heico - Sigma - 8.avi,False,False,spatial_localization_situs,open_ended,0.1779916171581135,False,True
2536872,0027 - Heico - Sigma - 8.avi,False,False,object_aggregation,number,0.17802448143993388,False,True
2537054,0027 - Heico - Sigma - 8.avi,False,False,object_aggregation,number,0.17802448143993388,False,False
2537387,0027 - Heico - Sigma - 8.avi,False,False,object_aggregation,number,0.17802448143993388,False,True
2537611,0027 - Heico - Sigma - 8.avi,False,False,object_aggregation,number,0.17802448143993388,False,True
2538877,0027 - Heico - Sigma - 8.avi,False,False,object_aggregation,number,0.17802448143993388,False,True
2540242,0027 - Heico - Sigma - 8.avi,False,False,object_aggregation,number,0.17802448143993388,False,True
2540179,0027 - Heico - Sigma - 8.avi,False,False,object_aggregation,number,0.17802448143993388,False,False
2540167,0027 - Heico - Sigma - 8.avi,False,False,object_aggregation,number,0.17802448143993388,False,False
2540188,0027 - Heico - Sigma - 8.avi,False,False,object_aggregation,number,0.17802448143993388,False,False
2546877,0027 - Heico - Sigma - 8.avi,False,False,object_aggregation,binary,0.17802448143993388,False,True
2548134,0027 - Heico - Sigma - 8.avi,False,False,object_aggregation,binary,0.17802448143993388,False,True
2563223,0027 - Heico - Sigma - 8.avi,False,False,object_aggregation,binary,0.17802448143993388,False,False
2563371,0027 - Heico - Sigma - 8.avi,False,False,object_aggregation,binary,0.17802448143993388,False,True
2511983,0027 - Heico - Sigma - 8.avi,False,False,object_identification,fo_class,0.17802448143993388,False,False
2524795,0027 - Heico - Sigma - 8.avi,False,False,object_identification,fo_class,0.17802448143993388,False,True
2525090,0027 - Heico - Sigma - 8.avi,False,False,object_identification,fo_class,0.17802448143993388,False,False
2525279,0027 - Heico - Sigma - 8.avi,False,False,object_identification,fo_class,0.17802448143993388,False,False
2525244,0027 - Heico - Sigma - 8.avi,False,False,object_identification,fo_class,0.17802448143993388,False,False
2528964,0027 - Heico - Sigma - 8.avi,False,False,object_identification,fo_class,0.17802448143993388,False,True
2528972,0027 - Heico - Sigma - 8.avi,False,False,object_identification,fo_class,0.17802448143993388,False,True
2528859,0027 - Heico - Sigma - 8.avi,False,False,object_identification,fo_class,0.17802448143993388,False,True
2529017,0027 - Heico - Sigma - 8.avi,False,False,object_identification,fo_class,0.17802448143993388,False,False
2529038,0027 - Heico - Sigma - 8.avi,False,False,object_identification,fo_class,0.17802448143993388,False,False
2569393,0027 - Heico - Sigma - 8.avi,False,False,object_identification,fo_class,0.17802448143993388,False,True
2569532,0027 - Heico - Sigma - 8.avi,False,False,object_identification,fo_class,0.17802448143993388,False,False
2569525,0027 - Heico - Sigma - 8.avi,False,False,object_identification,fo_class,0.17802448143993388,False,True
2561969,0027 - Heico - Sigma - 8.avi,False,False,spatial_localization_camera,open_ended,0.17802448143993388,False,True
2586628,0027 - Heico - Sigma - 8.avi,False,False,spatial_localization_camera,fo_class,0.17802448143993388,False,False
2681974,0027 - Heico - Sigma - 8.avi,False,False,spatial_localization_situs,open_ended,0.17802448143993388,False,True
2537027,0027 - Heico - Sigma - 8.avi,False,False,object_aggregation,number,0.17802448143993388,False,True
2536852,0027 - Heico - Sigma - 8.avi,False,False,object_aggregation,number,0.17802448143993388,False,True
2537410,0027 - Heico - Sigma - 8.avi,False,False,object_aggregation,number,0.17802448143993388,False,True
2537775,0027 - Heico - Sigma - 8.avi,False,False,object_aggregation,number,0.18364454746915726,False,False
2539107,0027 - Heico - Sigma - 8.avi,False,False,object_aggregation,number,0.18364454746915726,False,True
2540096,0027 - Heico - Sigma - 8.avi,False,False,object_aggregation,number,0.18364454746915726,False,False
2540212,0027 - Heico - Sigma - 8.avi,False,False,object_aggregation,number,0.18364454746915726,False,False
2540175,0027 - Heico - Sigma - 8.avi,False,False,object_aggregation,number,0.18364454746915726,False,False
2547566,0027 - Heico - Sigma - 8.avi,False,False,object_aggregation,binary,0.18364454746915726,False,True
2548140,0027 - Heico - Sigma - 8.avi,False,False,object_aggregation,binary,0.18364454746915726,False,False
2563254,0027 - Heico - Sigma - 8.avi,False,False,object_aggregation,binary,0.18364454746915726,False,False
2563240,0027 - Heico - Sigma - 8.avi,False,False,object_aggregation,binary,0.18364454746915726,False,True
2511924,0027 - Heico - Sigma - 8.avi,False,False,object_identification,fo_class,0.18364454746915726,False,False
2524863,0027 - Heico - Sigma - 8.avi,False,False,object_identification,fo_class,0.18364454746915726,False,False
2525190,0027 - Heico - Sigma - 8.avi,False,False,object_identification,fo_class,0.18364454746915726,False,True
2525196,0027 - Heico - Sigma - 8.avi,False,False,object_identification,fo_class,0.18364454746915726,False,False
2529040,0027 - Heico - Sigma - 8.avi,False,False,object_identification,fo_class,0.18364454746915726,False,True
2528962,0027 - Heico - Sigma - 8.avi,False,False,object_identification,fo_class,0.18364454746915726,False,False
2529184,0027 - Heico - Sigma - 8.avi,False,False,object_identification,fo_class,0.18364454746915726,False,False
2529011,0027 - Heico - Sigma - 8.avi,False,False,object_identification,fo_class,0.18364454746915726,False,False
2528812,0027 - Heico - Sigma - 8.avi,False,False,object_identification,fo_class,0.18364454746915726,False,False
2569395,0027 - Heico - Sigma - 8.avi,False,False,object_identification,fo_class,0.18364454746915726,False,True
2569530,0027 - Heico - Sigma - 8.avi,False,False,object_identification,fo_class,0.18364454746915726,False,False
2569527,0027 - Heico - Sigma - 8.avi,False,False,object_identification,fo_class,0.18364454746915726,False,True
2562123,0027 - Heico - Sigma - 8.avi,False,False,spatial_localization_camera,open_ended,0.18364454746915726,False,False
2586623,0027 - Heico - Sigma - 8.avi,False,False,spatial_localization_camera,fo_class,0.18364454746915726,False,True
2536936,0027 - Heico - Sigma - 8.avi,False,False,object_aggregation,number,0.18364454746915726,False,False
2536859,0027 - Heico - Sigma - 8.avi,False,False,object_aggregation,number,0.18364454746915726,False,False
2537757,0027 - Heico - Sigma - 8.avi,False,False,object_aggregation,number,0.18364454746915726,False,True
2537532,0027 - Heico - Sigma - 8.avi,False,False,object_aggregation,number,0.18364454746915726,False,False
2539187,0027 - Heico - Sigma - 8.avi,False,False,object_aggregation,number,0.18364454746915726,False,True
2540116,0027 - Heico - Sigma - 8.avi,False,False,object_aggregation,number,0.18364454746915726,False,False
2540211,0027 - Heico - Sigma - 8.avi,False,False,object_aggregation,number,0.18364454746915726,False,False
2540176,0027 - Heico - Sigma - 8.avi,False,False,object_aggregation,number,0.18364454746915726,False,False
2547436,0027 - Heico - Sigma - 8.avi,False,False,object_aggregation,binary,0.18364454746915726,False,True
2563395,0027 - Heico - Sigma - 8.avi,False,False,object_aggregation,binary,0.17805510093603516,False,False
2563326,0027 - Heico - Sigma - 8.avi,False,False,object_aggregation,binary,0.17805510093603516,False,True
2511966,0027 - Heico - Sigma - 8.avi,False,False,object_identification,fo_class,0.17805510093603516,False,True
2525108,0027 - Heico - Sigma - 8.avi,False,False,object_identification,fo_class,0.17805510093603516,False,False
2525171,0027 - Heico - Sigma - 8.avi,False,False,object_identification,fo_class,0.17805510093603516,False,False
2524823,0027 - Heico - Sigma - 8.avi,False,False,object_identification,fo_class,0.17805510093603516,False,True
2529203,0027 - Heico - Sigma - 8.avi,False,False,object_identification,fo_class,0.17805510093603516,False,True
2529200,0027 - Heico - Sigma - 8.avi,False,False,object_identification,fo_class,0.17805510093603516,False,False
2528801,0027 - Heico - Sigma - 8.avi,False,False,object_identification,fo_class,0.17805510093603516,False,True
2529084,0027 - Heico - Sigma - 8.avi,False,False,object_identification,fo_class,0.17805510093603516,False,True
2528817,0027 - Heico - Sigma - 8.avi,False,False,object_identification,fo_class,0.17805510093603516,False,True
2569403,0027 - Heico - Sigma - 8.avi,False,False,object_identification,fo_class,0.17805510093603516,False,True
2569549,0027 - Heico - Sigma - 8.avi,False,False,object_identification,fo_class,0.17805510093603516,False,False
2569409,0027 - Heico - Sigma - 8.avi,False,False,object_identification,fo_class,0.17805510093603516,False,True
2562128,0027 - Heico - Sigma - 8.avi,False,False,spatial_localization_camera,open_ended,0.17805510093603516,False,False
2586626,0027 - Heico - Sigma - 8.avi,False,False,spatial_localization_camera,fo_class,0.17805510093603516,False,False
2537203,0027 - Heico - Sigma - 8.avi,False,False,object_aggregation,number,0.17805510093603516,False,True
2537099,0027 - Heico - Sigma - 8.avi,False,False,object_aggregation,number,0.17805510093603516,False,False
2537403,0027 - Heico - Sigma - 8.avi,False,False,object_aggregation,number,0.17805510093603516,False,True
2537721,0027 - Heico - Sigma - 8.avi,False,False,object_aggregation,number,0.17805510093603516,False,False
2540107,0027 - Heico - Sigma - 8.avi,False,False,object_aggregation,number,0.17805510093603516,False,False
2540207,0027 - Heico - Sigma - 8.avi,False,False,object_aggregation,number,0.17805510093603516,False,True
2540213,0027 - Heico - Sigma - 8.avi,False,False,object_aggregation,number,0.17805510093603516,False,False
2540174,0027 - Heico - Sigma - 8.avi,False,False,object_aggregation,number,0.17805510093603516,False,True
2547942,0027 - Heico - Sigma - 8.avi,False,False,object_aggregation,binary,0.17805510093603516,False,True
2563192,0027 - Heico - Sigma - 8.avi,False,False,object_aggregation,binary,0.17805510093603516,False,True
2563338,0027 - Heico - Sigma - 8.avi,False,False,object_aggregation,binary,0.17805510093603516,False,True
2511989,0027 - Heico - Sigma - 8.avi,False,False,object_identification,fo_class,0.17805510093603516,False,True
2524888,0027 - Heico - Sigma - 8.avi,False,False,object_identification,fo_class,0.17805510093603516,False,True
2524883,0027 - Heico - Sigma - 8.avi,False,False,object_identification,fo_class,0.17805510093603516,False,False
2525043,0027 - Heico - Sigma - 8.avi,False,False,object_identification,fo_class,0.17805510093603516,False,False
2528947,0027 - Heico - Sigma - 8.avi,False,False,object_identification,fo_class,0.17805510093603516,False,True
2528854,0027 - Heico - Sigma - 8.avi,False,False,object_identification,fo_class,0.18790829546924215,False,False
2529053,0027 - Heico - Sigma - 8.avi,False,False,object_identification,fo_class,0.18790829546924215,False,False
2528988,0027 - Heico - Sigma - 8.avi,False,False,object_identification,fo_class,0.18790829546924215,False,True
2569398,0027 - Heico - Sigma - 8.avi,False,False,object_identification,fo_class,0.18790829546924215,False,True
2569548,0027 - Heico - Sigma - 8.avi,False,False,object_identification,fo_class,0.18790829546924215,False,True
2569457,0027 - Heico - Sigma - 8.avi,False,False,object_identification,fo_class,0.18790829546924215,False,True
2562156,0027 - Heico - Sigma - 8.avi,False,False,spatial_localization_camera,open_ended,0.18790829546924215,False,True
2536914,0027 - Heico - Sigma - 8.avi,False,False,object_aggregation,number,0.18790829546924215,False,True
2537250,0027 - Heico - Sigma - 8.avi,False,False,object_aggregation,number,0.18790829546924215,False,False
2537496,0027 - Heico - Sigma - 8.avi,False,False,object_aggregation,number,0.18790829546924215,False,True
2537440,0027 - Heico - Sigma - 8.avi,False,False,object_aggregation,number,0.18790829546924215,False,True
2539085,0027 - Heico - Sigma - 8.avi,False,False,object_aggregation,number,0.18790829546924215,False,True
2540231,0027 - Heico - Sigma - 8.avi,False,False,object_aggregation,number,0.18790829546924215,False,False
2540202,0027 - Heico - Sigma - 8.avi,False,False,object_aggregation,number,0.18790829546924215,False,False
2540173,0027 - Heico - Sigma - 8.avi,False,False,object_aggregation,number,0.18790829546924215,False,False
2547668,0027 - Heico - Sigma - 8.avi,False,False,object_aggregation,binary,0.18790829546924215,False,True
2563233,0027 - Heico - Sigma - 8.avi,False,False,object_aggregation,binary,0.18790829546924215,False,True
2563239,0027 - Heico - Sigma - 8.avi,False,False,object_aggregation,binary,0.18790829546924215,False,True
2511926,0027 - Heico - Sigma - 8.avi,False,False,object_identification,fo_class,0.18790829546924215,False,True
2525180,0027 - Heico - Sigma - 8.avi,False,False,object_identification,fo_class,0.18790829546924215,False,False
2525161,0027 - Heico - Sigma - 8.avi,False,False,object_identification,fo_class,0.18790829546924215,False,False
2525114,0027 - Heico - Sigma - 8.avi,False,False,object_identification,fo_class,0.18790829546924215,False,True
2529048,0027 - Heico - Sigma - 8.avi,False,False,object_identification,fo_class,0.18790829546924215,False,True
2528809,0027 - Heico - Sigma - 8.avi,False,False,object_identification,fo_class,0.18790829546924215,False,True
2528990,0027 - Heico - Sigma - 8.avi,False,False,object_identification,fo_class,0.18790829546924215,False,False
2529218,0027 - Heico - Sigma - 8.avi,False,False,object_identification,fo_class,0.18790829546924215,False,True
2569396,0027 - Heico - Sigma - 8.avi,False,False,object_identification,fo_class,0.18790829546924215,False,True
2569553,0027 - Heico - Sigma - 8.avi,False,False,object_identification,fo_class,0.18790829546924215,False,False
2569511,0027 - Heico - Sigma - 8.avi,False,False,object_identification,fo_class,0.18790829546924215,False,True
2562180,0027 - Heico - Sigma - 8.avi,False,False,spatial_localization_camera,open_ended,0.18790829546924215,False,False
2537135,0027 - Heico - Sigma - 8.avi,False,False,object_aggregation,number,0.18790829546924215,False,False
2537244,0027 - Heico - Sigma - 8.avi,False,False,object_aggregation,number,0.18790829546924215,False,True
2537448,0027 - Heico - Sigma - 8.avi,False,False,object_aggregation,number,0.17800635299863643,False,True
2537566,0027 - Heico - Sigma - 8.avi,False,False,object_aggregation,number,0.17800635299863643,False,False
2539725,0027 - Heico - Sigma - 8.avi,False,False,object_aggregation,number,0.17800635299863643,False,True
2540088,0027 - Heico - Sigma - 8.avi,False,False,object_aggregation,number,0.17800635299863643,False,True
2540201,0027 - Heico - Sigma - 8.avi,False,False,object_aggregation,number,0.17800635299863643,False,False
2540189,0027 - Heico - Sigma - 8.avi,False,False,object_aggregation,number,0.17800635299863643,False,False
2547906,0027 - Heico - Sigma - 8.avi,False,False,object_aggregation,binary,0.17800635299863643,False,False
2563402,0027 - Heico - Sigma - 8.avi,False,False,object_aggregation,binary,0.17800635299863643,False,False
2563283,0027 - Heico - Sigma - 8.avi,False,False,object_aggregation,binary,0.17800635299863643,False,True
2511974,0027 - Heico - Sigma - 8.avi,False,False,object_identification,fo_class,0.17800635299863643,False,True
2524933,0027 - Heico - Sigma - 8.avi,False,False,object_identification,fo_class,0.17800635299863643,False,True
2525290,0027 - Heico - Sigma - 8.avi,False,False,object_identification,fo_class,0.17800635299863643,False,True
2525204,0027 - Heico - Sigma - 8.avi,False,False,object_identification,fo_class,0.17800635299863643,False,True
2528939,0027 - Heico - Sigma - 8.avi,False,False,object_identification,fo_class,0.17800635299863643,False,True
2604349,0028 - Heico - Sigma - 9.avi,False,False,object_identification,fo_class,0.17800635299863643,False,True
2604730,0028 - Heico - Sigma - 9.avi,False,False,object_identification,fo_class,0.17800635299863643,False,False
2615700,0028 - Heico - Sigma - 9.avi,False,False,object_identification,fo_class,0.17800635299863643,False,True
2615710,0028 - Heico - Sigma - 9.avi,False,False,object_identification,fo_class,0.17800635299863643,False,True
2615483,0028 - Heico - Sigma - 9.avi,False,False,object_identification,fo_class,0.17800635299863643,False,False
2615667,0028 - Heico - Sigma - 9.avi,False,False,object_identification,fo_class,0.17800635299863643,False,True
2618720,0028 - Heico - Sigma - 9.avi,False,False,object_identification,fo_class,0.17800635299863643,False,True
2618267,0028 - Heico - Sigma - 9.avi,False,False,object_identification,fo_class,0.17800635299863643,False,True
2618502,0028 - Heico - Sigma - 9.avi,False,False,object_identification,fo_class,0.17800635299863643,False,True
2618729,0028 - Heico - Sigma - 9.avi,False,False,object_identification,fo_class,0.17800635299863643,False,True
2618346,0028 - Heico - Sigma - 9.avi,False,False,object_identification,fo_class,0.17800635299863643,False,True
2657499,0028 - Heico - Sigma - 9.avi,False,False,object_identification,fo_class,0.17800635299863643,False,True
2657802,0028 - Heico - Sigma - 9.avi,False,False,object_identification,fo_class,0.17800635299863643,False,False
2657733,0028 - Heico - Sigma - 9.avi,False,False,object_identification,fo_class,0.17800635299863643,False,True
2657437,0028 - Heico - Sigma - 9.avi,False,False,object_identification,fo_class,0.17800635299863643,False,True
2681407,0028 - Heico - Sigma - 9.avi,False,False,object_identification,open_ended,0.17800635299863643,False,True
2649513,0028 - Heico - Sigma - 9.avi,False,False,spatial_localization_camera,open_ended,0.17800635299863643,False,True
2673205,0028 - Heico - Sigma - 9.avi,False,False,spatial_localization_camera,fo_class,0.17800635299863643,False,True
2673206,0028 - Heico - Sigma - 9.avi,False,False,spatial_localization_camera,fo_class,0.1661535073108098,False,False
2681390,0028 - Heico - Sigma - 9.avi,False,False,spatial_localization_camera,multiple_choice,0.1661535073108098,False,False
2681912,0028 - Heico - Sigma - 9.avi,False,False,spatial_localization_situs,open_ended,0.1661535073108098,False,True
2681911,0028 - Heico - Sigma - 9.avi,False,False,spatial_localization_situs,open_ended,0.1661535073108098,False,True
2625535,0028 - Heico - Sigma - 9.avi,False,False,object_aggregation,number,0.1661535073108098,False,True
2625468,0028 - Heico - Sigma - 9.avi,False,False,object_aggregation,number,0.1661535073108098,False,False
2625553,0028 - Heico - Sigma - 9.avi,False,False,object_aggregation,number,0.1661535073108098,False,True
2625357,0028 - Heico - Sigma - 9.avi,False,False,object_aggregation,number,0.1661535073108098,False,False
2625694,0028 - Heico - Sigma - 9.avi,False,False,object_aggregation,number,0.1661535073108098,False,False
2626107,0028 - Heico - Sigma - 9.avi,False,False,object_aggregation,number,0.1661535073108098,False,True
2626086,0028 - Heico - Sigma - 9.avi,False,False,object_aggregation,number,0.1661535073108098,False,True
2627186,0028 - Heico - Sigma - 9.avi,False,False,object_aggregation,number,0.1661535073108098,False,True
2628015,0028 - Heico - Sigma - 9.avi,False,False,object_aggregation,number,0.1661535073108098,False,False
2628113,0028 - Heico - Sigma - 9.avi,False,False,object_aggregation,number,0.1661535073108098,False,True
2628085,0028 - Heico - Sigma - 9.avi,False,False,object_aggregation,number,0.1661535073108098,False,False
2635042,0028 - Heico - Sigma - 9.avi,False,False,object_aggregation,binary,0.1661535073108098,False,True
2635762,0028 - Heico - Sigma - 9.avi,False,False,object_aggregation,binary,0.1661535073108098,False,True
2650843,0028 - Heico - Sigma - 9.avi,False,False,object_aggregation,binary,0.1661535073108098,False,True
2651167,0028 - Heico - Sigma - 9.avi,False,False,object_aggregation,binary,0.1661535073108098,False,True
2604632,0028 - Heico - Sigma - 9.avi,False,False,object_identification,fo_class,0.1661535073108098,False,True
2604725,0028 - Heico - Sigma - 9.avi,False,False,object_identification,fo_class,0.1661535073108098,False,False
2615917,0028 - Heico - Sigma - 9.avi,False,False,object_identification,fo_class,0.1661535073108098,False,True
2615920,0028 - Heico - Sigma - 9.avi,False,False,object_identification,fo_class,0.1661535073108098,False,False
2615460,0028 - Heico - Sigma - 9.avi,False,False,object_identification,fo_class,0.1661535073108098,False,True
2618370,0028 - Heico - Sigma - 9.avi,False,False,object_identification,fo_class,0.1661535073108098,False,True
2618580,0028 - Heico - Sigma - 9.avi,False,False,object_identification,fo_class,0.1661535073108098,False,False
2618343,0028 - Heico - Sigma - 9.avi,False,False,object_identification,fo_class,0.1661535073108098,False,True
2618375,0028 - Heico - Sigma - 9.avi,False,False,object_identification,fo_class,0.1661535073108098,False,False
2618403,0028 - Heico - Sigma - 9.avi,False,False,object_identification,fo_class,0.1661535073108098,False,False
2657434,0028 - Heico - Sigma - 9.avi,False,False,object_identification,fo_class,0.1661535073108098,False,True
2657446,0028 - Heico - Sigma - 9.avi,False,False,object_identification,fo_class,0.1661535073108098,False,False
2657598,0028 - Heico - Sigma - 9.avi,False,False,object_identification,fo_class,0.1661535073108098,False,False
2657708,0028 - Heico - Sigma - 9.avi,False,False,object_identification,fo_class,0.178046170341986,False,False
2681412,0028 - Heico - Sigma - 9.avi,False,False,object_identification,open_ended,0.178046170341986,False,True
2649650,0028 - Heico - Sigma - 9.avi,False,False,spatial_localization_camera,open_ended,0.178046170341986,False,True
2673211,0028 - Heico - Sigma - 9.avi,False,False,spatial_localization_camera,fo_class,0.178046170341986,False,True
2673227,0028 - Heico - Sigma - 9.avi,False,False,spatial_localization_camera,fo_class,0.178046170341986,False,True
2681389,0028 - Heico - Sigma - 9.avi,False,False,spatial_localization_camera,multiple_choice,0.178046170341986,False,True
2681918,0028 - Heico - Sigma - 9.avi,False,False,spatial_localization_situs,open_ended,0.178046170341986,False,False
2681917,0028 - Heico - Sigma - 9.avi,False,False,spatial_localization_situs,open_ended,0.178046170341986,False,False
2625411,0028 - Heico - Sigma - 9.avi,False,False,object_aggregation,number,0.178046170341986,False,False
2625550,0028 - Heico - Sigma - 9.avi,False,False,object_aggregation,number,0.178046170341986,False,False
2625457,0028 - Heico - Sigma - 9.avi,False,False,object_aggregation,number,0.178046170341986,False,False
2625437,0028 - Heico - Sigma - 9.avi,False,False,object_aggregation,number,0.178046170341986,False,False
2625533,0028 - Heico - Sigma - 9.avi,False,False,object_aggregation,number,0.178046170341986,False,False
2626027,0028 - Heico - Sigma - 9.avi,False,False,object_aggregation,number,0.178046170341986,False,True
2625991,0028 - Heico - Sigma - 9.avi,False,False,object_aggregation,number,0.178046170341986,False,False
2627500,0028 - Heico - Sigma - 9.avi,False,False,object_aggregation,number,0.178046170341986,False,True
2628230,0028 - Heico - Sigma - 9.avi,False,False,object_aggregation,number,0.178046170341986,False,True
2628048,0028 - Heico - Sigma - 9.avi,False,False,object_aggregation,number,0.178046170341986,False,True
2628123,0028 - Heico - Sigma - 9.avi,False,False,object_aggregation,number,0.178046170341986,False,False
2634943,0028 - Heico - Sigma - 9.avi,False,False,object_aggregation,binary,0.178046170341986,False,True
2635936,0028 - Heico - Sigma - 9.avi,False,False,object_aggregation,binary,0.178046170341986,False,True
2651083,0028 - Heico - Sigma - 9.avi,False,False,object_aggregation,binary,0.178046170341986,False,False
2651306,0028 - Heico - Sigma - 9.avi,False,False,object_aggregation,binary,0.178046170341986,False,True
2604707,0028 - Heico - Sigma - 9.avi,False,False,object_identification,fo_class,0.178046170341986,False,True
2604733,0028 - Heico - Sigma - 9.avi,False,False,object_identification,fo_class,0.178046170341986,False,False
2615909,0028 - Heico - Sigma - 9.avi,False,False,object_identification,fo_class,0.178046170341986,False,True
2615550,0028 - Heico - Sigma - 9.avi,False,False,object_identification,fo_class,0.178046170341986,False,True
2615448,0028 - Heico - Sigma - 9.avi,False,False,object_identification,fo_class,0.178046170341986,False,False
2618447,0028 - Heico - Sigma - 9.avi,False,False,object_identification,fo_class,0.178046170341986,False,True
2618385,0028 - Heico - Sigma - 9.avi,False,False,object_identification,fo_class,0.178046170341986,False,True
2618380,0028 - Heico - Sigma - 9.avi,False,False,object_identification,fo_class,0.178046170341986,False,True
2618494,0028 - Heico - Sigma - 9.avi,False,False,object_identification,fo_class,0.178046170341986,False,False
2618667,0028 - Heico - Sigma - 9.avi,False,False,object_identification,fo_class,0.17805896775098518,False,False
2657596,0028 - Heico - Sigma - 9.avi,False,False,object_identification,fo_class,0.17805896775098518,False,True
2657466,0028 - Heico - Sigma - 9.avi,False,False,object_identification,fo_class,0.17805896775098518,False,False
2657628,0028 - Heico - Sigma - 9.avi,False,False,object_identification,fo_class,0.17805896775098518,False,True
2657782,0028 - Heico - Sigma - 9.avi,False,False,object_identification,fo_class,0.17805896775098518,False,True
2649751,0028 - Heico - Sigma - 9.avi,False,False,spatial_localization_camera,open_ended,0.17805896775098518,False,True
2673204,0028 - Heico - Sigma - 9.avi,False,False,spatial_localization_camera,fo_class,0.17805896775098518,False,True
2673225,0028 - Heico - Sigma - 9.avi,False,False,spatial_localization_camera,fo_class,0.17805896775098518,False,True
2681391,0028 - Heico - Sigma - 9.avi,False,False,spatial_localization_camera,multiple_choice,0.17805896775098518,False,False
2681924,0028 - Heico - Sigma - 9.avi,False,False,spatial_localization_situs,open_ended,0.17805896775098518,False,False
2681925,0028 - Heico - Sigma - 9.avi,False,False,spatial_localization_situs,open_ended,0.17805896775098518,False,False
2625397,0028 - Heico - Sigma - 9.avi,False,False,object_aggregation,number,0.17805896775098518,False,True
2625734,0028 - Heico - Sigma - 9.avi,False,False,object_aggregation,number,0.17805896775098518,False,False
2625636,0028 - Heico - Sigma - 9.avi,False,False,object_aggregation,number,0.17805896775098518,False,False
2625517,0028 - Heico - Sigma - 9.avi,False,False,object_aggregation,number,0.17805896775098518,False,False
2625676,0028 - Heico - Sigma - 9.avi,False,False,object_aggregation,number,0.17805896775098518,False,False
2626178,0028 - Heico - Sigma - 9.avi,False,False,object_aggregation,number,0.17805896775098518,False,True
2625995,0028 - Heico - Sigma - 9.avi,False,False,object_aggregation,number,0.17805896775098518,False,True
2627374,0028 - Heico - Sigma - 9.avi,False,False,object_aggregation,number,0.17805896775098518,False,True
2628410,0028 - Heico - Sigma - 9.avi,False,False,object_aggregation,number,0.17805896775098518,False,False
2628066,0028 - Heico - Sigma - 9.avi,False,False,object_aggregation,number,0.17805896775098518,False,False
2628128,0028 - Heico - Sigma - 9.avi,False,False,object_aggregation,number,0.17805896775098518,False,False
2634966,0028 - Heico - Sigma - 9.avi,False,False,object_aggregation,binary,0.17805896775098518,False,True
2635893,0028 - Heico - Sigma - 9.avi,False,False,object_aggregation,binary,0.17805896775098518,False,True
2651279,0028 - Heico - Sigma - 9.avi,False,False,object_aggregation,binary,0.17805896775098518,False,True
2651085,0028 - Heico - Sigma - 9.avi,False,False,object_aggregation,binary,0.17805896775098518,False,True
2604737,0028 - Heico - Sigma - 9.avi,False,False,object_identification,fo_class,0.17805896775098518,False,True
2604724,0028 - Heico - Sigma - 9.avi,False,False,object_identification,fo_class,0.17805896775098518,False,False
2615727,0028 - Heico - Sigma - 9.avi,False,False,object_identification,fo_class,0.17805896775098518,False,True
2615828,0028 - Heico - Sigma - 9.avi,False,False,object_identification,fo_class,0.17805896775098518,False,False
2615872,0028 - Heico - Sigma - 9.avi,False,False,object_identification,fo_class,0.17805896775098518,False,True
2618386,0028 - Heico - Sigma - 9.avi,False,False,object_identification,fo_class,0.17805896775098518,False,True
2618455,0028 - Heico - Sigma - 9.avi,False,False,object_identification,fo_class,0.1780808557778073,False,False
2618358,0028 - Heico - Sigma - 9.avi,False,False,object_identification,fo_class,0.1780808557778073,False,True
2618283,0028 - Heico - Sigma - 9.avi,False,False,object_identification,fo_class,0.1780808557778073,False,True
2657592,0028 - Heico - Sigma - 9.avi,False,False,object_identification,fo_class,0.1780808557778073,False,True
2657676,0028 - Heico - Sigma - 9.avi,False,False,object_identification,fo_class,0.1780808557778073,False,True
2657623,0028 - Heico - Sigma - 9.avi,False,False,object_identification,fo_class,0.1780808557778073,False,True
2657498,0028 - Heico - Sigma - 9.avi,False,False,object_identification,fo_class,0.1780808557778073,False,True
2649707,0028 - Heico - Sigma - 9.avi,False,False,spatial_localization_camera,open_ended,0.1780808557778073,False,True
2673213,0028 - Heico - Sigma - 9.avi,False,False,spatial_localization_camera,fo_class,0.1780808557778073,False,True
2673228,0028 - Heico - Sigma - 9.avi,False,False,spatial_localization_camera,fo_class,0.1780808557778073,False,True
2681392,0028 - Heico - Sigma - 9.avi,False,False,spatial_localization_camera,multiple_choice,0.1780808557778073,False,True
2681928,0028 - Heico - Sigma - 9.avi,False,False,spatial_localization_situs,open_ended,0.1780808557778073,False,False
2681929,0028 - Heico - Sigma - 9.avi,False,False,spatial_localization_situs,open_ended,0.1780808557778073,False,False
2625391,0028 - Heico - Sigma - 9.avi,False,False,object_aggregation,number,0.1780808557778073,False,True
2625511,0028 - Heico - Sigma - 9.avi,False,False,object_aggregation,number,0.1780808557778073,False,False
2625373,0028 - Heico - Sigma - 9.avi,False,False,object_aggregation,number,0.1780808557778073,False,True
2625756,0028 - Heico - Sigma - 9.avi,False,False,object_aggregation,number,0.1780808557778073,False,False
2626235,0028 - Heico - Sigma - 9.avi,False,False,object_aggregation,number,0.1780808557778073,False,True
2626163,0028 - Heico - Sigma - 9.avi,False,False,object_aggregation,number,0.1780808557778073,False,True
2627153,0028 - Heico - Sigma - 9.avi,False,False,object_aggregation,number,0.1780808557778073,False,True
2628014,0028 - Heico - Sigma - 9.avi,False,False,object_aggregation,number,0.1780808557778073,False,True
2628060,0028 - Heico - Sigma - 9.avi,False,False,object_aggregation,number,0.1780808557778073,False,False
2628095,0028 - Heico - Sigma - 9.avi,False,False,object_aggregation,number,0.1780808557778073,False,False
2634808,0028 - Heico - Sigma - 9.avi,False,False,object_aggregation,binary,0.1780808557778073,False,True
2635509,0028 - Heico - Sigma - 9.avi,False,False,object_aggregation,binary,0.1780808557778073,False,False
2651304,0028 - Heico - Sigma - 9.avi,False,False,object_aggregation,binary,0.1780808557778073,False,False
2651202,0028 - Heico - Sigma - 9.avi,False,False,object_aggregation,binary,0.1780808557778073,False,False
2604346,0028 - Heico - Sigma - 9.avi,False,False,object_identification,fo_class,0.1780808557778073,False,True
2604726,0028 - Heico - Sigma - 9.avi,False,False,object_identification,fo_class,0.1780808557778073,False,False
2615891,0028 - Heico - Sigma - 9.avi,False,False,object_identification,fo_class,0.1780808557778073,False,True
2615752,0028 - Heico - Sigma - 9.avi,False,False,object_identification,fo_class,0.1780808557778073,False,False
2615868,0028 - Heico - Sigma - 9.avi,False,False,object_identification,fo_class,0.1780808557778073,False,True
2618587,0028 - Heico - Sigma - 9.avi,False,False,object_identification,fo_class,0.17805077728189644,False,True
2618610,0028 - Heico - Sigma - 9.avi,False,False,object_identification,fo_class,0.17805077728189644,False,False
2618254,0028 - Heico - Sigma - 9.avi,False,False,object_identification,fo_class,0.17805077728189644,False,True
2618342,0028 - Heico - Sigma - 9.avi,False,False,object_identification,fo_class,0.17805077728189644,False,True
2657591,0028 - Heico - Sigma - 9.avi,False,False,object_identification,fo_class,0.17805077728189644,False,True
2657455,0028 - Heico - Sigma - 9.avi,False,False,object_identification,fo_class,0.17805077728189644,False,False
2657467,0028 - Heico - Sigma - 9.avi,False,False,object_identification,fo_class,0.17805077728189644,False,True
2649752,0028 - Heico - Sigma - 9.avi,False,False,spatial_localization_camera,open_ended,0.17805077728189644,False,False
2673214,0028 - Heico - Sigma - 9.avi,False,False,spatial_localization_camera,fo_class,0.17805077728189644,False,True
2673231,0028 - Heico - Sigma - 9.avi,False,False,spatial_localization_camera,fo_class,0.17805077728189644,False,False
2681388,0028 - Heico - Sigma - 9.avi,False,False,spatial_localization_camera,multiple_choice,0.17805077728189644,False,False
2681932,0028 - Heico - Sigma - 9.avi,False,False,spatial_localization_situs,open_ended,0.17805077728189644,False,False
2681937,0028 - Heico - Sigma - 9.avi,False,False,spatial_localization_situs,open_ended,0.17805077728189644,False,False
2625472,0028 - Heico - Sigma - 9.avi,False,False,object_aggregation,number,0.17805077728189644,False,True
2625410,0028 - Heico - Sigma - 9.avi,False,False,object_aggregation,number,0.17805077728189644,False,False
2625532,0028 - Heico - Sigma - 9.avi,False,False,object_aggregation,number,0.17805077728189644,False,False
2625695,0028 - Heico - Sigma - 9.avi,False,False,object_aggregation,number,0.17805077728189644,False,False
2626035,0028 - Heico - Sigma - 9.avi,False,False,object_aggregation,number,0.17805077728189644,False,True
2626023,0028 - Heico - Sigma - 9.avi,False,False,object_aggregation,number,0.17805077728189644,False,True
2627537,0028 - Heico - Sigma - 9.avi,False,False,object_aggregation,number,0.17805077728189644,False,True
2628322,0028 - Heico - Sigma - 9.avi,False,False,object_aggregation,number,0.17805077728189644,False,True
2628116,0028 - Heico - Sigma - 9.avi,False,False,object_aggregation,number,0.17805077728189644,False,False
2628090,0028 - Heico - Sigma - 9.avi,False,False,object_aggregation,number,0.17805077728189644,False,False
2635024,0028 - Heico - Sigma - 9.avi,False,False,object_aggregation,binary,0.17805077728189644,False,True
2635918,0028 - Heico - Sigma - 9.avi,False,False,object_aggregation,binary,0.17805077728189644,False,True
2650849,0028 - Heico - Sigma - 9.avi,False,False,object_aggregation,binary,0.17805077728189644,False,True
2651229,0028 - Heico - Sigma - 9.avi,False,False,object_aggregation,binary,0.17805077728189644,False,True
2604513,0028 - Heico - Sigma - 9.avi,False,False,object_identification,fo_class,0.17805077728189644,False,True
2604727,0028 - Heico - Sigma - 9.avi,False,False,object_identification,fo_class,0.17805077728189644,False,False
2615795,0028 - Heico - Sigma - 9.avi,False,False,object_identification,fo_class,0.17805077728189644,False,False
2615820,0028 - Heico - Sigma - 9.avi,False,False,object_identification,fo_class,0.17805077728189644,False,True
2618333,0028 - Heico - Sigma - 9.avi,False,False,object_identification,fo_class,0.17805077728189644,False,True
2618472,0028 - Heico - Sigma - 9.avi,False,False,object_identification,fo_class,0.17803293127872166,False,True
2618434,0028 - Heico - Sigma - 9.avi,False,False,object_identification,fo_class,0.17803293127872166,False,False
2618706,0028 - Heico - Sigma - 9.avi,False,False,object_identification,fo_class,0.17803293127872166,False,False
2657517,0028 - Heico - Sigma - 9.avi,False,False,object_identification,fo_class,0.17803293127872166,False,True
2657652,0028 - Heico - Sigma - 9.avi,False,False,object_identification,fo_class,0.17803293127872166,False,False
2657860,0028 - Heico - Sigma - 9.avi,False,False,object_identification,fo_class,0.17803293127872166,False,True
2649576,0028 - Heico - Sigma - 9.avi,False,False,spatial_localization_camera,open_ended,0.17803293127872166,False,True
2673215,0028 - Heico - Sigma - 9.avi,False,False,spatial_localization_camera,fo_class,0.17803293127872166,False,True
2673223,0028 - Heico - Sigma - 9.avi,False,False,spatial_localization_camera,fo_class,0.17803293127872166,False,True
2681940,0028 - Heico - Sigma - 9.avi,False,False,spatial_localization_situs,open_ended,0.17803293127872166,False,False
2681915,0028 - Heico - Sigma - 9.avi,False,False,spatial_localization_situs,open_ended,0.17803293127872166,False,False
2625387,0028 - Heico - Sigma - 9.avi,False,False,object_aggregation,number,0.17803293127872166,False,True
2625465,0028 - Heico - Sigma - 9.avi,False,False,object_aggregation,number,0.17803293127872166,False,False
2625466,0028 - Heico - Sigma - 9.avi,False,False,object_aggregation,number,0.17803293127872166,False,False
2625515,0028 - Heico - Sigma - 9.avi,False,False,object_aggregation,number,0.17803293127872166,False,True
2625828,0028 - Heico - Sigma - 9.avi,False,False,object_aggregation,number,0.17803293127872166,False,False
2626257,0028 - Heico - Sigma - 9.avi,False,False,object_aggregation,number,0.17803293127872166,False,False
2627309,0028 - Heico - Sigma - 9.avi,False,False,object_aggregation,number,0.17803293127872166,False,True
2628411,0028 - Heico - Sigma - 9.avi,False,False,object_aggregation,number,0.17803293127872166,False,False
2628051,0028 - Heico - Sigma - 9.avi,False,False,object_aggregation,number,0.17803293127872166,False,True
2628115,0028 - Heico - Sigma - 9.avi,False,False,object_aggregation,number,0.17803293127872166,False,False
2635411,0028 - Heico - Sigma - 9.avi,False,False,object_aggregation,binary,0.17803293127872166,False,True
2636026,0028 - Heico - Sigma - 9.avi,False,False,object_aggregation,binary,0.17803293127872166,False,True
2650903,0028 - Heico - Sigma - 9.avi,False,False,object_aggregation,binary,0.17803293127872166,False,True
2650913,0028 - Heico - Sigma - 9.avi,False,False,object_aggregation,binary,0.17803293127872166,False,True
2604679,0028 - Heico - Sigma - 9.avi,False,False,object_identification,fo_class,0.17803293127872166,False,True
2604734,0028 - Heico - Sigma - 9.avi,False,False,object_identification,fo_class,0.17803293127872166,False,False
2615638,0028 - Heico - Sigma - 9.avi,False,False,object_identification,fo_class,0.17803293127872166,False,False
2615854,0028 - Heico - Sigma - 9.avi,False,False,object_identification,fo_class,0.17803293127872166,False,True
2618647,0028 - Heico - Sigma - 9.avi,False,False,object_identification,fo_class,0.17803293127872166,False,False
2618371,0028 - Heico - Sigma - 9.avi,False,False,object_identification,fo_class,0.17803293127872166,False,True
2618736,0028 - Heico - Sigma - 9.avi,False,False,object_identification,fo_class,0.17803293127872166,False,False
2618415,0028 - Heico - Sigma - 9.avi,False,False,object_identification,fo_class,0.1780264327826444,False,False
2657506,0028 - Heico - Sigma - 9.avi,False,False,object_identification,fo_class,0.1780264327826444,False,True
2657651,0028 - Heico - Sigma - 9.avi,False,False,object_identification,fo_class,0.1780264327826444,False,False
2657581,0028 - Heico - Sigma - 9.avi,False,False,object_identification,fo_class,0.1780264327826444,False,False
2649406,0028 - Heico - Sigma - 9.avi,False,False,spatial_localization_camera,open_ended,0.1780264327826444,False,False
2673209,0028 - Heico - Sigma - 9.avi,False,False,spatial_localization_camera,fo_class,0.1780264327826444,False,True
2673226,0028 - Heico - Sigma - 9.avi,False,False,spatial_localization_camera,fo_class,0.1780264327826444,False,True
2681943,0028 - Heico - Sigma - 9.avi,False,False,spatial_localization_situs,open_ended,0.1780264327826444,False,True
2681919,0028 - Heico - Sigma - 9.avi,False,False,spatial_localization_situs,open_ended,0.1780264327826444,False,True
2625742,0028 - Heico - Sigma - 9.avi,False,False,object_aggregation,number,0.1780264327826444,False,False
2625544,0028 - Heico - Sigma - 9.avi,False,False,object_aggregation,number,0.1780264327826444,False,False
2625670,0028 - Heico - Sigma - 9.avi,False,False,object_aggregation,number,0.1780264327826444,False,True
2625701,0028 - Heico - Sigma - 9.avi,False,False,object_aggregation,number,0.1780264327826444,False,False
2625853,0028 - Heico - Sigma - 9.avi,False,False,object_aggregation,number,0.1780264327826444,False,True
2626033,0028 - Heico - Sigma - 9.avi,False,False,object_aggregation,number,0.1780264327826444,False,False
2627433,0028 - Heico - Sigma - 9.avi,False,False,object_aggregation,number,0.1780264327826444,False,True
2628013,0028 - Heico - Sigma - 9.avi,False,False,object_aggregation,number,0.1780264327826444,False,True
2628035,0028 - Heico - Sigma - 9.avi,False,False,object_aggregation,number,0.1780264327826444,False,True
2628137,0028 - Heico - Sigma - 9.avi,False,False,object_aggregation,number,0.1780264327826444,False,False
2635156,0028 - Heico - Sigma - 9.avi,False,False,object_aggregation,binary,0.1780264327826444,False,True
2636035,0028 - Heico - Sigma - 9.avi,False,False,object_aggregation,binary,0.1780264327826444,False,True
2651284,0028 - Heico - Sigma - 9.avi,False,False,object_aggregation,binary,0.1780264327826444,False,True
2651185,0028 - Heico - Sigma - 9.avi,False,False,object_aggregation,binary,0.1780264327826444,False,True
2604738,0028 - Heico - Sigma - 9.avi,False,False,object_identification,fo_class,0.1780264327826444,False,True
2604728,0028 - Heico - Sigma - 9.avi,False,False,object_identification,fo_class,0.1780264327826444,False,False
2615928,0028 - Heico - Sigma - 9.avi,False,False,object_identification,fo_class,0.1780264327826444,False,True
2615906,0028 - Heico - Sigma - 9.avi,False,False,object_identification,fo_class,0.1780264327826444,False,True
2618348,0028 - Heico - Sigma - 9.avi,False,False,object_identification,fo_class,0.1780264327826444,False,True
2618493,0028 - Heico - Sigma - 9.avi,False,False,object_identification,fo_class,0.1780264327826444,False,False
2618414,0028 - Heico - Sigma - 9.avi,False,False,object_identification,fo_class,0.1780264327826444,False,True
2657626,0028 - Heico - Sigma - 9.avi,False,False,object_identification,fo_class,0.1780264327826444,False,False
2657573,0028 - Heico - Sigma - 9.avi,False,False,object_identification,fo_class,0.1780264327826444,False,False
2649808,0028 - Heico - Sigma - 9.avi,False,False,spatial_localization_camera,open_ended,0.17807312362492667,False,True
2673208,0028 - Heico - Sigma - 9.avi,False,False,spatial_localization_camera,fo_class,0.17807312362492667,False,True
2673229,0028 - Heico - Sigma - 9.avi,False,False,spatial_localization_camera,fo_class,0.17807312362492667,False,True
2681913,0028 - Heico - Sigma - 9.avi,False,False,spatial_localization_situs,open_ended,0.17807312362492667,False,True
2681923,0028 - Heico - Sigma - 9.avi,False,False,spatial_localization_situs,open_ended,0.17807312362492667,False,False
2625338,0028 - Heico - Sigma - 9.avi,False,False,object_aggregation,number,0.17807312362492667,False,True
2625518,0028 - Heico - Sigma - 9.avi,False,False,object_aggregation,number,0.17807312362492667,False,False
2625326,0028 - Heico - Sigma - 9.avi,False,False,object_aggregation,number,0.17807312362492667,False,False
2625706,0028 - Heico - Sigma - 9.avi,False,False,object_aggregation,number,0.17807312362492667,False,False
2625943,0028 - Heico - Sigma - 9.avi,False,False,object_aggregation,number,0.17807312362492667,False,True
2625898,0028 - Heico - Sigma - 9.avi,False,False,object_aggregation,number,0.17807312362492667,False,True
2628396,0028 - Heico - Sigma - 9.avi,False,False,object_aggregation,number,0.17807312362492667,False,True
2628236,0028 - Heico - Sigma - 9.avi,False,False,object_aggregation,number,0.17807312362492667,False,True
2628062,0028 - Heico - Sigma - 9.avi,False,False,object_aggregation,number,0.17807312362492667,False,True
2628119,0028 - Heico - Sigma - 9.avi,False,False,object_aggregation,number,0.17807312362492667,False,True
2634917,0028 - Heico - Sigma - 9.avi,False,False,object_aggregation,binary,0.17807312362492667,False,True
2635935,0028 - Heico - Sigma - 9.avi,False,False,object_aggregation,binary,0.17807312362492667,False,True
2651299,0028 - Heico - Sigma - 9.avi,False,False,object_aggregation,binary,0.17807312362492667,False,True
2651217,0028 - Heico - Sigma - 9.avi,False,False,object_aggregation,binary,0.17807312362492667,False,True
2604353,0028 - Heico - Sigma - 9.avi,False,False,object_identification,fo_class,0.17807312362492667,False,True
2604732,0028 - Heico - Sigma - 9.avi,False,False,object_identification,fo_class,0.17807312362492667,False,False
2615592,0028 - Heico - Sigma - 9.avi,False,False,object_identification,fo_class,0.17807312362492667,False,True
2615514,0028 - Heico - Sigma - 9.avi,False,False,object_identification,fo_class,0.17807312362492667,False,True
2618391,0028 - Heico - Sigma - 9.avi,False,False,object_identification,fo_class,0.17807312362492667,False,True
2618355,0028 - Heico - Sigma - 9.avi,False,False,object_identification,fo_class,0.17807312362492667,False,True
2618407,0028 - Heico - Sigma - 9.avi,False,False,object_identification,fo_class,0.17807312362492667,False,True
2657615,0028 - Heico - Sigma - 9.avi,False,False,object_identification,fo_class,0.17807312362492667,False,False
2657485,0028 - Heico - Sigma - 9.avi,False,False,object_identification,fo_class,0.17807312362492667,False,True
2649480,0028 - Heico - Sigma - 9.avi,False,False,spatial_localization_camera,open_ended,0.17807312362492667,False,False
2673219,0028 - Heico - Sigma - 9.avi,False,False,spatial_localization_camera,fo_class,0.17807312362492667,False,True
2673230,0028 - Heico - Sigma - 9.avi,False,False,spatial_localization_camera,fo_class,0.17807312362492667,False,True
2681916,0028 - Heico - Sigma - 9.avi,False,False,spatial_localization_situs,open_ended,0.17807312362492667,False,False
2681930,0028 - Heico - Sigma - 9.avi,False,False,spatial_localization_situs,open_ended,0.17802496671720291,False,False
2625554,0028 - Heico - Sigma - 9.avi,False,False,object_aggregation,number,0.17802496671720291,False,True
2625719,0028 - Heico - Sigma - 9.avi,False,False,object_aggregation,number,0.17802496671720291,False,False
2625461,0028 - Heico - Sigma - 9.avi,False,False,object_aggregation,number,0.17802496671720291,False,False
2625525,0028 - Heico - Sigma - 9.avi,False,False,object_aggregation,number,0.17802496671720291,False,False
2625865,0028 - Heico - Sigma - 9.avi,False,False,object_aggregation,number,0.17802496671720291,False,True
2625817,0028 - Heico - Sigma - 9.avi,False,False,object_aggregation,number,0.17802496671720291,False,False
2627838,0028 - Heico - Sigma - 9.avi,False,False,object_aggregation,number,0.17802496671720291,False,True
2628412,0028 - Heico - Sigma - 9.avi,False,False,object_aggregation,number,0.17802496671720291,False,False
2628100,0028 - Heico - Sigma - 9.avi,False,False,object_aggregation,number,0.17802496671720291,False,False
2628084,0028 - Heico - Sigma - 9.avi,False,False,object_aggregation,number,0.17802496671720291,False,True
2636068,0028 - Heico - Sigma - 9.avi,False,False,object_aggregation,binary,0.17802496671720291,False,False
2635955,0028 - Heico - Sigma - 9.avi,False,False,object_aggregation,binary,0.17802496671720291,False,True
2650844,0028 - Heico - Sigma - 9.avi,False,False,object_aggregation,binary,0.17802496671720291,False,True
2651225,0028 - Heico - Sigma - 9.avi,False,False,object_aggregation,binary,0.17802496671720291,False,True
2604605,0028 - Heico - Sigma - 9.avi,False,False,object_identification,fo_class,0.17802496671720291,False,True
2604731,0028 - Heico - Sigma - 9.avi,False,False,object_identification,fo_class,0.17802496671720291,False,False
2615580,0028 - Heico - Sigma - 9.avi,False,False,object_identification,fo_class,0.17802496671720291,False,False
2615818,0028 - Heico - Sigma - 9.avi,False,False,object_identification,fo_class,0.17802496671720291,False,True
2618590,0028 - Heico - Sigma - 9.avi,False,False,object_identification,fo_class,0.17802496671720291,False,False
2618631,0028 - Heico - Sigma - 9.avi,False,False,object_identification,fo_class,0.17802496671720291,False,False
2618483,0028 - Heico - Sigma - 9.avi,False,False,object_identification,fo_class,0.17802496671720291,False,False
2657620,0028 - Heico - Sigma - 9.avi,False,False,object_identification,fo_class,0.17802496671720291,False,True
2657636,0028 - Heico - Sigma - 9.avi,False,False,object_identification,fo_class,0.17802496671720291,False,True
2649485,0028 - Heico - Sigma - 9.avi,False,False,spatial_localization_camera,open_ended,0.17802496671720291,False,True
2673210,0028 - Heico - Sigma - 9.avi,False,False,spatial_localization_camera,fo_class,0.17802496671720291,False,True
2673224,0028 - Heico - Sigma - 9.avi,False,False,spatial_localization_camera,fo_class,0.17802496671720291,False,True
2681926,0028 - Heico - Sigma - 9.avi,False,False,spatial_localization_situs,open_ended,0.17802496671720291,False,False
2681933,0028 - Heico - Sigma - 9.avi,False,False,spatial_localization_situs,open_ended,0.17802496671720291,False,False
2625562,0028 - Heico - Sigma - 9.avi,False,False,object_aggregation,number,0.17802496671720291,False,True
2625436,0028 - Heico - Sigma - 9.avi,False,False,object_aggregation,number,0.17802496671720291,False,False
2625561,0028 - Heico - Sigma - 9.avi,False,False,object_aggregation,number,0.17802496671720291,False,False
2625708,0028 - Heico - Sigma - 9.avi,False,False,object_aggregation,number,0.17799670165550197,False,True
2626103,0028 - Heico - Sigma - 9.avi,False,False,object_aggregation,number,0.17799670165550197,False,True
2626108,0028 - Heico - Sigma - 9.avi,False,False,object_aggregation,number,0.17799670165550197,False,True
2627190,0028 - Heico - Sigma - 9.avi,False,False,object_aggregation,number,0.17799670165550197,False,True
2628012,0028 - Heico - Sigma - 9.avi,False,False,object_aggregation,number,0.17799670165550197,False,False
2628038,0028 - Heico - Sigma - 9.avi,False,False,object_aggregation,number,0.17799670165550197,False,True
2628094,0028 - Heico - Sigma - 9.avi,False,False,object_aggregation,number,0.17799670165550197,False,False
2634801,0028 - Heico - Sigma - 9.avi,False,False,object_aggregation,binary,0.17799670165550197,False,True
2635881,0028 - Heico - Sigma - 9.avi,False,False,object_aggregation,binary,0.17799670165550197,False,True
2650879,0028 - Heico - Sigma - 9.avi,False,False,object_aggregation,binary,0.17799670165550197,False,True
2651238,0028 - Heico - Sigma - 9.avi,False,False,object_aggregation,binary,0.17799670165550197,False,True
2604672,0028 - Heico - Sigma - 9.avi,False,False,object_identification,fo_class,0.17799670165550197,False,True
2604735,0028 - Heico - Sigma - 9.avi,False,False,object_identification,fo_class,0.17799670165550197,False,False
2615915,0028 - Heico - Sigma - 9.avi,False,False,object_identification,fo_class,0.17799670165550197,False,False
2615813,0028 - Heico - Sigma - 9.avi,False,False,object_identification,fo_class,0.17799670165550197,False,False
2618668,0028 - Heico - Sigma - 9.avi,False,False,object_identification,fo_class,0.17799670165550197,False,True
2618327,0028 - Heico - Sigma - 9.avi,False,False,object_identification,fo_class,0.17799670165550197,False,True
2618500,0028 - Heico - Sigma - 9.avi,False,False,object_identification,fo_class,0.17799670165550197,False,False
2657630,0028 - Heico - Sigma - 9.avi,False,False,object_identification,fo_class,0.17799670165550197,False,False
2657547,0028 - Heico - Sigma - 9.avi,False,False,object_identification,fo_class,0.17799670165550197,False,True
2649674,0028 - Heico - Sigma - 9.avi,False,False,spatial_localization_camera,open_ended,0.17799670165550197,False,False
2673212,0028 - Heico - Sigma - 9.avi,False,False,spatial_localization_camera,fo_class,0.17799670165550197,False,True
2673222,0028 - Heico - Sigma - 9.avi,False,False,spatial_localization_camera,fo_class,0.17799670165550197,False,True
2681927,0028 - Heico - Sigma - 9.avi,False,False,spatial_localization_situs,open_ended,0.17799670165550197,False,False
2681935,0028 - Heico - Sigma - 9.avi,False,False,spatial_localization_situs,open_ended,0.17799670165550197,False,False
2625709,0028 - Heico - Sigma - 9.avi,False,False,object_aggregation,number,0.17799670165550197,False,True
2625463,0028 - Heico - Sigma - 9.avi,False,False,object_aggregation,number,0.17799670165550197,False,False
2625424,0028 - Heico - Sigma - 9.avi,False,False,object_aggregation,number,0.17799670165550197,False,False
2626124,0028 - Heico - Sigma - 9.avi,False,False,object_aggregation,number,0.17799670165550197,False,True
2626171,0028 - Heico - Sigma - 9.avi,False,False,object_aggregation,number,0.17799670165550197,False,False
2627549,0028 - Heico - Sigma - 9.avi,False,False,object_aggregation,number,0.17799670165550197,False,True
2628321,0028 - Heico - Sigma - 9.avi,False,False,object_aggregation,number,0.17799670165550197,False,True
2628118,0028 - Heico - Sigma - 9.avi,False,False,object_aggregation,number,0.17802937187661882,False,False
2628087,0028 - Heico - Sigma - 9.avi,False,False,object_aggregation,number,0.17802937187661882,False,False
2636065,0028 - Heico - Sigma - 9.avi,False,False,object_aggregation,binary,0.17802937187661882,False,True
2636134,0028 - Heico - Sigma - 9.avi,False,False,object_aggregation,binary,0.17802937187661882,False,False
2651245,0028 - Heico - Sigma - 9.avi,False,False,object_aggregation,binary,0.17802937187661882,False,True
2651090,0028 - Heico - Sigma - 9.avi,False,False,object_aggregation,binary,0.17802937187661882,False,True
2604354,0028 - Heico - Sigma - 9.avi,False,False,object_identification,fo_class,0.17802937187661882,False,True
2604736,0028 - Heico - Sigma - 9.avi,False,False,object_identification,fo_class,0.17802937187661882,False,False
2615594,0028 - Heico - Sigma - 9.avi,False,False,object_identification,fo_class,0.17802937187661882,False,False
2615899,0028 - Heico - Sigma - 9.avi,False,False,object_identification,fo_class,0.17802937187661882,False,True
2618709,0028 - Heico - Sigma - 9.avi,False,False,object_identification,fo_class,0.17802937187661882,False,False
2618309,0028 - Heico - Sigma - 9.avi,False,False,object_identification,fo_class,0.17802937187661882,False,True
2618366,0028 - Heico - Sigma - 9.avi,False,False,object_identification,fo_class,0.17802937187661882,False,False
2657616,0028 - Heico - Sigma - 9.avi,False,False,object_identification,fo_class,0.17802937187661882,False,False
2657811,0028 - Heico - Sigma - 9.avi,False,False,object_identification,fo_class,0.17802937187661882,False,True
2649765,0028 - Heico - Sigma - 9.avi,False,False,spatial_localization_camera,open_ended,0.17802937187661882,False,False
2673218,0028 - Heico - Sigma - 9.avi,False,False,spatial_localization_camera,fo_class,0.17802937187661882,False,True
2681936,0028 - Heico - Sigma - 9.avi,False,False,spatial_localization_situs,open_ended,0.17802937187661882,False,True
2625769,0028 - Heico - Sigma - 9.avi,False,False,object_aggregation,number,0.17802937187661882,False,True
2625339,0028 - Heico - Sigma - 9.avi,False,False,object_aggregation,number,0.17802937187661882,False,True
2625543,0028 - Heico - Sigma - 9.avi,False,False,object_aggregation,number,0.17802937187661882,False,False
2626000,0028 - Heico - Sigma - 9.avi,False,False,object_aggregation,number,0.17802937187661882,False,False
2626067,0028 - Heico - Sigma - 9.avi,False,False,object_aggregation,number,0.17802937187661882,False,True
2627170,0028 - Heico - Sigma - 9.avi,False,False,object_aggregation,number,0.17802937187661882,False,True
2628235,0028 - Heico - Sigma - 9.avi,False,False,object_aggregation,number,0.17802937187661882,False,False
2628059,0028 - Heico - Sigma - 9.avi,False,False,object_aggregation,number,0.17802937187661882,False,True
2628091,0028 - Heico - Sigma - 9.avi,False,False,object_aggregation,number,0.17802937187661882,False,True
2635711,0028 - Heico - Sigma - 9.avi,False,False,object_aggregation,binary,0.17802937187661882,False,True
2635737,0028 - Heico - Sigma - 9.avi,False,False,object_aggregation,binary,0.17802937187661882,False,True
2651294,0028 - Heico - Sigma - 9.avi,False,False,object_aggregation,binary,0.17802937187661882,False,True
2651089,0028 - Heico - Sigma - 9.avi,False,False,object_aggregation,binary,0.17802937187661882,False,True
2604654,0028 - Heico - Sigma - 9.avi,False,False,object_identification,fo_class,0.17802937187661882,False,True
2604729,0028 - Heico - Sigma - 9.avi,False,False,object_identification,fo_class,0.17799362028381438,False,False
2615670,0028 - Heico - Sigma - 9.avi,False,False,object_identification,fo_class,0.17799362028381438,False,False
2615782,0028 - Heico - Sigma - 9.avi,False,False,object_identification,fo_class,0.17799362028381438,False,True
2618351,0028 - Heico - Sigma - 9.avi,False,False,object_identification,fo_class,0.17799362028381438,False,True
2618401,0028 - Heico - Sigma - 9.avi,False,False,object_identification,fo_class,0.17799362028381438,False,False
2618514,0028 - Heico - Sigma - 9.avi,False,False,object_identification,fo_class,0.17799362028381438,False,True
2657611,0028 - Heico - Sigma - 9.avi,False,False,object_identification,fo_class,0.17799362028381438,False,False
2657846,0028 - Heico - Sigma - 9.avi,False,False,object_identification,fo_class,0.17799362028381438,False,False
2649772,0028 - Heico - Sigma - 9.avi,False,False,spatial_localization_camera,open_ended,0.17799362028381438,False,True
2673207,0028 - Heico - Sigma - 9.avi,False,False,spatial_localization_camera,fo_class,0.17799362028381438,False,True
2681939,0028 - Heico - Sigma - 9.avi,False,False,spatial_localization_situs,open_ended,0.17799362028381438,False,True
2625502,0028 - Heico - Sigma - 9.avi,False,False,object_aggregation,number,0.17799362028381438,False,True
2625345,0028 - Heico - Sigma - 9.avi,False,False,object_aggregation,number,0.17799362028381438,False,False
2625764,0028 - Heico - Sigma - 9.avi,False,False,object_aggregation,number,0.17799362028381438,False,False
2626069,0028 - Heico - Sigma - 9.avi,False,False,object_aggregation,number,0.17799362028381438,False,False
2626253,0028 - Heico - Sigma - 9.avi,False,False,object_aggregation,number,0.17799362028381438,False,True
2627304,0028 - Heico - Sigma - 9.avi,False,False,object_aggregation,number,0.17799362028381438,False,True
2628333,0028 - Heico - Sigma - 9.avi,False,False,object_aggregation,number,0.17799362028381438,False,True
2628036,0028 - Heico - Sigma - 9.avi,False,False,object_aggregation,number,0.17799362028381438,False,True
2628121,0028 - Heico - Sigma - 9.avi,False,False,object_aggregation,number,0.17799362028381438,False,False
2635267,0028 - Heico - Sigma - 9.avi,False,False,object_aggregation,binary,0.17799362028381438,False,True
2635972,0028 - Heico - Sigma - 9.avi,False,False,object_aggregation,binary,0.17799362028381438,False,False
2650851,0028 - Heico - Sigma - 9.avi,False,False,object_aggregation,binary,0.17799362028381438,False,True
2650936,0028 - Heico - Sigma - 9.avi,False,False,object_aggregation,binary,0.17799362028381438,False,True
2604718,0028 - Heico - Sigma - 9.avi,False,False,object_identification,fo_class,0.17799362028381438,False,True
2682601,0028 - Heico - Sigma - 9.avi,False,False,spatial_localization_situs,open_ended,0.17799362028381438,False,False
2682602,0028 - Heico - Sigma - 9.avi,False,False,spatial_localization_situs,open_ended,0.17799362028381438,False,False
2682603,0028 - Heico - Sigma - 9.avi,False,False,spatial_localization_situs,open_ended,0.17799362028381438,False,False
2682604,0028 - Heico - Sigma - 9.avi,False,False,spatial_localization_situs,open_ended,0.17799362028381438,False,False
2682605,0028 - Heico - Sigma - 9.avi,False,False,spatial_localization_situs,open_ended,0.17799362028381438,False,False
2683728,0022 - Heico - Sigma - 3.avi,False,False,spatial_localization_camera,open_ended,0.17799362028381438,False,True
2683729,0027 - Heico - Sigma - 8.avi,False,False,object_aggregation,number,0.17799362028381438,False,True
